date,adj_close,close,high,low,open,volume,symbol
2020-01-02,67.83251190185547,68.43399810791016,68.43399810791016,67.32450103759766,67.42050170898438,27278000,GOOGL
2020-01-03,67.47766876220703,68.07599639892578,68.6875,67.36599731445312,67.4000015258789,23408000,GOOGL
2020-01-06,69.2762222290039,69.8905029296875,69.91600036621094,67.55000305175781,67.58149719238281,46768000,GOOGL
2020-01-07,69.14239501953125,69.75550079345703,70.17500305175781,69.5780029296875,70.02300262451172,34330000,GOOGL
2020-01-08,69.63453674316406,70.25199890136719,70.59249877929688,69.63150024414062,69.74099731445312,35314000,GOOGL
2020-01-09,70.36556243896484,70.989501953125,71.43399810791016,70.510498046875,71.09649658203125,33200000,GOOGL
2020-01-10,70.82001495361328,71.447998046875,71.74700164794922,70.9800033569336,71.47350311279297,26258000,GOOGL
2020-01-13,71.36865997314453,72.00150299072266,72.0739974975586,71.26850128173828,71.76249694824219,30730000,GOOGL
2020-01-14,70.90081024169922,71.52950286865234,72.13150024414062,71.38849639892578,72.0,26076000,GOOGL
2020-01-15,71.3275146484375,71.95999908447266,72.03900146484375,71.58300018310547,71.6510009765625,21550000,GOOGL
2020-01-16,71.87071990966797,72.50800323486328,72.53500366210938,72.0,72.27249908447266,26080000,GOOGL
2020-01-17,73.32579803466797,73.97599792480469,74.02749633789062,72.82749938964844,73.12699890136719,52424000,GOOGL
2020-01-21,73.46111297607422,74.11250305175781,74.49400329589844,73.510498046875,73.94999694824219,48930000,GOOGL
2020-01-22,73.54139709472656,74.19349670410156,75.02899932861328,74.13300323486328,74.48650360107422,28458000,GOOGL
2020-01-23,73.58203887939453,74.2344970703125,74.67500305175781,74.01599884033203,74.37750244140625,26650000,GOOGL
2020-01-24,72.66416931152344,73.30850219726562,74.70999908447266,73.15899658203125,74.64099884033203,29786000,GOOGL
2020-01-27,70.9572982788086,71.58650207519531,71.8290023803711,70.9749984741211,71.5770034790039,34132000,GOOGL
2020-01-28,71.8875503540039,72.5250015258789,72.73999786376953,71.51799774169922,72.08699798583984,29724000,GOOGL
2020-01-29,72.19483184814453,72.83499908447266,73.20700073242188,72.26950073242188,72.9229965209961,21566000,GOOGL
2020-01-30,72.07341003417969,72.7125015258789,72.76249694824219,71.75,71.90499877929688,27110000,GOOGL
2020-01-31,71.00934600830078,71.63899993896484,73.4834976196289,71.35299682617188,73.39299774169922,43822000,GOOGL
2020-02-03,73.47844696044922,74.12999725341797,74.31500244140625,72.83049774169922,73.0824966430664,71636000,GOOGL
2020-02-04,71.63528442382812,72.27050018310547,73.36699676513672,71.10150146484375,72.72450256347656,95880000,GOOGL
2020-02-05,71.6670150756836,72.30249786376953,73.22899627685547,71.48400115966797,73.18049621582031,36376000,GOOGL
2020-02-06,73.14987182617188,73.79850006103516,74.0780029296875,72.52400207519531,72.5989990234375,37822000,GOOGL
2020-02-07,73.30547332763672,73.95549774169922,74.26249694824219,73.27050018310547,73.36949920654297,28360000,GOOGL
2020-02-10,74.7699966430664,75.43299865722656,75.44400024414062,73.76000213623047,73.86150360107422,38302000,GOOGL
2020-02-11,74.8393783569336,75.50299835205078,76.49400329589844,75.27249908447266,75.66349792480469,34852000,GOOGL
2020-02-12,75.26412963867188,75.93150329589844,76.01499938964844,75.43350219726562,75.79299926757812,31042000,GOOGL
2020-02-13,75.00443267822266,75.66950225830078,76.29750061035156,75.19999694824219,75.5,22914000,GOOGL
2020-02-14,75.26908111572266,75.9365005493164,76.00250244140625,75.27749633789062,75.72650146484375,23198000,GOOGL
2020-02-18,75.30426025390625,75.97200012207031,76.52799987792969,75.55049896240234,75.71700286865234,25642000,GOOGL
2020-02-19,75.5733871459961,76.24349975585938,76.53700256347656,76.04900360107422,76.36000061035156,22746000,GOOGL
2020-02-20,75.1828384399414,75.84950256347656,76.35350036621094,75.21299743652344,75.95050048828125,25962000,GOOGL
2020-02-21,73.52108001708984,74.1729965209961,75.54750061035156,73.92449951171875,75.22899627685547,42520000,GOOGL
2020-02-24,70.36901092529297,70.99299621582031,71.81900024414062,70.3395004272461,71.15249633789062,49560000,GOOGL
2020-02-25,68.70675659179688,69.31600189208984,71.84249877929688,69.02100372314453,71.55000305175781,51580000,GOOGL
2020-02-26,68.91242980957031,69.52349853515625,70.68350219726562,68.82749938964844,69.7490005493164,49776000,GOOGL
2020-02-27,65.16962432861328,65.74749755859375,68.47000122070312,65.71199798583984,67.95700073242188,62290000,GOOGL
2020-02-28,66.37396240234375,66.9625015258789,67.12249755859375,63.410499572753906,63.71549987792969,80198000,GOOGL
2020-03-02,68.70675659179688,69.31600189208984,69.37349700927734,66.26000213623047,67.56950378417969,55430000,GOOGL
2020-03-03,66.2981185913086,66.88600158691406,70.40950012207031,66.46199798583984,69.88400268554688,56602000,GOOGL
2020-03-04,68.47284698486328,69.08000183105469,69.13899993896484,66.8499984741211,67.947998046875,47598000,GOOGL
2020-03-05,65.16020965576172,65.73799896240234,67.68150329589844,65.08200073242188,67.27749633789062,54380000,GOOGL
2020-03-06,64.21757507324219,64.78700256347656,65.13749694824219,62.86050033569336,63.497501373291016,64640000,GOOGL
2020-03-09,60.25520706176758,60.78950119018555,62.63650131225586,59.902000427246094,60.24800109863281,69252000,GOOGL
2020-03-10,63.19810485839844,63.75849914550781,63.79249954223633,60.72549819946289,62.71950149536133,54872000,GOOGL
2020-03-11,60.012855529785156,60.54499816894531,62.846500396728516,59.55699920654297,62.41350173950195,54732000,GOOGL
2020-03-12,55.089012145996094,55.57749938964844,59.4375,55.423500061035156,56.13100051879883,94326000,GOOGL
2020-03-13,60.179874420166016,60.7135009765625,60.720001220703125,55.614498138427734,58.7495002746582,79400000,GOOGL
2020-03-16,53.1784553527832,53.650001525878906,57.27349853515625,53.354000091552734,54.480499267578125,96520000,GOOGL
2020-03-17,55.41165542602539,55.90299987792969,56.29999923706055,52.45500183105469,54.53200149536133,83194000,GOOGL
2020-03-18,54.0799674987793,54.55950164794922,55.2495002746582,51.849998474121094,52.99700164794922,93044000,GOOGL
2020-03-19,55.0949592590332,55.583499908447266,57.63050079345703,52.77750015258789,54.4109992980957,74064000,GOOGL
2020-03-20,52.941062927246094,53.410499572753906,56.92399978637695,53.10499954223633,56.54499816894531,82878000,GOOGL
2020-03-23,52.24324417114258,52.70650100708008,53.34550094604492,50.44350051879883,52.81850051879883,83672000,GOOGL
2020-03-24,56.003902435302734,56.5004997253418,56.666500091552734,54.32149887084961,55.19900131225586,72468000,GOOGL
2020-03-25,54.59688186645508,55.08100128173828,57.30849838256836,54.1505012512207,56.229000091552734,90324000,GOOGL
2020-03-26,57.63493728637695,58.145999908447266,58.57400131225586,54.60150146484375,55.736000061035156,76562000,GOOGL
2020-03-27,55.025081634521484,55.51300048828125,57.5525016784668,55.20000076293945,56.37350082397461,62794000,GOOGL
2020-03-30,56.811737060546875,57.31549835205078,57.54999923706055,54.92449951171875,56.63199996948242,58736000,GOOGL
2020-03-31,57.58686447143555,58.09749984741211,58.66999816894531,56.83599853515625,57.436500549316406,65228000,GOOGL
2020-04-01,54.62066650390625,55.10499954223633,56.47100067138672,54.67449951171875,56.20000076293945,51970000,GOOGL
2020-04-02,55.3606071472168,55.85150146484375,56.13850021362305,54.65650177001953,55.0,56410000,GOOGL
2020-04-03,54.1547966003418,54.6349983215332,55.93949890136719,53.75400161743164,55.73550033569336,51374000,GOOGL
2020-04-06,58.639522552490234,59.15950012207031,59.537498474121094,56.25,56.650001525878906,63320000,GOOGL
2020-04-07,58.608306884765625,59.12799835205078,61.03900146484375,58.86249923706055,60.85049819946289,61620000,GOOGL
2020-04-08,59.81956481933594,60.349998474121094,60.744998931884766,59.1974983215332,60.154998779296875,40334000,GOOGL
2020-04-09,59.798248291015625,60.32849884033203,61.0994987487793,59.62099838256836,60.909000396728516,54028000,GOOGL
2020-04-13,59.98857116699219,60.52050018310547,60.72600173950195,59.11650085449219,60.07500076293945,38702000,GOOGL
2020-04-14,62.705482482910156,63.26150131225586,63.787498474121094,61.426998138427734,61.99850082397461,63358000,GOOGL
2020-04-15,62.312461853027344,62.8650016784668,63.75550079345703,61.70000076293945,62.32550048828125,42236000,GOOGL
2020-04-16,62.31890106201172,62.871498107910156,63.667999267578125,61.90999984741211,63.356998443603516,57896000,GOOGL
2020-04-17,63.38793182373047,63.95000076293945,64.5,63.29999923706055,64.08499908447266,51050000,GOOGL
2020-04-20,62.50326919555664,63.057498931884766,63.840999603271484,62.821998596191406,63.49449920654297,35292000,GOOGL
2020-04-21,60.07530212402344,60.608001708984375,62.5,60.25,62.135501861572266,49648000,GOOGL
2020-04-22,62.36747741699219,62.920501708984375,63.99399948120117,61.86000061035156,62.05550003051758,46296000,GOOGL
2020-04-23,62.9998664855957,63.55849838256836,64.40750122070312,63.0265007019043,63.2869987487793,34202000,GOOGL
2020-04-24,63.26898193359375,63.83000183105469,63.885501861572266,62.20000076293945,62.75,37402000,GOOGL
2020-04-27,62.9845085144043,63.542999267578125,64.70500183105469,63.25299835205078,64.5999984741211,44186000,GOOGL
2020-04-28,61.08782196044922,61.62950134277344,64.23799896240234,61.51900100708008,64.16000366210938,80700000,GOOGL
2020-04-29,66.51914978027344,67.10900115966797,68.00749969482422,66.33650207519531,67.25,108358000,GOOGL
2020-04-30,66.74317932128906,67.33499908447266,67.5,66.07499694824219,66.56800079345703,55842000,GOOGL
2020-05-01,65.28707885742188,65.86599731445312,67.57150268554688,65.48300170898438,66.20449829101562,48872000,GOOGL
2020-05-04,65.56362915039062,66.1449966430664,66.22350311279297,64.80049896240234,65.40650177001953,30806000,GOOGL
2020-05-05,66.85814666748047,67.45099639892578,68.55049896240234,66.75150299072266,66.875,39666000,GOOGL
2020-05-06,66.68022918701172,67.27149963378906,68.43450164794922,67.25650024414062,67.9000015258789,31732000,GOOGL
2020-05-07,67.86223602294922,68.46399688720703,68.80000305175781,67.62699890136719,68.06549835205078,30652000,GOOGL
2020-05-08,68.60863494873047,69.21700286865234,69.83200073242188,68.60050201416016,69.09100341796875,33326000,GOOGL
2020-05-11,69.56266021728516,70.17949676513672,70.77649688720703,68.7750015258789,68.8395004272461,32718000,GOOGL
2020-05-12,68.1546630859375,68.75900268554688,70.71649932861328,68.72550201416016,70.41100311279297,33918000,GOOGL
2020-05-13,66.82395935058594,67.41649627685547,69.2665023803711,66.40049743652344,68.80799865722656,40368000,GOOGL
2020-05-14,67.24671936035156,67.84300231933594,67.86849975585938,66.16500091552734,66.6760025024414,36660000,GOOGL
2020-05-15,68.0495834350586,68.65299987792969,68.72899627685547,66.94999694824219,67.41300201416016,41544000,GOOGL
2020-05-18,68.6502685546875,69.25900268554688,69.63800048828125,67.70999908447266,68.0790023803711,47094000,GOOGL
2020-05-19,68.11601257324219,68.72000122070312,69.62449645996094,68.68800354003906,69.27400207519531,31586000,GOOGL
2020-05-20,69.83872985839844,70.45800018310547,70.60150146484375,69.37100219726562,69.45800018310547,38262000,GOOGL
2020-05-21,69.71929168701172,70.3375015258789,70.822998046875,69.71949768066406,70.54949951171875,30894000,GOOGL
2020-05-22,70.04093933105469,70.66200256347656,70.8499984741211,69.79750061035156,70.19499969482422,28544000,GOOGL
2020-05-26,70.44384765625,71.06849670410156,72.25550079345703,70.97000122070312,72.0979995727539,44590000,GOOGL
2020-05-27,70.38984680175781,71.01399993896484,71.26750183105469,69.7300033569336,71.0,31684000,GOOGL
2020-05-28,70.28874206542969,70.91200256347656,72.2229995727539,69.9540023803711,70.0,35170000,GOOGL
2020-05-29,71.04602813720703,71.6760025024414,71.83650207519531,70.79900360107422,71.02149963378906,37044000,GOOGL
2020-06-01,71.1129379272461,71.74349975585938,72.0790023803711,71.11399841308594,71.28500366210938,25162000,GOOGL
2020-06-02,71.48165893554688,72.1155014038086,72.1500015258789,71.08049774169922,71.75,23442000,GOOGL
2020-06-03,71.32999420166016,71.9625015258789,72.45050048828125,71.58100128173828,72.13500213623047,27732000,GOOGL
2020-06-04,70.09345245361328,70.71499633789062,72.06600189208984,70.30049896240234,71.83899688720703,26982000,GOOGL
2020-06-05,71.36815643310547,72.0009994506836,72.31500244140625,70.38099670410156,70.78199768066406,42642000,GOOGL
2020-06-08,71.76564025878906,72.4020004272461,72.44999694824219,71.2239990234375,71.31400299072266,33878000,GOOGL
2020-06-09,71.96585845947266,72.60399627685547,73.38999938964844,72.11799621582031,72.26200103759766,33624000,GOOGL
2020-06-10,72.59131622314453,73.23500061035156,73.63849639892578,72.71800231933594,73.07550048828125,31762000,GOOGL
2020-06-11,69.47891998291016,70.09500122070312,72.58000183105469,69.92050170898438,72.05149841308594,47144000,GOOGL
2020-06-12,70.02506256103516,70.64600372314453,71.72550201416016,69.29000091552734,71.29299926757812,36676000,GOOGL
2020-06-15,70.41264343261719,71.03700256347656,71.25,69.36000061035156,69.47450256347656,30468000,GOOGL
2020-06-16,71.68782043457031,72.32350158691406,72.8584976196289,71.44950103759766,72.44999694824219,30648000,GOOGL
2020-06-17,71.9886703491211,72.62699890136719,73.11000061035156,71.75650024414062,72.64700317382812,30610000,GOOGL
2020-06-18,71.07575225830078,71.70600128173828,72.64849853515625,71.31199645996094,72.49250030517578,34862000,GOOGL
2020-06-19,70.6059341430664,71.23200225830078,72.2249984741211,70.94999694824219,72.0,52784000,GOOGL
2020-06-22,71.89549255371094,72.53299713134766,72.54750061035156,70.95950317382812,71.25050354003906,29442000,GOOGL
2020-06-23,72.55562591552734,73.1989974975586,73.76000213623047,72.25,72.5999984741211,37752000,GOOGL
2020-06-24,71.00538635253906,71.63500213623047,73.78949737548828,71.5,73.16400146484375,31592000,GOOGL
2020-06-25,71.42168426513672,72.05500030517578,72.11599731445312,70.97699737548828,71.56099700927734,23958000,GOOGL
2020-06-26,67.5282211303711,68.12699890136719,71.85099792480469,67.75,71.63150024414062,97640000,GOOGL
2020-06-29,69.24449157714844,69.8584976196289,69.9000015258789,67.5824966430664,68.01699829101562,45074000,GOOGL
2020-06-30,70.27931213378906,70.90249633789062,71.19999694824219,69.34649658203125,69.84400177001953,40286000,GOOGL
2020-07-01,71.46627807617188,72.0999984741211,72.42400360107422,70.70899963378906,70.95850372314453,42182000,GOOGL
2020-07-02,72.85050964355469,73.49649810791016,74.4260025024414,72.55349731445312,72.59200286865234,57218000,GOOGL
2020-07-06,74.32345581054688,74.98249816894531,75.5,73.8489990234375,74.40750122070312,44712000,GOOGL
2020-07-07,73.84122467041016,74.49600219726562,76.06600189208984,74.48500061035156,74.80650329589844,42364000,GOOGL
2020-07-08,74.51921844482422,75.18000030517578,75.55850219726562,74.61499786376953,75.04000091552734,31766000,GOOGL
2020-07-09,75.26559448242188,75.93299865722656,76.45700073242188,74.77950286865234,75.49649810791016,41836000,GOOGL
2020-07-10,76.27415466308594,76.95050048828125,77.06700134277344,75.03600311279297,75.6624984741211,35918000,GOOGL
2020-07-13,74.9469223022461,75.61150360107422,78.81800079345703,75.3280029296875,77.49700164794922,42954000,GOOGL
2020-07-14,75.37464904785156,76.04299926757812,76.13999938964844,74.29650115966797,74.6395034790039,38108000,GOOGL
2020-07-15,75.17739868164062,75.84400177001953,76.81649780273438,74.8915023803711,76.1614990234375,31026000,GOOGL
2020-07-16,75.08024597167969,75.74600219726562,75.79550170898438,74.41349792480469,75.07499694824219,26484000,GOOGL
2020-07-17,75.1759033203125,75.84249877929688,76.17150115966797,74.90499877929688,75.84549713134766,34264000,GOOGL
2020-07-20,77.5047607421875,78.19200134277344,78.45050048828125,75.13500213623047,75.75,30166000,GOOGL
2020-07-21,77.11222076416016,77.7959976196289,79.35250091552734,77.63099670410156,79.25150299072266,27486000,GOOGL
2020-07-22,77.5548095703125,78.24250030517578,78.3489990234375,77.1614990234375,77.7854995727539,24482000,GOOGL
2020-07-23,75.17093658447266,75.8375015258789,78.51750183105469,75.42949676513672,78.29650115966797,33910000,GOOGL
2020-07-24,74.74768829345703,75.4104995727539,75.77149963378906,74.37950134277344,74.95950317382812,29902000,GOOGL
2020-07-27,75.79937744140625,76.47149658203125,76.87799835205078,75.61650085449219,75.66300201416016,27124000,GOOGL
2020-07-28,74.52171325683594,75.18250274658203,76.30049896240234,75.0260009765625,76.25,30910000,GOOGL
2020-07-29,75.50597381591797,76.17549896240234,76.66649627685547,75.15049743652344,75.25,22676000,GOOGL
2020-07-30,76.24244689941406,76.91850280761719,77.04450225830078,74.75849914550781,74.89849853515625,36042000,GOOGL
2020-07-31,73.74359130859375,74.39749908447266,75.2509994506836,72.69999694824219,74.85250091552734,91468000,GOOGL
2020-08-03,73.48638153076172,74.13800048828125,74.8864974975586,73.58599853515625,74.55000305175781,45482000,GOOGL
2020-08-04,73.01753997802734,73.66500091552734,74.65550231933594,73.20149993896484,74.33550262451172,37212000,GOOGL
2020-08-05,73.30450439453125,73.95449829101562,74.5,73.56099700927734,73.84100341796875,29134000,GOOGL
2020-08-06,74.58612060546875,75.24749755859375,75.3134994506836,73.59500122070312,73.80750274658203,33306000,GOOGL
2020-08-07,74.26001739501953,74.91850280761719,76.00450134277344,74.3134994506836,75.4520034790039,27718000,GOOGL
2020-08-10,74.1832046508789,74.84100341796875,75.35749816894531,73.87449645996094,74.54000091552734,20546000,GOOGL
2020-08-11,73.37635803222656,74.0270004272461,75.52200317382812,73.90950012207031,74.69999694824219,31098000,GOOGL
2020-08-12,74.69963836669922,75.36199951171875,75.58350372314453,74.25,74.35600280761719,22512000,GOOGL
2020-08-13,75.16598510742188,75.8324966430664,76.84850311279297,75.4104995727539,75.4104995727539,22388000,GOOGL
2020-08-14,74.57026672363281,75.23149871826172,75.989501953125,74.94999694824219,75.68049621582031,21942000,GOOGL
2020-08-17,75.14564514160156,75.81199645996094,76.18900299072266,75.25,75.79850006103516,19990000,GOOGL
2020-08-18,77.10528564453125,77.78900146484375,77.86849975585938,76.08350372314453,76.30599975585938,28378000,GOOGL
2020-08-19,76.55170440673828,77.23049926757812,78.44300079345703,77.0,77.62449645996094,30472000,GOOGL
2020-08-20,78.11979675292969,78.8125,79.00849914550781,76.7229995727539,76.99849700927734,26382000,GOOGL
2020-08-21,78.08610534667969,78.77850341796875,79.59400177001953,78.1155014038086,78.58999633789062,34838000,GOOGL
2020-08-24,78.5608901977539,79.25749969482422,80.43900299072266,78.75199890136719,79.62349700927734,25638000,GOOGL
2020-08-25,79.5867919921875,80.2925033569336,80.44400024414062,78.89399719238281,79.00499725341797,25150000,GOOGL
2020-08-26,81.48397064208984,82.20649719238281,82.6395034790039,80.04900360107422,80.31500244140625,52188000,GOOGL
2020-08-27,80.71031188964844,81.4260025024414,82.39949798583984,80.94049835205078,82.33049774169922,31350000,GOOGL
2020-08-28,81.25102233886719,81.97149658203125,82.06749725341797,81.28050231933594,81.47350311279297,22418000,GOOGL
2020-08-31,80.76038360595703,81.47650146484375,82.2249984741211,81.2665023803711,82.17849731445312,26422000,GOOGL
2020-09-01,82.02664947509766,82.75399780273438,82.96099853515625,81.47650146484375,81.60800170898438,22652000,GOOGL
2020-09-02,85.1147689819336,85.86949920654297,86.30500030517578,83.0094985961914,83.40049743652344,49522000,GOOGL
2020-09-03,80.75939178466797,81.47550201416016,85.0,80.385498046875,84.97599792480469,63726000,GOOGL
2020-09-04,78.36561584472656,79.06050109863281,81.74949645996094,76.89849853515625,80.44999694824219,55850000,GOOGL
2020-09-08,75.51043701171875,76.18000030517578,77.77749633789062,75.82499694824219,76.25,54032000,GOOGL
2020-09-09,76.68155670166016,77.36150360107422,77.93599700927734,76.25849914550781,77.44499969482422,39242000,GOOGL
2020-09-10,75.6318588256836,76.30249786376953,78.68299865722656,76.0,77.50900268554688,33024000,GOOGL
2020-09-11,75.12187957763672,75.78800201416016,76.93499755859375,74.6510009765625,76.40750122070312,30706000,GOOGL
2020-09-14,74.77842712402344,75.44149780273438,77.8499984741211,75.25550079345703,76.5824966430664,42660000,GOOGL
2020-09-15,76.08135986328125,76.75599670410156,77.54949951171875,76.1050033569336,76.39450073242188,23042000,GOOGL
2020-09-16,74.93998718261719,75.60449981689453,77.71849822998047,75.57949829101562,77.1240005493164,22128000,GOOGL
2020-09-17,73.69850158691406,74.35199737548828,74.93299865722656,73.12300109863281,74.29049682617188,40008000,GOOGL
2020-09-18,71.91679382324219,72.55449676513672,74.76000213623047,71.58100128173828,74.41500091552734,63056000,GOOGL
2020-09-21,70.8785171508789,71.50700378417969,72.00299835205078,70.13400268554688,71.58100128173828,56908000,GOOGL
2020-09-22,72.34944915771484,72.99099731445312,73.19850158691406,71.4749984741211,72.51599884033203,33950000,GOOGL
2020-09-23,69.85012817382812,70.46949768066406,72.65399932861328,70.13400268554688,72.60449981689453,37726000,GOOGL
2020-09-24,70.51770782470703,71.14299774169922,71.89949798583984,70.10749816894531,70.13400268554688,34552000,GOOGL
2020-09-25,71.3205795288086,71.9530029296875,72.2969970703125,70.38400268554688,71.25250244140625,30326000,GOOGL
2020-09-28,72.29196166992188,72.93299865722656,73.64949798583984,72.31400299072266,73.59950256347656,30784000,GOOGL
2020-09-29,72.65673065185547,73.3010025024414,73.5999984741211,72.69999694824219,73.19550323486328,31816000,GOOGL
2020-09-30,72.63591766357422,73.27999877929688,74.30999755859375,72.78800201416016,73.0469970703125,40924000,GOOGL
2020-10-01,73.74111938476562,74.3949966430664,74.75350189208984,73.83999633789062,74.18299865722656,32884000,GOOGL
2020-10-02,72.14031982421875,72.77999877929688,73.95149993896484,72.36750030517578,72.98149871826172,31222000,GOOGL
2020-10-05,73.48985290527344,74.1415023803711,74.23500061035156,73.00450134277344,73.13249969482422,21602000,GOOGL
2020-10-06,71.913330078125,72.5510025024414,74.22599792480469,72.25050354003906,73.7750015258789,26096000,GOOGL
2020-10-07,72.31576538085938,72.95700073242188,73.44850158691406,71.6614990234375,72.96549987792969,36108000,GOOGL
2020-10-08,73.51959228515625,74.17150115966797,74.40149688720703,73.27249908447266,73.27249908447266,26076000,GOOGL
2020-10-09,74.85871887207031,75.52249908447266,75.59249877929688,74.3499984741211,74.64299774169922,32966000,GOOGL
2020-10-12,77.54192352294922,78.22949981689453,79.4209976196289,76.46499633789062,76.9000015258789,55344000,GOOGL
2020-10-13,77.66482543945312,78.35350036621094,79.25800323486328,77.93150329589844,78.85050201416016,39072000,GOOGL
2020-10-14,77.48491668701172,78.1719970703125,79.19249725341797,77.29499816894531,78.7300033569336,33174000,GOOGL
2020-10-15,77.08992767333984,77.77349853515625,78.56999969482422,77.05650329589844,77.2249984741211,31210000,GOOGL
2020-10-16,77.696044921875,78.38500213623047,78.885498046875,77.88300323486328,78.09149932861328,34194000,GOOGL
2020-10-19,75.82514953613281,76.49749755859375,79.19650268554688,76.14600372314453,78.79650115966797,29734000,GOOGL
2020-10-20,76.87235260009766,77.55400085449219,78.69200134277344,76.0250015258789,76.15550231933594,41670000,GOOGL
2020-10-21,78.60250854492188,79.29949951171875,80.75700378417969,78.35700225830078,78.49250030517578,60322000,GOOGL
2020-10-22,79.6269302368164,80.33300018310547,80.6709976196289,78.8740005493164,79.25,30512000,GOOGL
2020-10-23,80.93136596679688,81.64900207519531,81.70600128173828,80.59549713134766,80.75250244140625,30548000,GOOGL
2020-10-26,78.51826477050781,79.2145004272461,81.47899627685547,78.38899993896484,80.75,35826000,GOOGL
2020-10-27,79.24134826660156,79.94400024414062,80.0999984741211,78.84950256347656,79.44650268554688,25902000,GOOGL
2020-10-28,74.87606048583984,75.54000091552734,77.69049835205078,75.42400360107422,77.50050354003906,45174000,GOOGL
2020-10-29,77.15979766845703,77.84400177001953,79.43699645996094,75.82749938964844,75.85099792480469,55406000,GOOGL
2020-10-30,80.09526824951172,80.80549621582031,84.06600189208984,80.07849884033203,83.37200164794922,99878000,GOOGL
2020-11-02,80.5021743774414,81.21600341796875,82.91200256347656,80.71199798583984,81.177001953125,44228000,GOOGL
2020-11-03,81.55977630615234,82.28299713134766,82.94999694824219,80.60549926757812,81.53800201416016,31432000,GOOGL
2020-11-04,86.52527618408203,87.2925033569336,88.50150299072266,85.1500015258789,85.27899932861328,71342000,GOOGL
2020-11-05,87.35043334960938,88.125,89.59100341796875,87.05149841308594,88.52249908447266,39758000,GOOGL
2020-11-06,87.21317291259766,87.98650360107422,88.42500305175781,86.83399963378906,87.56700134277344,28622000,GOOGL
2020-11-09,87.29692077636719,88.07099914550781,90.84449768066406,87.87750244140625,89.79900360107422,53440000,GOOGL
2020-11-10,86.1223373413086,86.88600158691406,87.96900177001953,85.80599975585938,86.4885025024414,43022000,GOOGL
2020-11-11,86.5936508178711,87.36150360107422,88.1449966430664,87.15299987792969,87.41999816894531,31838000,GOOGL
2020-11-12,86.37508392333984,87.14099884033203,88.2490005493164,86.89849853515625,87.0999984741211,26474000,GOOGL
2020-11-13,87.83415985107422,88.61299896240234,88.85649871826172,86.79900360107422,87.4000015258789,29744000,GOOGL
2020-11-16,87.921875,88.70149993896484,89.71700286865234,88.06649780273438,88.20700073242188,25468000,GOOGL
2020-11-17,87.3088150024414,88.08300018310547,88.85700225830078,87.97450256347656,88.39299774169922,21314000,GOOGL
2020-11-18,86.26705169677734,87.03199768066406,88.25,86.92849731445312,87.83200073242188,20108000,GOOGL
2020-11-19,87.15565490722656,87.92849731445312,88.17449951171875,86.5009994506836,86.6614990234375,20106000,GOOGL
2020-11-20,86.05592346191406,86.81900024414062,88.41799926757812,86.75,88.0999984741211,27694000,GOOGL
2020-11-23,85.61880493164062,86.37799835205078,87.29949951171875,85.50900268554688,87.01100158691406,22530000,GOOGL
2020-11-24,87.4198226928711,88.19499969482422,88.3239974975586,86.0364990234375,86.375,27984000,GOOGL
2020-11-25,87.43123626708984,88.20649719238281,88.51899719238281,87.41799926757812,88.3905029296875,19600000,GOOGL
2020-11-27,88.56565856933594,89.35099792480469,89.85050201416016,88.22699737548828,88.22699737548828,14790000,GOOGL
2020-11-30,86.94902038574219,87.72000122070312,89.01699829101562,87.39199829101562,88.78250122070312,32418000,GOOGL
2020-12-01,88.97900390625,89.76799774169922,91.08599853515625,88.15149688720703,88.33300018310547,37350000,GOOGL
2020-12-02,90.44648742675781,91.24849700927734,91.63700103759766,89.25849914550781,89.76799774169922,29424000,GOOGL
2020-12-03,90.2913589477539,91.09200286865234,92.19149780273438,90.8499984741211,91.0270004272461,24728000,GOOGL
2020-12-04,90.38652801513672,91.18800354003906,91.4749984741211,90.67949676513672,91.01100158691406,20544000,GOOGL
2020-12-07,90.052978515625,90.85150146484375,91.4645004272461,90.1520004272461,90.77749633789062,22288000,GOOGL
2020-12-08,89.7704849243164,90.56649780273438,90.79850006103516,89.56400299072266,90.4260025024414,19936000,GOOGL
2020-12-09,88.11170196533203,88.89299774169922,91.41850280761719,88.0999984741211,90.51799774169922,31728000,GOOGL
2020-12-10,87.60567474365234,88.38249969482422,88.74949645996094,86.67649841308594,88.12999725341797,28688000,GOOGL
2020-12-11,87.96004486083984,88.73999786376953,88.8655014038086,87.63700103759766,88.0,18628000,GOOGL
2020-12-14,86.84294891357422,87.61299896240234,89.48999786376953,87.45649719238281,88.53600311279297,33050000,GOOGL
2020-12-15,87.28008270263672,88.05400085449219,88.19999694824219,87.08350372314453,87.99299621582031,21352000,GOOGL
2020-12-16,87.08727264404297,87.8594970703125,88.45549774169922,87.4530029296875,88.45549774169922,24676000,GOOGL
2020-12-17,86.26061248779297,87.02549743652344,88.33550262451172,86.55750274658203,88.19650268554688,34880000,GOOGL
2020-12-18,85.55237579345703,86.31099700927734,87.41799926757812,85.75,87.30850219726562,85256000,GOOGL
2020-12-21,85.96571350097656,86.72799682617188,86.8499984741211,84.69999694824219,85.45649719238281,33974000,GOOGL
2020-12-22,85.2550277709961,86.01100158691406,86.63050079345703,85.28900146484375,86.46649932861328,20370000,GOOGL
2020-12-23,85.6520004272461,86.4114990234375,87.20549774169922,86.05999755859375,86.19650268554688,22974000,GOOGL
2020-12-24,85.94590759277344,86.70800018310547,87.12049865722656,86.21749877929688,86.44999694824219,9312000,GOOGL
2020-12-28,87.91841125488281,88.697998046875,89.3499984741211,87.09100341796875,87.24549865722656,27650000,GOOGL
2020-12-29,87.11551666259766,87.88800048828125,89.42350006103516,87.75550079345703,89.36150360107422,19726000,GOOGL
2020-12-30,86.04948425292969,86.8125,88.38800048828125,86.4000015258789,88.25,21026000,GOOGL
2020-12-31,86.86177825927734,87.63200378417969,87.875,86.80449676513672,86.8635025024414,21070000,GOOGL
2021-01-04,85.54793548583984,86.30650329589844,88.12449645996094,85.35700225830078,88.0,37324000,GOOGL
2021-01-05,86.2378158569336,87.00250244140625,87.34149932861328,85.84500122070312,86.25450134277344,20360000,GOOGL
2021-01-06,85.38684844970703,86.14399719238281,87.19850158691406,84.80500030517578,85.01300048828125,46588000,GOOGL
2021-01-07,87.93724060058594,88.71700286865234,88.89099884033203,86.33799743652344,86.33799743652344,41936000,GOOGL
2021-01-08,89.10142517089844,89.8915023803711,89.96800231933594,88.06099700927734,88.85800170898438,35484000,GOOGL
2021-01-11,87.04266357421875,87.81449890136719,89.21900177001953,87.60700225830078,88.85099792480469,34796000,GOOGL
2021-01-12,86.10797119140625,86.87149810791016,88.3949966430664,85.81900024414062,87.26799774169922,29528000,GOOGL
2021-01-13,86.59465026855469,87.36250305175781,87.81950378417969,86.36599731445312,86.36599731445312,23432000,GOOGL
2021-01-14,85.78530883789062,86.5459976196289,88.37750244140625,86.30349731445312,87.44349670410156,29212000,GOOGL
2021-01-15,85.62177276611328,86.38099670410156,87.38099670410156,85.58550262451172,86.45099639892578,31444000,GOOGL
2021-01-19,88.43929290771484,89.22350311279297,90.19200134277344,86.6415023803711,87.1500015258789,41660000,GOOGL
2021-01-20,93.17728424072266,94.00350189208984,94.98600006103516,90.97550201416016,91.31849670410156,64152000,GOOGL
2021-01-21,93.37947082519531,94.2074966430664,96.60399627685547,93.97049713134766,94.68250274658203,58634000,GOOGL
2021-01-22,93.7962875366211,94.62799835205078,95.21949768066406,93.82499694824219,94.572998046875,32744000,GOOGL
2021-01-25,93.88152313232422,94.71399688720703,96.09100341796875,92.95800018310547,95.63700103759766,50586000,GOOGL
2021-01-26,94.55902862548828,95.39749908447266,95.7874984741211,93.80650329589844,94.29949951171875,31462000,GOOGL
2021-01-27,90.14763641357422,90.9469985961914,94.02349853515625,89.86399841308594,93.74549865722656,82512000,GOOGL
2021-01-28,91.84558868408203,92.66000366210938,94.39949798583984,91.55000305175781,91.55000305175781,55278000,GOOGL
2021-01-29,90.56492614746094,91.36799621582031,92.37699890136719,90.0780029296875,91.70099639892578,44530000,GOOGL
2021-02-01,93.82156372070312,94.65350341796875,95.7770004272461,92.22949981689453,92.22949981689453,40252000,GOOGL
2021-02-02,95.11260986328125,95.95600128173828,97.46849822998047,95.31849670410156,95.65650177001953,66332000,GOOGL
2021-02-03,102.0391845703125,102.94400024414062,105.33100128173828,100.67749786376953,103.28050231933594,97882000,GOOGL
2021-02-04,101.77900695800781,102.68150329589844,103.46499633789062,101.75499725341797,103.03099822998047,48596000,GOOGL
2021-02-05,103.5235366821289,104.44149780273438,104.7969970703125,102.5,102.97799682617188,29866000,GOOGL
2021-02-08,103.30992889404297,104.22599792480469,105.75,103.1675033569336,105.0,28828000,GOOGL
2021-02-09,102.8574447631836,103.76950073242188,104.92549896240234,103.5,103.73999786376953,21892000,GOOGL
2021-02-10,103.40705871582031,104.3239974975586,104.94400024414062,102.61199951171875,104.15699768066406,25102000,GOOGL
2021-02-11,103.51956939697266,104.4375,104.69999694824219,103.44300079345703,104.55000305175781,20480000,GOOGL
2021-02-12,103.83080291748047,104.75150299072266,104.9749984741211,103.67849731445312,103.9885025024414,18990000,GOOGL
2021-02-16,104.60742950439453,105.53500366210938,107.25700378417969,104.5875015258789,104.5875015258789,31004000,GOOGL
2021-02-17,104.99994659423828,105.93099975585938,106.12200164794922,104.4175033569336,104.6989974975586,20294000,GOOGL
2021-02-18,104.36507415771484,105.29049682617188,106.09950256347656,104.66649627685547,105.25,22546000,GOOGL
2021-02-19,103.52254486083984,104.44049835205078,105.92900085449219,104.17150115966797,105.3895034790039,37938000,GOOGL
2021-02-22,101.81022644042969,102.71299743652344,104.0165023803711,102.4000015258789,102.68000030517578,29466000,GOOGL
2021-02-23,102.10065460205078,103.00599670410156,103.625,99.5114974975586,100.69950103759766,34658000,GOOGL
2021-02-24,103.27473449707031,104.19049835205078,104.41600036621094,101.37650299072266,101.50199890136719,22608000,GOOGL
2021-02-25,99.91156768798828,100.79750061035156,104.1500015258789,100.32450103759766,102.79650115966797,41548000,GOOGL
2021-02-26,100.20693969726562,101.09549713134766,102.82599639892578,100.05049896240234,101.49749755859375,40042000,GOOGL
2021-03-01,102.57345581054688,103.48300170898438,103.8115005493164,101.72100067138672,102.4000015258789,26060000,GOOGL
2021-03-02,102.31674194335938,103.2239990234375,104.73699951171875,102.83350372314453,103.24199676513672,25564000,GOOGL
2021-03-03,99.68656921386719,100.57050323486328,103.79949951171875,99.69999694824219,102.59750366210938,33892000,GOOGL
2021-03-04,100.80266571044922,101.69650268554688,103.72949981689453,100.27149963378906,100.74349975585938,49216000,GOOGL
2021-03-05,103.93190002441406,104.85350036621094,105.30999755859375,101.38899993896484,103.05750274658203,53100000,GOOGL
2021-03-08,99.4927749633789,100.375,105.68699645996094,100.2594985961914,104.2030029296875,36868000,GOOGL
2021-03-09,101.121337890625,102.01799774169922,103.19599914550781,101.77999877929688,102.48750305175781,33920000,GOOGL
2021-03-10,100.91466522216797,101.80950164794922,103.06999969482422,100.96649932861328,103.06999969482422,27100000,GOOGL
2021-03-11,104.10387420654297,105.0270004272461,105.5634994506836,102.82250213623047,102.91100311279297,27702000,GOOGL
2021-03-12,101.59910583496094,102.5,103.88050079345703,101.62100219726562,103.82050323486328,33818000,GOOGL
2021-03-15,101.81914520263672,102.72200012207031,102.74949645996094,101.3895034790039,102.2490005493164,26168000,GOOGL
2021-03-16,103.27872467041016,104.19450378417969,105.68399810791016,102.9645004272461,103.29949951171875,31900000,GOOGL
2021-03-17,103.19593048095703,104.11100006103516,104.94999694824219,102.20600128173828,103.42350006103516,26382000,GOOGL
2021-03-18,100.1786880493164,101.06700134277344,103.4375,100.95899963378906,102.40899658203125,31700000,GOOGL
2021-03-19,100.45721435546875,101.3479995727539,101.85199737548828,100.14649963378906,101.48650360107422,46072000,GOOGL
2021-03-22,100.64208221435547,101.53450012207031,102.41699981689453,100.69999694824219,101.38150024414062,33536000,GOOGL
2021-03-23,101.1694107055664,102.06649780273438,103.20549774169922,101.4000015258789,101.99749755859375,28510000,GOOGL
2021-03-24,100.73329162597656,101.62650299072266,103.37999725341797,101.44999694824219,102.58799743652344,25218000,GOOGL
2021-03-25,100.72979736328125,101.62300109863281,102.28199768066406,99.80449676513672,101.45249938964844,35616000,GOOGL
2021-03-26,100.3467025756836,101.23650360107422,101.96949768066406,100.19249725341797,101.5895004272461,27978000,GOOGL
2021-03-29,101.39044952392578,102.28949737548828,102.46050262451172,100.27249908447266,101.10800170898438,26492000,GOOGL
2021-03-30,101.42414855957031,102.32350158691406,103.13349914550781,101.80750274658203,102.64900207519531,27312000,GOOGL
2021-03-31,102.21959686279297,103.1259994506836,104.31300354003906,102.3499984741211,102.72000122070312,42570000,GOOGL
2021-04-01,105.55303955078125,106.48899841308594,106.7874984741211,104.57150268554688,104.61250305175781,39880000,GOOGL
2021-04-05,109.97283935546875,110.947998046875,111.44950103759766,107.260498046875,107.35749816894531,48510000,GOOGL
2021-04-06,109.49211120605469,110.46299743652344,111.4000015258789,110.0895004272461,110.5459976196289,35240000,GOOGL
2021-04-07,110.967529296875,111.95149993896484,112.2249984741211,110.65499877929688,110.65499877929688,24134000,GOOGL
2021-04-08,111.53251647949219,112.52149963378906,113.5895004272461,112.15049743652344,113.19999694824219,28664000,GOOGL
2021-04-09,112.53562927246094,113.53350067138672,113.69850158691406,111.86299896240234,112.27200317382812,26146000,GOOGL
2021-04-12,111.24457550048828,112.23100280761719,112.84449768066406,111.39099884033203,112.70600128173828,25024000,GOOGL
2021-04-13,111.73075866699219,112.72149658203125,113.17350006103516,112.15249633789062,112.54949951171875,25682000,GOOGL
2021-04-14,111.11024475097656,112.09549713134766,113.37149810791016,111.8010025024414,113.37149810791016,21002000,GOOGL
2021-04-15,113.25821685791016,114.26249694824219,114.80000305175781,112.55850219726562,113.09750366210938,29174000,GOOGL
2021-04-16,113.13431549072266,114.13749694824219,114.71199798583984,113.5459976196289,114.46199798583984,26282000,GOOGL
2021-04-19,113.48171997070312,114.48799896240234,115.20449829101562,113.50900268554688,113.50900268554688,30290000,GOOGL
2021-04-20,112.9489517211914,113.95050048828125,114.94999694824219,112.85600280761719,114.87449645996094,22288000,GOOGL
2021-04-21,112.91625213623047,113.9175033569336,114.0,112.24099731445312,113.60250091552734,23204000,GOOGL
2021-04-22,111.63610076904297,112.6259994506836,114.44400024414062,112.01599884033203,113.7699966430664,24146000,GOOGL
2021-04-23,113.98576354980469,114.99649810791016,115.30599975585938,113.0625,113.3499984741211,29066000,GOOGL
2021-04-26,114.48136901855469,115.49649810791016,116.22650146484375,114.86599731445312,115.22599792480469,32038000,GOOGL
2021-04-27,113.54219818115234,114.54900360107422,115.92250061035156,114.30799865722656,115.88150024414062,44386000,GOOGL
2021-04-28,116.91529083251953,117.9520034790039,121.56900024414062,117.66100311279297,119.625,81106000,GOOGL
2021-04-29,118.58647155761719,119.63800048828125,120.20800018310547,118.69249725341797,119.46150207519531,41234000,GOOGL
2021-04-30,116.6407241821289,117.67500305175781,119.09249877929688,117.3280029296875,118.4010009765625,44856000,GOOGL
2021-05-03,116.12430572509766,117.15399932861328,119.07749938964844,116.7750015258789,118.24549865722656,28242000,GOOGL
2021-05-04,114.32772827148438,115.34149932861328,116.24949645996094,112.83399963378906,115.67749786376953,44818000,GOOGL
2021-05-05,114.72123718261719,115.7385025024414,116.75,115.41400146484375,116.43150329589844,26636000,GOOGL
2021-05-06,115.84031677246094,116.86750030517578,116.86750030517578,114.6520004272461,115.31649780273438,25190000,GOOGL
2021-05-07,116.56290435791016,117.59649658203125,118.5625,117.30799865722656,118.19450378417969,28898000,GOOGL
2021-05-10,113.58035278320312,114.5875015258789,116.55000305175781,114.22699737548828,116.40699768066406,30914000,GOOGL
2021-05-11,112.50538635253906,113.50299835205078,114.01399993896484,111.69599914550781,112.15350341796875,34186000,GOOGL
2021-05-12,109.04556274414062,110.01249694824219,112.39900207519531,109.68099975585938,111.30950164794922,46376000,GOOGL
2021-05-13,110.47242736816406,111.4520034790039,111.97200012207031,110.33599853515625,111.30599975585938,33204000,GOOGL
2021-05-14,112.91773223876953,113.91899871826172,114.23600006103516,112.5,112.927001953125,31996000,GOOGL
2021-05-17,113.44009399414062,114.44599914550781,114.48899841308594,112.77549743652344,113.17849731445312,21598000,GOOGL
2021-05-18,112.12922668457031,113.12349700927734,115.38400268554688,113.1094970703125,115.11750030517578,22204000,GOOGL
2021-05-19,112.57675170898438,113.57499694824219,113.74949645996094,111.27200317382812,111.42150115966797,23684000,GOOGL
2021-05-20,114.33368682861328,115.34750366210938,115.5999984741211,114.1760025024414,114.55000305175781,32352000,GOOGL
2021-05-21,113.69830322265625,114.70649719238281,115.94450378417969,114.46499633789062,115.87049865722656,40632000,GOOGL
2021-05-24,117.014404296875,118.052001953125,118.27749633789062,115.5979995727539,115.74449920654297,31832000,GOOGL
2021-05-25,117.10509490966797,118.14350128173828,119.19999694824219,117.75,118.5999984741211,22440000,GOOGL
2021-05-26,117.96944427490234,119.0155029296875,119.44950103759766,118.322998046875,118.32599639892578,21572000,GOOGL
2021-05-27,117.09569549560547,118.13400268554688,119.45249938964844,117.81300354003906,119.45249938964844,35224000,GOOGL
2021-05-28,116.80675506591797,117.84249877929688,118.80349731445312,117.64250183105469,118.72100067138672,21482000,GOOGL
2021-06-01,118.0125503540039,119.05899810791016,119.2854995727539,117.71399688720703,118.72200012207031,23354000,GOOGL
2021-06-02,117.48771667480469,118.52950286865234,119.68199920654297,117.61799621582031,119.4574966430664,21158000,GOOGL
2021-06-03,116.34732055664062,117.37899780273438,117.85099792480469,116.47599792480469,117.2864990234375,18696000,GOOGL
2021-06-04,118.62661743164062,119.67849731445312,119.95149993896484,118.12049865722656,118.4635009765625,24458000,GOOGL
2021-06-07,119.05926513671875,120.11499786376953,120.22550201416016,119.05000305175781,119.47200012207031,24120000,GOOGL
2021-06-08,118.86797332763672,119.9219970703125,120.97599792480469,119.73899841308594,120.60050201416016,24240000,GOOGL
2021-06-09,119.33879852294922,120.39700317382812,120.64399719238281,119.84500122070312,120.57150268554688,17942000,GOOGL
2021-06-10,120.68635559082031,121.75650024414062,121.80000305175781,120.18900299072266,120.34600067138672,25904000,GOOGL
2021-06-11,120.44202423095703,121.51000213623047,122.08599853515625,120.947998046875,122.0,21958000,GOOGL
2021-06-14,121.36930084228516,122.44550323486328,122.44599914550781,120.9000015258789,121.61299896240234,22098000,GOOGL
2021-06-15,120.35231018066406,121.41950225830078,122.77549743652344,121.05599975585938,122.44999694824219,21562000,GOOGL
2021-06-16,119.71099090576172,120.77249908447266,121.88600158691406,119.47000122070312,121.5719985961914,26472000,GOOGL
2021-06-17,120.67346954345703,121.74349975585938,122.52249908447266,120.5,120.69750213623047,25842000,GOOGL
2021-06-18,119.05531311035156,120.11100006103516,121.60299682617188,120.01499938964844,121.36699676513672,46116000,GOOGL
2021-06-21,120.74185943603516,121.8125,122.0,119.89849853515625,120.50050354003906,27414000,GOOGL
2021-06-22,121.25529479980469,122.33049774169922,122.4000015258789,121.06400299072266,121.75,22390000,GOOGL
2021-06-23,121.05359649658203,122.12699890136719,123.09549713134766,121.83450317382812,122.09349822998047,19148000,GOOGL
2021-06-24,121.42330932617188,122.5,123.05549621582031,122.30000305175781,122.69999694824219,21362000,GOOGL
2021-06-25,121.43174743652344,122.50849914550781,122.63300323486328,121.56500244140625,122.0,34594000,GOOGL
2021-06-28,121.45899963378906,122.53600311279297,122.78500366210938,121.40550231933594,122.67849731445312,28526000,GOOGL
2021-06-29,121.19781494140625,122.27249908447266,123.02100372314453,121.69100189208984,122.67050170898438,23108000,GOOGL
2021-06-30,121.01640319824219,122.0895004272461,122.25700378417969,121.35449981689453,121.99449920654297,24474000,GOOGL
2021-07-01,121.3683090209961,122.44450378417969,122.58699798583984,121.53150177001953,121.7249984741211,18110000,GOOGL
2021-07-02,124.15657806396484,125.25749969482422,125.40399932861328,123.05950164794922,123.1500015258789,25982000,GOOGL
2021-07-06,125.08087158203125,126.19000244140625,126.4280014038086,124.5824966430664,125.64849853515625,26404000,GOOGL
2021-07-07,125.36238098144531,126.4739990234375,127.28399658203125,126.15299987792969,127.16200256347656,24060000,GOOGL
2021-07-08,123.94495391845703,125.04399871826172,125.59549713134766,124.02200317382812,124.0260009765625,23790000,GOOGL
2021-07-09,124.41527557373047,125.51850128173828,125.7344970703125,124.55149841308594,125.0250015258789,18632000,GOOGL
2021-07-12,125.85948181152344,126.97550201416016,127.06950378417969,125.61100006103516,126.1780014038086,17668000,GOOGL
2021-07-13,126.22225952148438,127.34149932861328,128.0574951171875,126.67449951171875,127.03849792480469,19240000,GOOGL
2021-07-14,127.10987854003906,128.23699951171875,129.32650756835938,127.91449737548828,127.95800018310547,23742000,GOOGL
2021-07-15,125.88871002197266,127.00499725341797,128.6999969482422,126.52999877929688,128.6490020751953,24218000,GOOGL
2021-07-16,125.8540267944336,126.97000122070312,127.8115005493164,126.15350341796875,127.66300201416016,20424000,GOOGL
2021-07-19,123.48304748535156,124.5780029296875,126.20500183105469,123.50499725341797,126.0895004272461,27968000,GOOGL
2021-07-20,125.10021209716797,126.20950317382812,127.04299926757812,124.35050201416016,125.52749633789062,26312000,GOOGL
2021-07-21,126.42793273925781,127.54900360107422,127.59600067138672,126.02349853515625,126.13349914550781,20746000,GOOGL
2021-07-22,127.29276275634766,128.42149353027344,128.48300170898438,127.4990005493164,127.84400177001953,14302000,GOOGL
2021-07-23,131.8459014892578,133.01499938964844,133.3990020751953,129.80050659179688,130.4304962158203,41506000,GOOGL
2021-07-26,132.85691833496094,134.03500366210938,134.23699951171875,132.30149841308594,133.32850646972656,30572000,GOOGL
2021-07-27,130.7406768798828,131.89999389648438,134.3990020751953,130.10400390625,134.25050354003906,54710000,GOOGL
2021-07-28,134.89779663085938,136.093994140625,138.2969970703125,135.27749633789062,136.31199645996094,95130000,GOOGL
2021-07-29,134.58409118652344,135.77749633789062,136.66099548339844,135.54299926757812,136.14999389648438,31716000,GOOGL
2021-07-30,133.5423583984375,134.72650146484375,135.30450439453125,134.2550048828125,135.03500366210938,25576000,GOOGL
2021-08-02,133.66920471191406,134.85450744628906,135.3365020751953,133.79400634765625,135.11700439453125,21634000,GOOGL
2021-08-03,134.4379119873047,135.6300048828125,135.73199462890625,133.3195037841797,135.13499450683594,20762000,GOOGL
2021-08-04,133.93788146972656,135.12550354003906,135.64950561523438,134.48699951171875,135.34950256347656,19676000,GOOGL
2021-08-05,135.053955078125,136.25149536132812,136.35000610351562,134.8459930419922,135.6804962158203,17870000,GOOGL
2021-08-06,134.5454559326172,135.73849487304688,136.47250366210938,135.2100067138672,136.04200744628906,20488000,GOOGL
2021-08-09,135.7096405029297,136.91299438476562,137.1840057373047,135.33949279785156,135.9425048828125,17760000,GOOGL
2021-08-10,135.6045684814453,136.8070068359375,137.7725067138672,136.364501953125,137.3419952392578,19414000,GOOGL
2021-08-11,135.08123779296875,136.2790069580078,137.6824951171875,136.27149963378906,137.18150329589844,15352000,GOOGL
2021-08-12,135.9881591796875,137.19400024414062,137.3000030517578,135.42550659179688,135.97549438476562,16506000,GOOGL
2021-08-13,136.51698303222656,137.7274932861328,137.85650634765625,137.0330047607422,137.25,15948000,GOOGL
2021-08-16,137.09384155273438,138.3094940185547,138.3625030517578,135.2989959716797,137.52499389648438,22384000,GOOGL
2021-08-17,135.4603271484375,136.6614990234375,138.2655029296875,136.08200073242188,137.75,21716000,GOOGL
2021-08-18,134.25852966308594,135.44900512695312,137.10450744628906,135.32150268554688,136.5,19258000,GOOGL
2021-08-19,134.48744201660156,135.67999267578125,136.3524932861328,134.25,134.4355010986328,21782000,GOOGL
2021-08-20,136.2216033935547,137.42950439453125,137.5540008544922,135.25,136.0,31194000,GOOGL
2021-08-23,138.81063842773438,140.04150390625,140.87449645996094,137.6074981689453,137.96949768066406,28454000,GOOGL
2021-08-24,140.0199432373047,141.26150512695312,142.0800018310547,140.3385009765625,140.6114959716797,19268000,GOOGL
2021-08-25,140.83021545410156,142.07899475097656,142.1894989013672,141.37600708007812,141.625,15848000,GOOGL
2021-08-26,140.1973419189453,141.4405059814453,142.41749572753906,141.35699462890625,141.75,20610000,GOOGL
2021-08-27,142.73829650878906,144.00399780273438,144.5124969482422,141.4969940185547,141.65249633789062,28780000,GOOGL
2021-08-30,143.31964111328125,144.5904998779297,145.9705047607422,144.16299438476562,144.39999389648438,24434000,GOOGL
2021-08-31,143.4257049560547,144.69749450683594,145.17149353027344,144.281005859375,145.14700317382812,22448000,GOOGL
2021-09-01,143.9391632080078,145.2154998779297,146.25399780273438,144.8834991455078,145.0,21936000,GOOGL
2021-09-02,142.02760314941406,143.28700256347656,145.51950073242188,143.18499755859375,145.21600341796875,32342000,GOOGL
2021-09-03,142.47613525390625,143.739501953125,144.15499877929688,142.40049743652344,143.08050537109375,19850000,GOOGL
2021-09-07,143.01239013671875,144.28050231933594,144.56500244140625,143.61900329589844,143.83450317382812,20124000,GOOGL
2021-09-08,142.42803955078125,143.6909942626953,144.39999389648438,143.0,144.10000610351562,18344000,GOOGL
2021-09-09,142.27938842773438,143.54100036621094,144.3105010986328,143.17750549316406,143.8404998779297,15314000,GOOGL
2021-09-10,139.6378173828125,140.87600708007812,144.718505859375,140.73800659179688,144.21249389648438,36840000,GOOGL
2021-09-13,141.08151245117188,142.33250427246094,142.9499969482422,141.25,141.94949340820312,22094000,GOOGL
2021-09-14,141.29164123535156,142.54449462890625,143.36300659179688,141.75,142.99549865722656,19674000,GOOGL
2021-09-15,143.1600799560547,144.42950439453125,144.45050048828125,141.34750366210938,142.77149963378906,27408000,GOOGL
2021-09-16,142.34776306152344,143.61000061035156,144.3000030517578,142.40150451660156,143.95050048828125,26190000,GOOGL
2021-09-17,139.56246948242188,140.8000030517578,143.4499969482422,140.47000122070312,143.03050231933594,53384000,GOOGL
2021-09-20,137.50025939941406,138.71949768066406,139.0,136.32200622558594,138.1614990234375,46518000,GOOGL
2021-09-21,137.81100463867188,139.0330047607422,140.01150512695312,138.2779998779297,139.74949645996094,25332000,GOOGL
2021-09-22,139.05052185058594,140.2834930419922,140.88699340820312,138.55149841308594,139.3040008544922,25056000,GOOGL
2021-09-23,139.97479248046875,141.21600341796875,141.69650268554688,140.40150451660156,140.9875030517578,20952000,GOOGL
2021-09-24,140.9650115966797,142.21499633789062,142.33050537109375,140.24099731445312,140.5384979248047,22984000,GOOGL
2021-09-27,139.83212280273438,141.07200622558594,141.93850708007812,140.0675048828125,140.80450439453125,21882000,GOOGL
2021-09-28,134.6361541748047,135.8300018310547,139.09649658203125,135.36000061035156,138.65499877929688,45772000,GOOGL
2021-09-29,133.17263793945312,134.35350036621094,137.1510009765625,133.86500549316406,136.97999572753906,30848000,GOOGL
2021-09-30,132.5010528564453,133.67599487304688,135.54249572753906,133.55599975585938,134.26150512695312,37996000,GOOGL
2021-10-01,135.3428955078125,136.54299926757812,136.91050720214844,134.072998046875,134.44749450683594,35360000,GOOGL
2021-10-04,132.48472595214844,133.6595001220703,135.9604949951172,131.0500030517578,135.9604949951172,51202000,GOOGL
2021-10-05,134.82748413085938,136.0229949951172,137.22450256347656,134.04100036621094,134.04100036621094,32404000,GOOGL
2021-10-06,136.35589599609375,137.56500244140625,137.75,134.5500030517578,134.75,24364000,GOOGL
2021-10-07,138.00131225585938,139.22500610351562,140.04200744628906,138.6510009765625,138.89199829101562,25110000,GOOGL
2021-10-08,138.55686950683594,139.78550720214844,140.33099365234375,139.21749877929688,139.57699584960938,26526000,GOOGL
2021-10-11,137.6930389404297,138.91400146484375,140.71200561523438,138.85899353027344,139.29200744628906,17954000,GOOGL
2021-10-12,135.2497100830078,136.44900512695312,139.5070037841797,135.75999450683594,139.47999572753906,36332000,GOOGL
2021-10-13,136.37274169921875,137.58200073242188,138.0,136.5189971923828,137.40249633789062,19654000,GOOGL
2021-10-14,139.91038513183594,141.1510009765625,141.33749389648438,138.8249969482422,139.4739990234375,31894000,GOOGL
2021-10-15,140.12547302246094,141.3679962158203,141.71800231933594,140.7550048828125,141.614501953125,30274000,GOOGL
2021-10-18,141.5230712890625,142.7779998779297,142.79600524902344,141.0695037841797,141.07650756835938,20396000,GOOGL
2021-10-19,141.97802734375,143.23699951171875,143.66250610351562,142.60000610351562,143.3874969482422,20164000,GOOGL
2021-10-20,140.52294921875,141.7689971923828,143.54600524902344,141.37649536132812,143.33799743652344,23288000,GOOGL
2021-10-21,140.638916015625,141.88600158691406,142.156005859375,140.5,141.7689971923828,26292000,GOOGL
2021-10-22,136.35739135742188,137.56649780273438,140.58299255371094,136.05599975585938,139.14999389648438,50588000,GOOGL
2021-10-25,136.2389373779297,137.44700622558594,138.0,135.4239959716797,137.5500030517578,34412000,GOOGL
2021-10-26,138.0841064453125,139.30850219726562,140.08299255371094,138.30450439453125,139.2635040283203,49236000,GOOGL
2021-10-27,144.932373046875,146.21749877929688,148.64999389648438,139.40499877929688,139.40499877929688,85782000,GOOGL
2021-10-28,144.56707763671875,145.8489990234375,147.1580047607422,144.6269989013672,147.13450622558594,36206000,GOOGL
2021-10-29,146.74476623535156,148.04600524902344,148.24200439453125,144.64950561523438,145.0780029296875,43320000,GOOGL
2021-11-01,142.23574829101562,143.4969940185547,148.04600524902344,143.22549438476562,148.04600524902344,46924000,GOOGL
2021-11-02,144.1542510986328,145.4324951171875,146.60899353027344,144.3354949951172,144.57949829101562,33482000,GOOGL
2021-11-03,145.3095245361328,146.59800720214844,146.66900634765625,144.59100341796875,145.90049743652344,27494000,GOOGL
2021-11-04,146.96435546875,148.2675018310547,149.73350524902344,146.30799865722656,147.12449645996094,38412000,GOOGL
2021-11-05,147.54368591308594,148.8520050048828,150.32749938964844,148.19700622558594,149.16949462890625,38354000,GOOGL
2021-11-08,147.72113037109375,149.031005859375,150.61500549316406,148.4304962158203,149.8249969482422,23052000,GOOGL
2021-11-09,147.60960388183594,148.9185028076172,149.83450317382812,147.2449951171875,149.23300170898438,19530000,GOOGL
2021-11-10,144.61117553710938,145.89349365234375,148.07000732421875,144.53750610351562,147.5,29970000,GOOGL
2021-11-11,144.48532104492188,145.76649475097656,147.53550720214844,145.60049438476562,146.489501953125,16518000,GOOGL
2021-11-12,147.3712158203125,148.67799377441406,148.85000610351562,145.41099548339844,146.61549377441406,22360000,GOOGL
2021-11-15,147.14720153808594,148.45199584960938,149.54949951171875,147.5749969482422,148.90049743652344,23508000,GOOGL
2021-11-16,146.57627868652344,147.87600708007812,148.7624969482422,147.3125,148.14950561523438,18904000,GOOGL
2021-11-17,146.74575805664062,148.0469970703125,148.5594940185547,147.24000549316406,148.02749633789062,19594000,GOOGL
2021-11-18,148.5215301513672,149.8385009765625,150.58050537109375,147.88450622558594,148.2415008544922,35608000,GOOGL
2021-11-19,147.61753845214844,148.92649841308594,150.9665069580078,148.8990020751953,149.97549438476562,33682000,GOOGL
2021-11-22,145.01614379882812,146.302001953125,149.82949829101562,146.1475067138672,149.33250427246094,30594000,GOOGL
2021-11-23,144.50067138671875,145.78199768066406,146.66000366210938,144.11500549316406,146.1529998779297,27218000,GOOGL
2021-11-24,144.835693359375,146.1199951171875,146.24949645996094,144.3730010986328,145.47349548339844,18040000,GOOGL
2021-11-26,140.93331909179688,142.18299865722656,144.5574951171875,141.84249877929688,144.34849548339844,30470000,GOOGL
2021-11-29,144.25140380859375,145.53050231933594,146.29750061035156,143.89349365234375,144.0,32596000,GOOGL
2021-11-30,140.65032958984375,141.8975067138672,146.0,141.60150146484375,145.0084991455078,42068000,GOOGL
2021-12-01,139.8117218017578,141.05149841308594,145.95050048828125,140.91200256347656,144.0,34020000,GOOGL
2021-12-02,141.70944213867188,142.96600341796875,143.864501953125,140.21449279785156,141.25,29194000,GOOGL
2021-12-03,140.75341796875,142.00149536132812,144.39999389648438,140.30099487304688,143.68099975585938,41230000,GOOGL
2021-12-06,141.8967742919922,143.15499877929688,143.8524932861328,140.14999389648438,143.04049682617188,30618000,GOOGL
2021-12-07,145.97509765625,147.26950073242188,147.531005859375,145.2274932861328,145.59649658203125,32240000,GOOGL
2021-12-08,146.88406372070312,148.18649291992188,148.39300537109375,146.406005859375,147.59649658203125,24270000,GOOGL
2021-12-09,146.34088134765625,147.6385040283203,149.10000610351562,147.11500549316406,147.59100341796875,23270000,GOOGL
2021-12-10,146.70068359375,148.00149536132812,148.9774932861328,146.70399475097656,148.6999969482422,24458000,GOOGL
2021-12-13,144.5447998046875,145.82650756835938,147.97000122070312,145.5175018310547,147.781494140625,27070000,GOOGL
2021-12-14,142.6421356201172,143.90699768066406,144.47999572753906,141.21499633789062,143.96800231933594,38446000,GOOGL
2021-12-15,145.1538848876953,146.4409942626953,146.7209930419922,141.67799377441406,143.40899658203125,36370000,GOOGL
2021-12-16,143.17543029785156,144.44500732421875,147.677001953125,143.60699462890625,147.17050170898438,33650000,GOOGL
2021-12-17,140.4793701171875,141.72500610351562,143.83450317382812,141.3000030517578,142.5,50416000,GOOGL
2021-12-20,140.3623809814453,141.60699462890625,141.77450561523438,139.3209991455078,140.0,27192000,GOOGL
2021-12-21,142.21148681640625,143.47250366210938,143.86900329589844,140.50250244140625,142.05349731445312,28756000,GOOGL
2021-12-22,145.1280975341797,146.4149932861328,146.5,143.0675048828125,143.0675048828125,26322000,GOOGL
2021-12-23,145.62521362304688,146.91650390625,148.24349975585938,146.45199584960938,146.5,26384000,GOOGL
2021-12-27,146.6065216064453,147.906494140625,148.343994140625,147.16949462890625,147.25599670410156,15976000,GOOGL
2021-12-28,145.39772033691406,146.68699645996094,148.2989959716797,146.05450439453125,148.23599243164062,18200000,GOOGL
2021-12-29,145.36599731445312,146.65499877929688,147.41700744628906,145.6475067138672,146.64450073242188,17788000,GOOGL
2021-12-30,144.9154815673828,146.20050048828125,147.3000030517578,145.9945068359375,146.69400024414062,15688000,GOOGL
2021-12-31,143.578857421875,144.8520050048828,146.69850158691406,144.8520050048828,146.0500030517578,18136000,GOOGL
2022-01-03,143.71713256835938,144.9915008544922,145.8509979248047,143.71299743652344,145.05499267578125,28646000,GOOGL
2022-01-04,143.13034057617188,144.39950561523438,146.48500061035156,143.7165069580078,145.39599609375,28400000,GOOGL
2022-01-05,136.56402587890625,137.77499389648438,144.49949645996094,137.68800354003906,144.4199981689453,54618000,GOOGL
2022-01-06,136.5368194580078,137.74749755859375,139.94000244140625,136.55850219726562,136.99850463867188,37348000,GOOGL
2022-01-07,135.8126983642578,137.01699829101562,138.44850158691406,135.76649475097656,138.14549255371094,29760000,GOOGL
2022-01-10,137.45071411132812,138.66949462890625,138.8195037841797,133.1645050048828,135.0780029296875,44408000,GOOGL
2022-01-11,138.50782775878906,139.73599243164062,140.21600341796875,136.6925048828125,138.0070037841797,28730000,GOOGL
2022-01-12,140.18740844726562,141.4304962158203,142.60800170898438,140.6945037841797,141.14999389648438,26108000,GOOGL
2022-01-13,137.36891174316406,138.58700561523438,142.85000610351562,138.40899658203125,141.5399932861328,31436000,GOOGL
2022-01-14,138.2545623779297,139.48049926757812,140.74200439453125,136.99850463867188,137.07899475097656,29662000,GOOGL
2022-01-18,134.80270385742188,135.9980010986328,137.13150024414062,135.43850708007812,136.1750030517578,34872000,GOOGL
2022-01-19,133.9289093017578,135.1165008544922,137.95950317382812,135.0155029296875,136.52349853515625,28648000,GOOGL
2022-01-20,132.1358184814453,133.3074951171875,137.62600708007812,132.96449279785156,136.25,29908000,GOOGL
2022-01-21,129.205810546875,130.35150146484375,134.86549377441406,130.0865020751953,132.593505859375,55652000,GOOGL
2022-01-24,129.65435791015625,130.8040008544922,131.2030029296875,124.5,125.97799682617188,76622000,GOOGL
2022-01-25,125.81932830810547,126.93499755859375,129.3990020751953,126.50050354003906,128.74000549316406,46960000,GOOGL
2022-01-26,128.09715270996094,129.23300170898438,133.0,127.14199829101562,131.11900329589844,49130000,GOOGL
2022-01-27,127.87113189697266,129.0050048828125,132.65249633789062,128.9324951171875,131.3040008544922,31950000,GOOGL
2022-01-28,132.17892456054688,133.3509979248047,133.35650634765625,128.48500061035156,129.65899658203125,34362000,GOOGL
2022-01-31,134.11427307128906,135.30349731445312,135.47300720214844,132.20950317382812,134.16200256347656,39986000,GOOGL
2022-02-01,136.43418884277344,137.6439971923828,137.79299926757812,134.36849975585938,137.59449768066406,68644000,GOOGL
2022-02-02,146.69920349121094,148.0,151.54649353027344,145.5225067138672,151.25,123200000,GOOGL
2022-02-03,141.8323211669922,143.08999633789062,149.6750030517578,142.66549682617188,145.70550537109375,71518000,GOOGL
2022-02-04,142.03355407714844,143.29299926757812,144.875,140.51499938964844,143.4445037841797,57998000,GOOGL
2022-02-07,137.9775390625,139.2010040283203,144.25,138.89999389648438,144.25,54974000,GOOGL
2022-02-08,138.17379760742188,139.3990020751953,140.0,137.01400756835938,139.02650451660156,54284000,GOOGL
2022-02-09,140.3474884033203,141.5919952392578,142.52450561523438,140.18699645996094,140.9635009765625,40144000,GOOGL
2022-02-10,137.40162658691406,138.6199951171875,141.4844970703125,137.95700073242188,139.70350646972656,39330000,GOOGL
2022-02-11,133.10227966308594,134.28250122070312,139.156494140625,133.39999389648438,138.60000610351562,39958000,GOOGL
2022-02-14,134.33482360839844,135.5260009765625,136.3000030517578,133.25650024414062,133.25650024414062,34302000,GOOGL
2022-02-15,135.4078369140625,136.60850524902344,138.10850524902344,135.82150268554688,137.57049560546875,26680000,GOOGL
2022-02-16,136.52737426757812,137.73800659179688,138.08599853515625,134.9239959716797,136.64649963378906,25022000,GOOGL
2022-02-17,131.3740692138672,132.53900146484375,137.11349487304688,132.47850036621094,136.2429962158203,38950000,GOOGL
2022-02-18,129.25685119628906,130.4029998779297,134.07000732421875,130.19650268554688,133.4669952392578,45620000,GOOGL
2022-02-22,128.67254638671875,129.81350708007812,132.1804962158203,128.22349548339844,129.83799743652344,44990000,GOOGL
2022-02-23,126.46659088134766,127.58799743652344,132.05099487304688,127.52749633789062,131.64849853515625,32786000,GOOGL
2022-02-24,131.5247039794922,132.6909942626953,133.0,124.95349884033203,124.95349884033203,54456000,GOOGL
2022-02-25,133.27769470214844,134.45950317382812,135.27149963378906,131.75149536132812,133.552001953125,36406000,GOOGL
2022-02-28,133.86996459960938,135.0570068359375,135.75149536132812,132.59249877929688,133.0500030517578,38864000,GOOGL
2022-03-01,132.88319396972656,134.06149291992188,136.2554931640625,133.218505859375,134.8784942626953,26496000,GOOGL
2022-03-02,133.38870239257812,134.57150268554688,135.2624969482422,133.07150268554688,134.6280059814453,23520000,GOOGL
2022-03-03,132.72262573242188,133.89950561523438,136.4394989013672,133.02549743652344,136.00999450683594,24604000,GOOGL
2022-03-04,130.7471466064453,131.906494140625,133.85150146484375,130.33749389648438,132.92750549316406,30430000,GOOGL
2022-03-07,125.26771545410156,126.37850189208984,131.73500061035156,126.29499816894531,131.48800659179688,45112000,GOOGL
2022-03-08,125.98734283447266,127.10449981689453,131.25,125.67449951171875,126.25,40428000,GOOGL
2022-03-09,132.24732971191406,133.4199981689453,133.73550415039062,129.90049743652344,131.25,37026000,GOOGL
2022-03-10,131.26553344726562,132.42950439453125,133.27200317382812,130.91250610351562,131.26600646972656,27102000,GOOGL
2022-03-11,128.72901916503906,129.87049865722656,133.79550170898438,129.63150024414062,133.48849487304688,31526000,GOOGL
2022-03-14,124.84397888183594,125.95099639892578,130.40899658203125,125.2750015258789,130.25,38812000,GOOGL
2022-03-15,128.06243896484375,129.197998046875,129.85450744628906,125.72049713134766,126.97599792480469,30920000,GOOGL
2022-03-16,132.1090545654297,133.28050231933594,133.33299255371094,128.7344970703125,130.73300170898438,35576000,GOOGL
2022-03-17,132.66265869140625,133.83900451660156,134.08050537109375,132.18499755859375,133.1490020751953,28264000,GOOGL
2022-03-18,134.92906188964844,136.12550354003906,136.24400329589844,132.2584991455078,133.42449951171875,44566000,GOOGL
2022-03-21,134.90528869628906,136.10150146484375,137.0500030517578,134.09249877929688,136.1634979248047,26832000,GOOGL
2022-03-22,138.638671875,139.8679962158203,141.0500030517578,136.10150146484375,136.10150146484375,35496000,GOOGL
2022-03-23,137.0601806640625,138.27549743652344,139.5885009765625,137.8350067138672,138.70249938964844,25154000,GOOGL
2022-03-24,140.32769775390625,141.57200622558594,141.61900329589844,137.75050354003906,139.1999969482422,26396000,GOOGL
2022-03-25,140.4278106689453,141.67300415039062,142.03500366210938,139.7375030517578,141.91600036621094,24126000,GOOGL
2022-03-28,140.21218872070312,141.45550537109375,142.00250244140625,139.81149291992188,140.90049743652344,35050000,GOOGL
2022-03-29,141.2529754638672,142.5054931640625,143.7935028076172,142.0384979248047,142.6475067138672,34318000,GOOGL
2022-03-30,140.6909637451172,141.93850708007812,142.7205047607422,141.60000610351562,142.4600067138672,19884000,GOOGL
2022-03-31,137.84523010253906,139.0675048828125,142.10800170898438,139.02450561523438,142.05299377441406,37524000,GOOGL
2022-04-01,138.918701171875,140.15049743652344,140.4709930419922,138.3074951171875,139.5,25942000,GOOGL
2022-04-04,141.7148895263672,142.97149658203125,143.71200561523438,140.3105010986328,140.35850524902344,25942000,GOOGL
2022-04-05,139.35533142089844,140.59100341796875,142.99049377441406,140.38250732421875,142.86900329589844,21418000,GOOGL
2022-04-06,135.34783935546875,136.54800415039062,139.36050415039062,135.51699829101562,138.75,32468000,GOOGL
2022-04-07,134.69415283203125,135.8885040283203,137.1645050048828,134.2274932861328,136.00999450683594,26234000,GOOGL
2022-04-08,132.1160125732422,133.28750610351562,135.6699981689453,132.9654998779297,135.58349609375,25142000,GOOGL
2022-04-11,127.69123077392578,128.82350158691406,132.09249877929688,128.6685028076172,131.82350158691406,36884000,GOOGL
2022-04-12,126.59197235107422,127.7145004272461,131.60000610351562,126.78900146484375,131.60000610351562,32710000,GOOGL
2022-04-13,128.7523193359375,129.8939971923828,130.33399963378906,127.74099731445312,128.0,27928000,GOOGL
2022-04-14,125.61613464355469,126.7300033569336,130.47950744628906,126.60099792480469,130.47950744628906,31598000,GOOGL
2022-04-18,126.55431365966797,127.67649841308594,128.21249389648438,126.18199920654297,127.0,20808000,GOOGL
2022-04-19,128.8663330078125,130.00900268554688,130.33299255371094,126.99949645996094,127.69149780273438,26490000,GOOGL
2022-04-20,126.91461181640625,128.0399932861328,131.3990020751953,127.5,130.89199829101562,31696000,GOOGL
2022-04-21,123.71746826171875,124.81449890136719,130.09849548339844,124.52649688720703,129.25,36446000,GOOGL
2022-04-22,118.583984375,119.635498046875,125.4020004272461,118.92500305175781,125.0,56884000,GOOGL
2022-04-25,121.99225616455078,123.0739974975586,123.27749633789062,118.51100158691406,119.10099792480469,46128000,GOOGL
2022-04-26,117.6071548461914,118.6500015258789,122.51000213623047,118.51100158691406,122.29450225830078,73054000,GOOGL
2022-04-27,113.28992462158203,114.29450225830078,117.24199676513672,112.73650360107422,114.46949768066406,91820000,GOOGL
2022-04-28,117.48077392578125,118.52249908447266,119.64949798583984,114.11499786376953,116.41500091552734,48884000,GOOGL
2022-04-29,113.1065673828125,114.1094970703125,117.91999816894531,113.81449890136719,116.7344970703125,42676000,GOOGL
2022-05-02,115.55831146240234,116.58300018310547,116.74549865722656,112.5999984741211,113.40499877929688,35534000,GOOGL
2022-05-03,116.30272674560547,117.33399963378906,118.44200134277344,116.03450012207031,116.43049621582031,24968000,GOOGL
2022-05-04,121.18641662597656,122.26100158691406,122.85449981689453,115.11599731445312,117.03150177001953,49916000,GOOGL
2022-05-05,115.48150634765625,116.50550079345703,121.03900146484375,115.00550079345703,120.2040023803711,45840000,GOOGL
2022-05-06,114.72916412353516,115.74649810791016,117.57150268554688,114.0155029296875,115.18450164794922,39710000,GOOGL
2022-05-09,111.52210235595703,112.51100158691406,115.0770034790039,112.00050354003906,113.25,40802000,GOOGL
2022-05-10,113.38954162597656,114.3949966430664,116.25,112.90049743652344,115.50749969482422,39900000,GOOGL
2022-05-11,112.60401153564453,113.60250091552734,116.364501953125,113.23650360107422,113.23650360107422,37534000,GOOGL
2022-05-12,111.8521728515625,112.84400177001953,114.29499816894531,109.82450103759766,111.37750244140625,53836000,GOOGL
2022-05-13,115.03050231933594,116.05049896240234,117.875,113.6050033569336,114.53299713134766,35038000,GOOGL
2022-05-16,113.43911743164062,114.44499969482422,116.16999816894531,113.8895034790039,114.95549774169922,25990000,GOOGL
2022-05-17,115.44927215576172,116.4729995727539,116.9000015258789,114.87000274658203,116.84049987792969,23054000,GOOGL
2022-05-18,110.91598510742188,111.89949798583984,115.4000015258789,111.55549621582031,115.0,35126000,GOOGL
2022-05-19,109.4137954711914,110.38400268554688,113.01000213623047,110.0,111.43150329589844,34144000,GOOGL
2022-05-20,107.95077514648438,108.90799713134766,112.18350219726562,105.79650115966797,111.95099639892578,48962000,GOOGL
2022-05-23,110.50810241699219,111.48799896240234,112.14749908447266,108.74099731445312,109.5875015258789,37184000,GOOGL
2022-05-24,105.03860473632812,105.97000122070312,106.45850372314453,101.8844985961914,105.77200317382812,76780000,GOOGL
2022-05-25,104.87506103515625,105.80500030517578,106.5,103.85649871826172,104.9854965209961,40258000,GOOGL
2022-05-26,106.84508514404297,107.7925033569336,108.64949798583984,105.2249984741211,105.677001953125,37948000,GOOGL
2022-05-27,111.32930755615234,112.31649780273438,112.31800079345703,109.13849639892578,109.48300170898438,37914000,GOOGL
2022-05-31,112.76211547851562,113.76200103759766,115.73500061035156,112.07849884033203,112.74649810791016,50012000,GOOGL
2022-06-01,112.8909683227539,113.89199829101562,117.10150146484375,113.25,114.8550033569336,36606000,GOOGL
2022-06-02,116.58867645263672,117.62249755859375,117.89949798583984,112.94650268554688,114.0,37992000,GOOGL
2022-06-03,113.53426361083984,114.54100036621094,116.32150268554688,113.51850128173828,116.0625,26136000,GOOGL
2022-06-06,115.79373931884766,116.82050323486328,119.34700012207031,116.16400146484375,116.70449829101562,33542000,GOOGL
2022-06-07,116.11983489990234,117.14949798583984,117.69100189208984,115.052001953125,115.48049926757812,31590000,GOOGL
2022-06-08,116.16393280029297,117.19400024414062,118.57050323486328,116.5999984741211,116.7614974975586,26108000,GOOGL
2022-06-09,113.826171875,114.83550262451172,118.29900360107422,114.7760009765625,116.32749938964844,25798000,GOOGL
2022-06-10,110.18446350097656,111.1614990234375,113.27899932861328,110.36599731445312,112.44499969482422,41452000,GOOGL
2022-06-13,105.4573974609375,106.39250183105469,108.79149627685547,106.11900329589844,106.7864990234375,47252000,GOOGL
2022-06-14,105.77753448486328,106.71549987792969,107.92449951171875,105.80000305175781,106.53500366210938,33706000,GOOGL
2022-06-15,108.79975891113281,109.7645034790039,111.42350006103516,107.66950225830078,108.54499816894531,39698000,GOOGL
2022-06-16,105.10153198242188,106.03350067138672,108.64849853515625,105.13800048828125,107.22100067138672,51684000,GOOGL
2022-06-17,106.2017822265625,107.14350128173828,108.69950103759766,105.0459976196289,106.03350067138672,51376000,GOOGL
2022-06-21,110.56361389160156,111.54399871826172,112.489501953125,108.5999984741211,108.92949676513672,47416000,GOOGL
2022-06-22,110.50761413574219,111.48750305175781,113.34649658203125,110.38249969482422,110.55650329589844,30774000,GOOGL
2022-06-23,111.25547790527344,112.24199676513672,112.74250030517578,110.50050354003906,112.23149871826172,28362000,GOOGL
2022-06-24,116.93809509277344,117.9749984741211,118.0790023803711,112.95249938964844,112.99500274658203,41164000,GOOGL
2022-06-27,114.8154067993164,115.83350372314453,118.57949829101562,115.17949676513672,118.27300262451172,36420000,GOOGL
2022-06-28,111.02303314208984,112.00749969482422,117.30950164794922,111.8479995727539,115.80249786376953,35792000,GOOGL
2022-06-29,110.71971893310547,111.70149993896484,113.1604995727539,110.87249755859375,111.552001953125,24716000,GOOGL
2022-06-30,108.00528717041016,108.96299743652344,110.88800048828125,106.75,110.0,43170000,GOOGL
2022-07-01,107.78177642822266,108.73750305175781,109.25,106.73049926757812,107.93299865722656,35476000,GOOGL
2022-07-05,112.26750183105469,113.26300048828125,113.37699890136719,105.73149871826172,107.10050201416016,39342000,GOOGL
2022-07-06,113.56500244140625,114.5719985961914,115.5895004272461,111.47599792480469,113.302001953125,37432000,GOOGL
2022-07-07,117.73898315429688,118.78299713134766,119.18949890136719,114.83350372314453,115.08000183105469,40936000,GOOGL
2022-07-08,118.3044662475586,119.35350036621094,119.68499755859375,116.90149688720703,117.25,38238000,GOOGL
2022-07-11,114.65978240966797,115.67649841308594,117.99800109863281,115.33049774169922,117.99800109863281,31196000,GOOGL
2022-07-12,113.0183334350586,114.02050018310547,116.9739990234375,113.69000244140625,116.21499633789062,29960000,GOOGL
2022-07-13,110.37477111816406,111.35350036621094,114.19599914550781,111.20149993896484,111.70099639892578,43722000,GOOGL
2022-07-14,109.3974380493164,110.36750030517578,111.09300231933594,108.37300109863281,110.21050262451172,37004000,GOOGL
2022-07-15,110.7950439453125,111.77749633789062,113.1405029296875,110.9000015258789,112.00050354003906,46770000,GOOGL
2022-07-18,108.07170104980469,109.02999877929688,113.68000030517578,108.37000274658203,112.63999938964844,43164600,GOOGL
2022-07-19,112.8096923828125,113.80999755859375,114.0199966430664,109.55999755859375,110.8499984741211,36530900,GOOGL
2022-07-20,112.89889526367188,113.9000015258789,115.4000015258789,112.4800033569336,113.16999816894531,35600400,GOOGL
2022-07-21,113.33503723144531,114.33999633789062,114.55000305175781,111.11000061035156,114.27999877929688,32676200,GOOGL
2022-07-22,106.95162200927734,107.9000015258789,112.33999633789062,106.5,111.0,48901200,GOOGL
2022-07-25,106.5650634765625,107.51000213623047,109.87000274658203,106.30000305175781,108.41000366210938,34690900,GOOGL
2022-07-26,104.09693908691406,105.0199966430664,107.19999694824219,104.06999969482422,106.5999984741211,47991000,GOOGL
2022-07-27,112.06627655029297,113.05999755859375,113.91000366210938,108.01000213623047,109.26000213623047,59858500,GOOGL
2022-07-28,113.21607971191406,114.22000122070312,114.33999633789062,111.45999908447266,112.37000274658203,32816600,GOOGL
2022-07-29,115.29763793945312,116.31999969482422,116.70999908447266,113.05999755859375,113.08000183105469,37223400,GOOGL
2022-08-01,113.85045623779297,114.86000061035156,116.72000122070312,114.33999633789062,115.30000305175781,26034300,GOOGL
2022-08-02,114.11808013916016,115.12999725341797,116.3499984741211,113.72000122070312,114.0,20236000,GOOGL
2022-08-03,117.04216003417969,118.08000183105469,118.62000274658203,115.4800033569336,115.70999908447266,28499000,GOOGL
2022-08-04,117.15119171142578,118.19000244140625,118.77999877929688,116.88999938964844,117.4800033569336,21602900,GOOGL
2022-08-05,116.4375228881836,117.47000122070312,118.11000061035156,116.0,116.2300033569336,19159500,GOOGL
2022-08-08,116.26902770996094,117.30000305175781,120.1500015258789,116.87999725341797,118.38999938964844,19138300,GOOGL
2022-08-09,115.60489654541016,116.62999725341797,117.31999969482422,115.70999908447266,117.13999938964844,19086500,GOOGL
2022-08-10,118.64791870117188,119.69999694824219,120.91999816894531,118.41000366210938,118.77999877929688,30930400,GOOGL
2022-08-11,117.79547119140625,118.83999633789062,121.48999786376953,118.55999755859375,121.27999877929688,24293700,GOOGL
2022-08-12,120.61051940917969,121.68000030517578,121.68000030517578,119.45999908447266,120.26000213623047,19096300,GOOGL
2022-08-15,121.00699615478516,122.08000183105469,122.30000305175781,120.61000061035156,121.12999725341797,19494800,GOOGL
2022-08-16,120.6303482055664,121.69999694824219,122.43000030517578,120.63999938964844,121.5199966430664,19041200,GOOGL
2022-08-17,118.49925231933594,119.55000305175781,121.29000091552734,119.37999725341797,120.12000274658203,22847000,GOOGL
2022-08-18,119.1137924194336,120.16999816894531,120.81999969482422,118.72000122070312,119.43000030517578,17987700,GOOGL
2022-08-19,116.17980194091797,117.20999908447266,119.1500015258789,116.76000213623047,119.05999755859375,21809500,GOOGL
2022-08-22,113.23591613769531,114.23999786376953,115.62999725341797,113.8499984741211,115.19999694824219,21456600,GOOGL
2022-08-23,112.8592529296875,113.86000061035156,115.01000213623047,113.43000030517578,113.4800033569336,15870400,GOOGL
2022-08-24,112.69075012207031,113.69000244140625,114.77999877929688,112.87000274658203,113.5,17734600,GOOGL
2022-08-25,115.62472534179688,116.6500015258789,116.72000122070312,114.11000061035156,114.23999786376953,16956800,GOOGL
2022-08-26,109.37018585205078,110.33999633789062,115.12000274658203,110.19000244140625,114.72000122070312,37245700,GOOGL
2022-08-29,108.45828247070312,109.41999816894531,110.94999694824219,108.80000305175781,109.98999786376953,21191200,GOOGL
2022-08-30,107.98249816894531,108.94000244140625,110.5,107.80000305175781,110.16999816894531,27513300,GOOGL
2022-08-31,107.26882934570312,108.22000122070312,110.8499984741211,108.12999725341797,110.6500015258789,28627000,GOOGL
2022-09-01,108.77546691894531,109.73999786376953,110.44999694824219,107.36000061035156,108.27999877929688,28360900,GOOGL
2022-09-02,106.9020767211914,107.8499984741211,110.73999786376953,107.26000213623047,110.58999633789062,24160700,GOOGL
2022-09-06,105.87120819091797,106.80999755859375,108.02999877929688,105.77999877929688,107.30000305175781,25068300,GOOGL
2022-09-07,108.48799133300781,109.44999694824219,109.9800033569336,106.9000015258789,107.05999755859375,23167000,GOOGL
2022-09-08,107.42740631103516,108.37999725341797,109.5999984741211,107.16000366210938,108.04000091552734,24238300,GOOGL
2022-09-09,109.6774673461914,110.6500015258789,110.98999786376953,109.0199966430664,109.06999969482422,23197700,GOOGL
2022-09-12,109.8856201171875,110.86000061035156,111.62000274658203,109.93000030517578,110.98999786376953,22966800,GOOGL
2022-09-13,103.40310668945312,104.31999969482422,108.30000305175781,104.08999633789062,107.80000305175781,38172900,GOOGL
2022-09-14,104.07711791992188,105.0,105.27999877929688,103.66000366210938,104.56999969482422,26395100,GOOGL
2022-09-15,102.0054931640625,102.91000366210938,105.2699966430664,102.3499984741211,104.02999877929688,34188300,GOOGL
2022-09-16,101.89646911621094,102.80000305175781,103.12999725341797,100.94000244140625,102.06999969482422,42797200,GOOGL
2022-09-19,102.1640853881836,103.06999969482422,103.33000183105469,101.55000305175781,101.75,23036800,GOOGL
2022-09-20,100.25106048583984,101.13999938964844,102.37000274658203,100.5199966430664,102.08000183105469,26517100,GOOGL
2022-09-21,98.40739440917969,99.27999877929688,102.87999725341797,99.2699966430664,101.66999816894531,31487300,GOOGL
2022-09-22,99.25984191894531,100.13999938964844,101.23999786376953,98.79000091552734,98.81999969482422,34298600,GOOGL
2022-09-23,97.87213897705078,98.73999786376953,99.66000366210938,97.47000122070312,99.62999725341797,31625400,GOOGL
2022-09-26,97.3071517944336,98.16999816894531,99.87999725341797,97.80000305175781,98.0999984741211,27072700,GOOGL
2022-09-27,96.6430435180664,97.5,100.0,96.87000274658203,99.43000030517578,30072800,GOOGL
2022-09-28,99.17063903808594,100.05000305175781,100.69999694824219,97.11000061035156,97.6500015258789,32466300,GOOGL
2022-09-29,96.56375122070312,97.41999816894531,98.63999938964844,95.95999908447266,98.63999938964844,31047200,GOOGL
2022-09-30,94.8093032836914,95.6500015258789,98.9000015258789,95.55999755859375,97.05000305175781,32941500,GOOGL
2022-10-03,97.77302551269531,98.63999938964844,99.29000091552734,96.5199966430664,96.76000213623047,27982000,GOOGL
2022-10-04,100.74665832519531,101.63999938964844,101.83999633789062,100.37999725341797,100.44000244140625,28850800,GOOGL
2022-10-05,100.53850555419922,101.43000030517578,101.93000030517578,98.80000305175781,99.83000183105469,22176900,GOOGL
2022-10-06,100.52859497070312,101.41999816894531,102.93000030517578,100.58999633789062,100.68000030517578,22324000,GOOGL
2022-10-07,97.81267547607422,98.68000030517578,100.52999877929688,98.30000305175781,99.8499984741211,27502800,GOOGL
2022-10-10,96.9998779296875,97.86000061035156,99.0999984741211,97.01000213623047,99.0,18225100,GOOGL
2022-10-11,96.32585144042969,97.18000030517578,99.25,96.30999755859375,97.43000030517578,26507100,GOOGL
2022-10-12,96.7025146484375,97.55999755859375,98.75,96.73999786376953,97.30000305175781,21876400,GOOGL
2022-10-13,98.1893310546875,99.05999755859375,99.77999877929688,94.37999725341797,95.1500015258789,34574500,GOOGL
2022-10-14,95.7113037109375,96.55999755859375,100.69000244140625,96.37000274658203,99.98999786376953,25410700,GOOGL
2022-10-17,99.09134674072266,99.97000122070312,100.93000030517578,98.83000183105469,98.86000061035156,28419200,GOOGL
2022-10-18,99.8843002319336,100.7699966430664,103.47000122070312,99.97000122070312,103.12999725341797,24060700,GOOGL
2022-10-19,98.75434112548828,99.62999725341797,101.0199966430664,98.91999816894531,100.01000213623047,23811100,GOOGL
2022-10-20,99.09134674072266,99.97000122070312,102.31999969482422,99.38999938964844,100.0,25323200,GOOGL
2022-10-21,100.24113464355469,101.12999725341797,101.30999755859375,97.72000122070312,97.8499984741211,32458700,GOOGL
2022-10-24,101.6189193725586,102.5199966430664,102.75,99.9800033569336,101.80000305175781,27176400,GOOGL
2022-10-25,103.56169891357422,104.4800033569336,104.81999969482422,102.72000122070312,102.9000015258789,40611400,GOOGL
2022-10-26,94.09564208984375,94.93000030517578,98.30999755859375,94.69000244140625,96.43000030517578,88114100,GOOGL
2022-10-27,91.40945434570312,92.22000122070312,95.43000030517578,91.80000305175781,94.5199966430664,60710900,GOOGL
2022-10-28,95.44367980957031,96.29000091552734,96.55000305175781,92.12999725341797,92.2699966430664,43697300,GOOGL
2022-10-31,93.6793212890625,94.51000213623047,96.02999877929688,93.9800033569336,95.41999816894531,31675000,GOOGL
2022-11-01,89.67481994628906,90.47000122070312,96.02999877929688,90.37000274658203,95.44999694824219,47161400,GOOGL
2022-11-02,86.20559692382812,86.97000122070312,91.18000030517578,86.87999725341797,90.94000244140625,57038300,GOOGL
2022-11-03,82.69670867919922,83.43000030517578,86.5199966430664,83.33999633789062,86.31999969482422,61288000,GOOGL
2022-11-04,85.81903076171875,86.58000183105469,86.63999938964844,83.70999908447266,85.4000015258789,51124900,GOOGL
2022-11-07,87.71223449707031,88.48999786376953,88.9000015258789,86.8499984741211,87.27999877929688,34078900,GOOGL
2022-11-08,88.11863708496094,88.9000015258789,90.31999969482422,87.58999633789062,88.9000015258789,30429000,GOOGL
2022-11-09,86.55252838134766,87.31999969482422,89.44000244140625,87.27999877929688,88.44999694824219,31769100,GOOGL
2022-11-10,93.11434173583984,93.94000244140625,94.38999938964844,91.61000061035156,92.25,51620100,GOOGL
2022-11-11,95.56262969970703,96.41000366210938,96.93000030517578,93.91999816894531,94.69000244140625,33090500,GOOGL
2022-11-14,94.85885620117188,95.69999694824219,96.79000091552734,94.51000213623047,95.08999633789062,30179500,GOOGL
2022-11-15,97.57479858398438,98.44000244140625,100.13999938964844,96.70999908447266,98.26000213623047,41640800,GOOGL
2022-11-16,97.98117065429688,98.8499984741211,99.63999938964844,97.63999938964844,97.9000015258789,29105200,GOOGL
2022-11-17,97.49549865722656,98.36000061035156,99.27999877929688,96.79000091552734,96.97000122070312,26052600,GOOGL
2022-11-18,96.57366180419922,97.43000030517578,98.9000015258789,96.37000274658203,98.7699966430664,28342300,GOOGL
2022-11-21,94.75975799560547,95.5999984741211,98.4000015258789,95.36000061035156,97.29000091552734,21647400,GOOGL
2022-11-22,96.19701385498047,97.05000305175781,97.22000122070312,94.05000305175781,95.94999694824219,23438500,GOOGL
2022-11-23,97.59461212158203,98.45999908447266,98.76000213623047,97.08999633789062,97.08999633789062,18868100,GOOGL
2022-11-25,96.60340118408203,97.45999908447266,98.63999938964844,97.4000015258789,98.23999786376953,9701400,GOOGL
2022-11-28,95.2057876586914,96.05000305175781,97.58000183105469,95.61000061035156,97.04000091552734,26237500,GOOGL
2022-11-29,94.35335540771484,95.19000244140625,96.12000274658203,94.11000061035156,95.7300033569336,20061700,GOOGL
2022-11-30,100.10236358642578,100.98999786376953,101.04000091552734,94.41999816894531,94.81999969482422,43647500,GOOGL
2022-12-01,100.10236358642578,100.98999786376953,102.25,100.25,101.0199966430664,28687100,GOOGL
2022-12-02,99.55718994140625,100.44000244140625,100.7699966430664,98.9000015258789,99.05000305175781,21480700,GOOGL
2022-12-05,98.60562896728516,99.4800033569336,101.37999725341797,99.0,99.4000015258789,24405100,GOOGL
2022-12-06,96.12762451171875,96.9800033569336,99.77999877929688,96.41999816894531,99.30000305175781,24910700,GOOGL
2022-12-07,94.10554504394531,94.94000244140625,96.87999725341797,94.72000122070312,96.41000366210938,31045400,GOOGL
2022-12-08,92.88636016845703,93.70999908447266,95.58000183105469,93.44999694824219,95.37999725341797,32213300,GOOGL
2022-12-09,92.01408386230469,92.83000183105469,94.26000213623047,92.75,93.7699966430664,28225400,GOOGL
2022-12-12,92.48986053466797,93.30999755859375,93.55999755859375,91.61000061035156,92.70999908447266,29420000,GOOGL
2022-12-13,94.78947448730469,95.62999725341797,99.52999877929688,95.02999877929688,97.76000213623047,40593700,GOOGL
2022-12-14,94.23441314697266,95.06999969482422,96.87000274658203,93.5999984741211,95.19999694824219,28733600,GOOGL
2022-12-15,90.0614013671875,90.86000061035156,93.63999938964844,90.01000213623047,93.12999725341797,40107000,GOOGL
2022-12-16,89.46669006347656,90.26000213623047,91.33000183105469,89.5199966430664,90.76000213623047,58011800,GOOGL
2022-12-19,87.66268157958984,88.44000244140625,90.55999755859375,88.20999908447266,90.26000213623047,29493000,GOOGL
2022-12-20,88.23757934570312,89.0199966430664,89.18000030517578,87.44000244140625,88.11000061035156,23453800,GOOGL
2022-12-21,88.79265594482422,89.58000183105469,90.22000122070312,88.31999969482422,89.08000183105469,24745600,GOOGL
2022-12-22,86.98865509033203,87.76000213623047,88.54000091552734,86.31999969482422,88.16000366210938,27658300,GOOGL
2022-12-23,88.44573211669922,89.2300033569336,89.55000305175781,87.06999969482422,87.11000061035156,23003000,GOOGL
2022-12-27,86.62190246582031,87.38999938964844,88.94000244140625,87.01000213623047,88.80000305175781,20097300,GOOGL
2022-12-28,85.26394653320312,86.0199966430664,88.04000091552734,85.94000244140625,86.9800033569336,19523200,GOOGL
2022-12-29,87.67257690429688,88.44999694824219,88.8499984741211,86.61000061035156,86.62000274658203,23333500,GOOGL
2022-12-30,87.45452117919922,88.2300033569336,88.30000305175781,86.56999969482422,86.9800033569336,23986300,GOOGL
2023-01-03,88.33670043945312,89.12000274658203,91.05000305175781,88.5199966430664,89.58999633789062,28131200,GOOGL
2023-01-04,87.30584716796875,88.08000183105469,90.6500015258789,87.2699966430664,90.3499984741211,34854800,GOOGL
2023-01-05,85.4423599243164,86.19999694824219,87.56999969482422,85.9000015258789,87.47000122070312,27194400,GOOGL
2023-01-06,86.57234954833984,87.33999633789062,87.69000244140625,84.86000061035156,86.79000091552734,41381500,GOOGL
2023-01-09,87.24636840820312,88.0199966430664,90.05000305175781,87.86000061035156,88.36000061035156,29003900,GOOGL
2023-01-10,87.64285278320312,88.41999816894531,88.66999816894531,85.83000183105469,85.9800033569336,30467800,GOOGL
2023-01-11,90.7155990600586,91.5199966430664,91.5999984741211,89.01000213623047,89.18000030517578,26862000,GOOGL
2023-01-12,90.32903289794922,91.12999725341797,91.87000274658203,89.75,91.4800033569336,30258100,GOOGL
2023-01-13,91.31033325195312,92.12000274658203,92.19000244140625,90.12999725341797,90.8499984741211,26329200,GOOGL
2023-01-17,90.48762512207031,91.29000091552734,92.25,90.05000305175781,92.05999755859375,32602400,GOOGL
2023-01-18,90.31912231445312,91.12000274658203,92.80000305175781,90.63999938964844,92.13999938964844,29116700,GOOGL
2023-01-19,92.2321548461914,93.05000305175781,93.61000061035156,90.62999725341797,90.72000122070312,37000400,GOOGL
2023-01-20,97.1584701538086,98.0199966430664,98.30000305175781,95.0199966430664,95.0999984741211,63191100,GOOGL
2023-01-23,98.91291809082031,99.79000091552734,100.04000091552734,97.5,97.94999694824219,40005100,GOOGL
2023-01-24,96.8412857055664,97.69999694824219,99.61000061035156,97.19999694824219,98.0999984741211,33078500,GOOGL
2023-01-25,94.3830795288086,95.22000122070312,96.16000366210938,93.76000213623047,95.56999969482422,42330000,GOOGL
2023-01-26,96.6628646850586,97.5199966430664,97.56999969482422,95.37999725341797,96.5,30114000,GOOGL
2023-01-27,98.49661254882812,99.37000274658203,100.31999969482422,97.30999755859375,97.30999755859375,33879800,GOOGL
2023-01-30,96.08797454833984,96.94000244140625,98.29000091552734,96.4000015258789,97.4800033569336,27226200,GOOGL
2023-01-31,97.97127532958984,98.83999633789062,98.87999725341797,96.81999969482422,96.87000274658203,29870700,GOOGL
2023-02-01,99.54728698730469,100.43000030517578,101.19000244140625,97.58000183105469,98.70999908447266,35531100,GOOGL
2023-02-02,106.79303741455078,107.73999786376953,107.8499984741211,105.61000061035156,105.80000305175781,69883800,GOOGL
2023-02-03,103.85905456542969,104.77999877929688,107.80999755859375,102.58000183105469,102.93000030517578,65309300,GOOGL
2023-02-06,101.99557495117188,102.9000015258789,104.36000061035156,101.87999725341797,102.4000015258789,31999600,GOOGL
2023-02-07,106.69393157958984,107.63999938964844,108.18000030517578,103.12000274658203,103.22000122070312,49010200,GOOGL
2023-02-08,98.49661254882812,99.37000274658203,103.13999938964844,98.04000091552734,102.05000305175781,94743500,GOOGL
2023-02-09,94.17493438720703,95.01000213623047,100.02999877929688,93.62999725341797,100.0,119455000,GOOGL
2023-02-10,93.73880004882812,94.56999969482422,96.75,94.25,95.44999694824219,54980700,GOOGL
2023-02-13,93.77845001220703,94.61000061035156,95.19999694824219,93.83999633789062,94.73999786376953,50076100,GOOGL
2023-02-14,93.84783172607422,94.68000030517578,94.8499984741211,92.26000213623047,94.43000030517578,54726100,GOOGL
2023-02-15,96.08797454833984,96.94000244140625,97.12000274658203,94.1500015258789,94.48999786376953,50169000,GOOGL
2023-02-16,94.6705322265625,95.51000213623047,97.68000030517578,94.73999786376953,95.37000274658203,42462600,GOOGL
2023-02-17,93.52073669433594,94.3499984741211,95.55999755859375,93.20999908447266,94.8499984741211,34284100,GOOGL
2023-02-21,90.98323059082031,91.79000091552734,93.0999984741211,91.72000122070312,93.0,33629300,GOOGL
2023-02-22,90.8444595336914,91.6500015258789,92.11000061035156,90.61000061035156,91.69999694824219,30884000,GOOGL
2023-02-23,90.09114837646484,90.88999938964844,91.94000244140625,89.76000213623047,91.91999816894531,41206400,GOOGL
2023-02-24,88.34659576416016,89.12999725341797,89.88999938964844,88.58000183105469,89.44000244140625,36585100,GOOGL
2023-02-27,89.0801010131836,89.87000274658203,90.16000366210938,89.33999633789062,89.87000274658203,27502300,GOOGL
2023-02-28,89.2684326171875,90.05999755859375,91.2300033569336,89.31999969482422,89.33000183105469,30142000,GOOGL
2023-03-01,89.56580352783203,90.36000061035156,91.02999877929688,89.66999816894531,89.9800033569336,31111200,GOOGL
2023-03-02,91.19139099121094,92.0,92.27999877929688,89.58999633789062,89.66000366210938,32204400,GOOGL
2023-03-03,92.8268814086914,93.6500015258789,93.7300033569336,92.44999694824219,92.4800033569336,35160100,GOOGL
2023-03-06,94.29387664794922,95.12999725341797,95.97000122070312,94.0,94.0199966430664,32639300,GOOGL
2023-03-07,93.03504180908203,93.86000061035156,95.66999816894531,93.52999877929688,94.9800033569336,27835500,GOOGL
2023-03-08,93.42162322998047,94.25,95.95999908447266,94.0,94.12000274658203,34103300,GOOGL
2023-03-09,91.50857543945312,92.31999969482422,95.52999877929688,91.9000015258789,94.05000305175781,28813500,GOOGL
2023-03-10,89.83341979980469,90.62999725341797,92.79000091552734,90.4000015258789,92.16999816894531,35941000,GOOGL
2023-03-13,90.3092041015625,91.11000061035156,92.56999969482422,89.41999816894531,90.08999633789062,37335600,GOOGL
2023-03-14,93.14407348632812,93.97000122070312,94.36000061035156,92.44000244140625,92.55999755859375,36050200,GOOGL
2023-03-15,95.26525115966797,96.11000061035156,96.93000030517578,92.63999938964844,93.22000122070312,50622100,GOOGL
2023-03-16,99.43824768066406,100.31999969482422,101.19000244140625,95.5,96.19999694824219,65492000,GOOGL
2023-03-17,100.72684478759766,101.62000274658203,102.83999633789062,100.0999984741211,100.26000213623047,61028500,GOOGL
2023-03-20,100.3303451538086,101.22000122070312,101.75,99.87000274658203,100.12000274658203,32960400,GOOGL
2023-03-21,103.9978256225586,104.91999816894531,105.0999984741211,101.22000122070312,101.25,42110300,GOOGL
2023-03-22,102.4614486694336,103.37000274658203,106.58999633789062,103.33000183105469,104.2699966430664,43427400,GOOGL
2023-03-23,104.67184448242188,105.5999984741211,106.30000305175781,104.45999908447266,105.05999755859375,40797800,GOOGL
2023-03-24,104.51325988769531,105.44000244140625,105.48999786376953,103.83999633789062,104.98999786376953,30393300,GOOGL
2023-03-27,101.55946350097656,102.45999908447266,104.76000213623047,101.93000030517578,104.62000274658203,31120900,GOOGL
2023-03-28,100.14200592041016,101.02999877929688,102.44999694824219,99.73999786376953,102.44000244140625,32057900,GOOGL
2023-03-29,100.49884796142578,101.38999938964844,102.48999786376953,100.6500015258789,102.27999877929688,28779600,GOOGL
2023-03-30,100.00324249267578,100.88999938964844,101.16000366210938,99.77999877929688,100.91000366210938,33086200,GOOGL
2023-03-31,102.81829071044922,103.7300033569336,103.88999938964844,101.04000091552734,101.30000305175781,36863400,GOOGL
2023-04-03,103.44275665283203,104.36000061035156,104.52999877929688,101.93000030517578,102.38999938964844,25035400,GOOGL
2023-04-04,103.79957580566406,104.72000122070312,105.58000183105469,104.04000091552734,104.33000183105469,24420100,GOOGL
2023-04-05,103.55177307128906,104.47000122070312,106.0999984741211,103.66000366210938,105.77999877929688,28290500,GOOGL
2023-04-06,107.4670639038086,108.41999816894531,109.16999816894531,104.33000183105469,105.26000213623047,48711500,GOOGL
2023-04-10,105.50447082519531,106.44000244140625,107.58999633789062,105.12000274658203,106.9800033569336,27067400,GOOGL
2023-04-11,104.42405700683594,105.3499984741211,106.7300033569336,104.68000030517578,106.55000305175781,26311800,GOOGL
2023-04-12,103.72028350830078,104.63999938964844,106.75,104.33999633789062,106.58000183105469,24370300,GOOGL
2023-04-13,106.48575592041016,107.43000030517578,107.48999786376953,105.83999633789062,105.83999633789062,24843600,GOOGL
2023-04-14,107.91312408447266,108.87000274658203,108.94000244140625,106.83999633789062,106.88999938964844,26578000,GOOGL
2023-04-17,105.03860473632812,105.97000122070312,106.16000366210938,104.5199966430664,104.66000366210938,37571200,GOOGL
2023-04-18,103.58152770996094,104.5,106.54000091552734,104.06999969482422,106.48999786376953,26596400,GOOGL
2023-04-19,103.26433563232422,104.18000030517578,104.9800033569336,103.06999969482422,103.58000183105469,20905700,GOOGL
2023-04-20,104.36458587646484,105.29000091552734,106.25,103.87000274658203,103.91000366210938,27820800,GOOGL
2023-04-21,104.4835205078125,105.41000366210938,106.0,104.77999877929688,105.47000122070312,25800100,GOOGL
2023-04-24,105.03860473632812,105.97000122070312,106.62999725341797,104.69999694824219,105.48999786376953,23542800,GOOGL
2023-04-25,102.93724060058594,103.8499984741211,106.69000244140625,103.83999633789062,105.83000183105469,46664100,GOOGL
2023-04-26,102.79846954345703,103.70999908447266,106.3499984741211,102.62999725341797,104.91999816894531,53347600,GOOGL
2023-04-27,106.64435577392578,107.58999633789062,108.37000274658203,103.54000091552734,104.44999694824219,50089200,GOOGL
2023-04-28,106.39655303955078,107.33999633789062,107.3499984741211,105.08999633789062,107.04000091552734,36139800,GOOGL
2023-05-01,106.2577896118164,107.19999694824219,107.98999786376953,106.81999969482422,106.83999633789062,26681700,GOOGL
2023-05-02,104.3943099975586,105.31999969482422,107.19999694824219,103.70999908447266,107.13999938964844,30997200,GOOGL
2023-05-03,104.4835205078125,105.41000366210938,107.48999786376953,104.95999908447266,105.52999877929688,21795400,GOOGL
2023-05-04,103.76985931396484,104.69000244140625,105.5999984741211,103.97000122070312,105.48999786376953,23419500,GOOGL
2023-05-05,104.64212036132812,105.56999969482422,105.87999725341797,104.11000061035156,104.81999969482422,26639300,GOOGL
2023-05-08,106.82276916503906,107.7699966430664,107.95999908447266,105.16000366210938,105.18000030517578,26511400,GOOGL
2023-05-09,106.40646362304688,107.3499984741211,110.1500015258789,107.19000244140625,108.38999938964844,36360100,GOOGL
2023-05-10,110.76779174804688,111.75,112.94000244140625,107.93000030517578,107.97000122070312,63153400,GOOGL
2023-05-11,115.54542541503906,116.56999969482422,117.91999816894531,114.41000366210938,115.4000015258789,78900000,GOOGL
2023-05-12,116.47716522216797,117.51000213623047,118.02999877929688,116.11000061035156,116.68000030517578,41102300,GOOGL
2023-05-15,115.48595428466797,116.51000213623047,118.4800033569336,116.01000213623047,116.11000061035156,36266800,GOOGL
2023-05-16,118.45958709716797,119.51000213623047,120.75,116.43000030517578,116.48999786376953,45035600,GOOGL
2023-05-17,119.77790832519531,120.83999633789062,121.66999816894531,118.88999938964844,119.61000061035156,33323600,GOOGL
2023-05-18,121.75041961669922,122.83000183105469,123.30999755859375,120.83000183105469,120.94999694824219,35234200,GOOGL
2023-05-19,121.6810302734375,122.76000213623047,125.97000122070312,122.1500015258789,123.55000305175781,41353400,GOOGL
2023-05-22,123.95089721679688,125.05000305175781,126.43000030517578,122.73999786376953,122.94000244140625,35253000,GOOGL
2023-05-23,121.48278045654297,122.55999755859375,124.62999725341797,122.20999908447266,124.16000366210938,34046300,GOOGL
2023-05-24,119.83738708496094,120.9000015258789,121.91000366210938,119.86000061035156,121.12000274658203,34182600,GOOGL
2023-05-25,122.39470672607422,123.4800033569336,125.31999969482422,121.95999908447266,124.5199966430664,42317000,GOOGL
2023-05-26,123.51476287841797,124.61000061035156,125.26000213623047,122.44999694824219,123.16999816894531,35635900,GOOGL
2023-05-30,122.58302307128906,123.66999816894531,125.66000366210938,122.0,125.63999938964844,35076700,GOOGL
2023-05-31,121.7900619506836,122.87000274658203,124.05999755859375,122.5,122.75,37325800,GOOGL
2023-06-01,122.63258361816406,123.72000122070312,124.41999816894531,122.62000274658203,122.81999969482422,30772700,GOOGL
2023-06-02,123.5742416381836,124.66999816894531,126.1500015258789,123.76000213623047,123.98999786376953,26980100,GOOGL
2023-06-05,124.9024658203125,126.01000213623047,127.43000030517578,123.83999633789062,124.01000213623047,32305500,GOOGL
2023-06-06,126.1910400390625,127.30999755859375,128.2899932861328,125.36000061035156,126.01000213623047,26638300,GOOGL
2023-06-07,121.42330932617188,122.5,129.0399932861328,122.12000274658203,126.97000122070312,52539000,GOOGL
2023-06-08,121.06647491455078,122.13999938964844,123.2300033569336,121.23999786376953,122.2300033569336,29389200,GOOGL
2023-06-09,121.15567779541016,122.2300033569336,123.76000213623047,121.91000366210938,122.25,23778300,GOOGL
2023-06-12,122.55329132080078,123.63999938964844,124.05000305175781,121.66000366210938,122.79000091552734,28306400,GOOGL
2023-06-13,122.74163055419922,123.83000183105469,125.16000366210938,123.18000030517578,124.9800033569336,22278300,GOOGL
2023-06-14,122.58302307128906,123.66999816894531,124.05000305175781,121.44999694824219,123.0999984741211,30592300,GOOGL
2023-06-15,123.99053955078125,125.08999633789062,125.45999908447266,122.4000015258789,123.13999938964844,35246300,GOOGL
2023-06-16,122.44425201416016,123.52999877929688,126.11000061035156,123.27999877929688,125.93000030517578,45535600,GOOGL
2023-06-20,122.01803588867188,123.0999984741211,124.56999969482422,122.13999938964844,122.93000030517578,26097500,GOOGL
2023-06-21,119.49044799804688,120.55000305175781,122.66000366210938,120.0999984741211,122.4000015258789,30306300,GOOGL
2023-06-22,122.06759643554688,123.1500015258789,123.23999786376953,118.83000183105469,120.0,26952200,GOOGL
2023-06-23,121.26470947265625,122.33999633789062,122.79000091552734,121.05999755859375,121.37999725341797,34913600,GOOGL
2023-06-26,117.29988098144531,118.33999633789062,122.0,118.2699966430664,120.76000213623047,33969900,GOOGL
2023-06-27,117.28997802734375,118.33000183105469,119.08000183105469,116.0999984741211,117.08000183105469,39535900,GOOGL
2023-06-28,119.12371063232422,120.18000030517578,120.38999938964844,116.8499984741211,117.08999633789062,27091400,GOOGL
2023-06-29,118.05319213867188,119.0999984741211,120.05999755859375,118.30000305175781,119.23999786376953,24090900,GOOGL
2023-06-30,118.64791870117188,119.69999694824219,121.08000183105469,119.69000244140625,120.16999816894531,29532200,GOOGL
2023-07-03,118.8461685180664,119.9000015258789,120.19000244140625,118.81999969482422,119.23999786376953,14467900,GOOGL
2023-07-05,120.67990112304688,121.75,122.61000061035156,119.2300033569336,119.23999786376953,27584800,GOOGL
2023-07-06,119.05431365966797,120.11000061035156,120.30000305175781,118.4000015258789,119.80000305175781,24745200,GOOGL
2023-07-07,118.42985534667969,119.4800033569336,121.05000305175781,119.4000015258789,120.0999984741211,21709500,GOOGL
2023-07-10,115.42648315429688,116.44999694824219,118.30999755859375,116.13999938964844,118.30000305175781,35315200,GOOGL
2023-07-11,116.11042785644531,117.13999938964844,117.70999908447266,115.3499984741211,116.29000091552734,23078800,GOOGL
2023-07-12,117.88469696044922,118.93000030517578,120.33000183105469,118.41000366210938,118.80000305175781,30404400,GOOGL
2023-07-13,123.44538879394531,124.54000091552734,124.83000183105469,120.44999694824219,120.93000030517578,44297900,GOOGL
2023-07-14,124.3176498413086,125.41999816894531,126.77999877929688,123.48999786376953,124.80000305175781,33283100,GOOGL
2023-07-17,123.5544204711914,124.6500015258789,127.0999984741211,124.19999694824219,125.94000244140625,25716200,GOOGL
2023-07-18,122.6722412109375,123.76000213623047,124.68000030517578,122.95999908447266,124.5999984741211,26193600,GOOGL
2023-07-19,120.95743560791016,122.02999877929688,125.18000030517578,121.80000305175781,124.5999984741211,37224000,GOOGL
2023-07-20,118.15231323242188,119.19999694824219,124.08999633789062,118.22000122070312,121.41999816894531,37906800,GOOGL
2023-07-21,118.9651107788086,120.0199966430664,120.98999786376953,118.7300033569336,120.62000274658203,72937900,GOOGL
2023-07-24,120.46183013916016,121.52999877929688,123.0,120.9800033569336,121.66000366210938,29686100,GOOGL
2023-07-25,121.13584899902344,122.20999908447266,123.1500015258789,121.0199966430664,121.36000061035156,52509600,GOOGL
2023-07-26,128.13381958007812,129.27000427246094,130.97999572753906,128.32000732421875,130.07000732421875,61682100,GOOGL
2023-07-27,128.26266479492188,129.39999389648438,133.24000549316406,128.7899932861328,131.6699981689453,44952100,GOOGL
2023-07-28,131.4147186279297,132.5800018310547,133.74000549316406,130.57000732421875,130.77999877929688,36591200,GOOGL
2023-07-31,131.55348205566406,132.72000122070312,133.52999877929688,131.77999877929688,132.72999572753906,28055500,GOOGL
2023-08-01,130.39378356933594,131.5500030517578,132.6300048828125,130.67999267578125,130.77999877929688,23166800,GOOGL
2023-08-02,127.25164031982422,128.3800048828125,130.08999633789062,127.55999755859375,129.4499969482422,26273300,GOOGL
2023-08-03,127.3210220336914,128.4499969482422,129.38999938964844,127.41999816894531,127.97000122070312,20089500,GOOGL
2023-08-04,126.9840087890625,128.11000061035156,131.50999450683594,127.91000366210938,129.27999877929688,26147200,GOOGL
2023-08-07,130.37393188476562,131.52999877929688,131.61000061035156,129.02000427246094,129.16000366210938,22746300,GOOGL
2023-08-08,130.2450714111328,131.39999389648438,131.50999450683594,129.5399932861328,130.6199951171875,23535200,GOOGL
2023-08-09,128.5203857421875,129.66000366210938,132.0399932861328,129.0,131.66000366210938,24912900,GOOGL
2023-08-10,128.5500946044922,129.69000244140625,132.0500030517578,129.4499969482422,131.32000732421875,20857800,GOOGL
2023-08-11,128.4212646484375,129.55999755859375,129.92999267578125,128.1699981689453,128.66000366210938,19591100,GOOGL
2023-08-14,130.1757049560547,131.3300018310547,131.3699951171875,128.9600067138672,129.38999938964844,24695600,GOOGL
2023-08-15,128.63934326171875,129.77999877929688,131.4199981689453,129.27999877929688,131.10000610351562,19770700,GOOGL
2023-08-16,127.56880187988281,128.6999969482422,130.27999877929688,127.87000274658203,128.6999969482422,25216100,GOOGL
2023-08-17,128.778076171875,129.9199981689453,131.99000549316406,129.2899932861328,129.8000030517578,33446300,GOOGL
2023-08-18,126.33970642089844,127.45999908447266,129.25,126.37999725341797,128.50999450683594,30504800,GOOGL
2023-08-21,127.24171447753906,128.3699951171875,128.72999572753906,126.55999755859375,127.18000030517578,25248700,GOOGL
2023-08-22,127.94548034667969,129.0800018310547,130.27999877929688,128.32000732421875,128.50999450683594,22054900,GOOGL
2023-08-23,131.20655822753906,132.3699951171875,133.41000366210938,129.8699951171875,130.17999267578125,27819700,GOOGL
2023-08-24,128.63934326171875,129.77999877929688,134.25,129.57000732421875,133.9499969482422,28500700,GOOGL
2023-08-25,128.7384490966797,129.8800048828125,130.75999450683594,127.25,129.5399932861328,26762900,GOOGL
2023-08-28,129.85850524902344,131.00999450683594,132.5399932861328,130.13999938964844,131.30999755859375,20543300,GOOGL
2023-08-29,133.38722229003906,134.57000732421875,136.57000732421875,132.24000549316406,132.24000549316406,43075600,GOOGL
2023-08-30,134.68569946289062,135.8800048828125,136.27999877929688,134.07000732421875,134.77999877929688,28315800,GOOGL
2023-08-31,134.97317504882812,136.1699981689453,138.0,135.7899932861328,136.00999450683594,30053800,GOOGL
2023-09-01,134.4676513671875,135.66000366210938,137.4600067138672,134.85000610351562,137.4600067138672,21543700,GOOGL
2023-09-05,134.57669067382812,135.77000427246094,136.4199981689453,134.5800018310547,135.44000244140625,19403100,GOOGL
2023-09-06,133.2781982421875,134.4600067138672,136.52999877929688,133.6699981689453,136.02000427246094,18684500,GOOGL
2023-09-07,134.0711669921875,135.25999450683594,135.5800018310547,132.9499969482422,133.58999633789062,18844300,GOOGL
2023-09-08,135.1813201904297,136.3800048828125,136.66000366210938,134.85000610351562,134.91000366210938,23558300,GOOGL
2023-09-11,135.71658325195312,136.9199981689453,137.47999572753906,135.7899932861328,136.5399932861328,20763400,GOOGL
2023-09-12,134.1504669189453,135.33999633789062,136.8699951171875,135.19000244140625,136.25999450683594,18405500,GOOGL
2023-09-13,135.50840759277344,136.7100067138672,136.89999389648438,134.14999389648438,135.08999633789062,20749500,GOOGL
2023-09-14,136.88619995117188,138.10000610351562,138.6999969482422,136.24000549316406,137.60000610351562,24751000,GOOGL
2023-09-15,136.19236755371094,137.39999389648438,138.52000427246094,136.47999572753906,137.97999572753906,38919600,GOOGL
2023-09-18,136.99525451660156,138.2100067138672,139.16000366210938,136.61000061035156,136.61000061035156,21861300,GOOGL
2023-09-19,136.8267364501953,138.0399932861328,138.41000366210938,136.6199951171875,137.4199981689453,20353700,GOOGL
2023-09-20,132.5645294189453,133.74000549316406,138.0800018310547,133.6199951171875,138.0800018310547,29927500,GOOGL
2023-09-21,129.29351806640625,130.44000244140625,132.22999572753906,130.07000732421875,131.44000244140625,31503900,GOOGL
2023-09-22,129.10519409179688,130.25,132.02999877929688,129.60000610351562,130.75999450683594,26397300,GOOGL
2023-09-25,129.95765686035156,131.11000061035156,131.1699981689453,128.9600067138672,129.8300018310547,20094600,GOOGL
2023-09-26,127.43997192382812,128.57000732421875,130.36000061035156,127.22000122070312,129.77000427246094,25718700,GOOGL
2023-09-27,129.3926544189453,130.5399932861328,130.89999389648438,128.57000732421875,128.57000732421875,22746500,GOOGL
2023-09-28,131.14710998535156,132.30999755859375,133.3000030517578,129.7899932861328,129.83999633789062,22513100,GOOGL
2023-09-29,129.70982360839844,130.86000061035156,134.0500030517578,130.36000061035156,133.27999877929688,30859800,GOOGL
2023-10-02,132.99073791503906,134.1699981689453,134.4199981689453,131.1699981689453,131.2100067138672,22288000,GOOGL
2023-10-03,131.26602172851562,132.42999267578125,134.25999450683594,131.83999633789062,133.94000244140625,22989400,GOOGL
2023-10-04,134.0513458251953,135.24000549316406,135.57000732421875,132.52999877929688,132.7899932861328,26752300,GOOGL
2023-10-05,133.88282775878906,135.07000732421875,135.49000549316406,133.4499969482422,135.07000732421875,19832600,GOOGL
2023-10-06,136.3707733154297,137.5800018310547,138.16000366210938,134.00999450683594,134.00999450683594,27597600,GOOGL
2023-10-09,137.203369140625,138.4199981689453,138.94000244140625,135.61000061035156,136.94000244140625,19278100,GOOGL
2023-10-10,136.84654235839844,138.05999755859375,139.72000122070312,137.3300018310547,138.5,27786600,GOOGL
2023-10-11,139.31468200683594,140.5500030517578,141.11000061035156,138.5800018310547,138.5800018310547,25884300,GOOGL
2023-10-12,137.74855041503906,138.97000122070312,141.22000122070312,138.25999450683594,141.0500030517578,24765500,GOOGL
2023-10-13,136.1527099609375,137.36000061035156,140.0,136.6199951171875,139.3800048828125,23420500,GOOGL
2023-10-16,137.87742614746094,139.10000610351562,139.6300048828125,137.99000549316406,138.1699981689453,28501900,GOOGL
2023-10-17,138.49197387695312,139.72000122070312,139.89999389648438,137.17999267578125,138.6300048828125,23515800,GOOGL
2023-10-18,136.74745178222656,137.9600067138672,140.72000122070312,137.3800048828125,139.4499969482422,23375000,GOOGL
2023-10-19,136.5392608642578,137.75,139.66000366210938,137.3800048828125,138.5,26066000,GOOGL
2023-10-20,134.4081573486328,135.60000610351562,137.8699951171875,135.0800018310547,137.3300018310547,26335700,GOOGL
2023-10-23,135.3002471923828,136.5,137.66000366210938,133.9499969482422,135.0399932861328,26317900,GOOGL
2023-10-24,137.58998107910156,138.80999755859375,139.36000061035156,137.4199981689453,137.8300018310547,44814300,GOOGL
2023-10-25,124.5059814453125,125.61000061035156,128.30999755859375,125.06999969482422,128.16000366210938,84366200,GOOGL
2023-10-26,121.20524597167969,122.27999877929688,124.33000183105469,121.2699966430664,123.2699966430664,57061100,GOOGL
2023-10-27,121.09619903564453,122.16999816894531,123.30999755859375,120.20999908447266,122.87999725341797,44566500,GOOGL
2023-10-30,123.36608123779297,124.45999908447266,125.4000015258789,122.75,123.20999908447266,28940100,GOOGL
2023-10-31,122.98942565917969,124.08000183105469,125.37000274658203,122.69000244140625,125.05999755859375,26292300,GOOGL
2023-11-01,125.33858489990234,126.44999694824219,126.48999786376953,123.72000122070312,124.06999969482422,30082400,GOOGL
2023-11-02,126.36946868896484,127.48999786376953,128.97999572753906,126.93000030517578,128.4199981689453,27124600,GOOGL
2023-11-03,127.96529388427734,129.10000610351562,129.52999877929688,127.86000061035156,128.02000427246094,26393100,GOOGL
2023-11-06,129.10519409179688,130.25,130.33999633789062,128.6699981689453,129.0500030517578,19052700,GOOGL
2023-11-07,129.81887817382812,130.97000122070312,131.91000366210938,129.8800048828125,130.7100067138672,29757300,GOOGL
2023-11-08,130.6812286376953,131.83999633789062,132.2100067138672,130.77999877929688,130.97000122070312,26425800,GOOGL
2023-11-09,129.09527587890625,130.24000549316406,132.5500030517578,130.07000732421875,131.9600067138672,23747800,GOOGL
2023-11-10,131.42462158203125,132.58999633789062,132.8000030517578,129.41000366210938,130.10000610351562,26913300,GOOGL
2023-11-13,130.92901611328125,132.08999633789062,132.58999633789062,131.25,131.77999877929688,18324800,GOOGL
2023-11-14,132.44557189941406,133.6199951171875,135.6999969482422,133.32000732421875,134.19000244140625,32395200,GOOGL
2023-11-15,133.43679809570312,134.6199951171875,135.02999877929688,133.57000732421875,134.8699951171875,23861500,GOOGL
2023-11-16,135.72647094726562,136.92999267578125,137.22000122070312,134.32000732421875,135.19000244140625,28013200,GOOGL
2023-11-17,134.1207275390625,135.30999755859375,136.05999755859375,133.64999389648438,136.0,37240600,GOOGL
2023-11-20,135.05247497558594,136.25,136.66000366210938,133.6199951171875,133.69000244140625,27815500,GOOGL
2023-11-21,135.76614379882812,136.97000122070312,137.17999267578125,135.9600067138672,136.2899932861328,22635300,GOOGL
2023-11-22,137.2727813720703,138.49000549316406,139.4199981689453,137.47000122070312,137.47000122070312,17813900,GOOGL
2023-11-24,135.4886016845703,136.69000244140625,138.1300048828125,135.99000549316406,138.02999877929688,12514300,GOOGL
2023-11-27,135.2110595703125,136.41000366210938,138.4199981689453,136.0,136.02999877929688,23436500,GOOGL
2023-11-28,135.994140625,137.1999969482422,137.25,135.4199981689453,136.0800018310547,18730000,GOOGL
2023-11-29,133.80352783203125,134.99000549316406,138.2899932861328,134.83999633789062,137.57000732421875,23967200,GOOGL
2023-11-30,131.36514282226562,132.52999877929688,135.5500030517578,131.27999877929688,135.0500030517578,38988300,GOOGL
2023-12-01,130.70101928710938,131.86000061035156,132.11000061035156,130.6699981689453,131.86000061035156,31442300,GOOGL
2023-12-04,128.13381958007812,129.27000427246094,130.02999877929688,127.9000015258789,129.8800048828125,36669900,GOOGL
2023-12-05,129.83871459960938,130.99000549316406,132.13999938964844,128.25,128.9499969482422,27384800,GOOGL
2023-12-06,128.87722778320312,130.02000427246094,131.83999633789062,129.8800048828125,131.44000244140625,23576200,GOOGL
2023-12-07,135.72647094726562,136.92999267578125,138.55999755859375,134.6999969482422,135.0399932861328,56767100,GOOGL
2023-12-08,133.80352783203125,134.99000549316406,136.39999389648438,134.02999877929688,134.1999969482422,32260100,GOOGL
2023-12-11,132.1184844970703,133.2899932861328,133.33999633789062,131.36000061035156,132.3800048828125,31138000,GOOGL
2023-12-12,131.35525512695312,132.52000427246094,133.0,131.25999450683594,131.80999755859375,29032800,GOOGL
2023-12-13,131.40480041503906,132.57000732421875,133.5,131.57000732421875,133.3800048828125,30104800,GOOGL
2023-12-14,130.78033447265625,131.94000244140625,133.72000122070312,129.69000244140625,133.3800048828125,38722400,GOOGL
2023-12-15,131.43455505371094,132.60000610351562,133.50999450683594,131.17999267578125,131.6199951171875,50847100,GOOGL
2023-12-18,134.6063995361328,135.8000030517578,137.14999389648438,132.42999267578125,132.6300048828125,32258000,GOOGL
2023-12-19,135.44894409179688,136.64999389648438,137.47000122070312,136.0800018310547,136.83999633789062,25476800,GOOGL
2023-12-20,137.1240997314453,138.33999633789062,141.6999969482422,138.07000732421875,138.97000122070312,49107200,GOOGL
2023-12-21,139.18580627441406,140.4199981689453,140.69000244140625,139.17999267578125,139.49000549316406,27488300,GOOGL
2023-12-22,140.2464141845703,141.49000549316406,141.99000549316406,140.7100067138672,140.77000427246094,26532200,GOOGL
2023-12-26,140.27613830566406,141.52000427246094,142.67999267578125,141.19000244140625,141.58999633789062,16780300,GOOGL
2023-12-27,139.13623046875,140.3699951171875,142.0800018310547,139.88999938964844,141.58999633789062,19628600,GOOGL
2023-12-28,138.9974822998047,140.22999572753906,141.13999938964844,139.75,140.77999877929688,16045700,GOOGL
2023-12-29,138.4622039794922,139.69000244140625,140.36000061035156,138.77999877929688,139.6300048828125,18733000,GOOGL
2024-01-02,136.95558166503906,138.1699981689453,139.4499969482422,136.47999572753906,138.5500030517578,23711200,GOOGL
2024-01-03,137.69898986816406,138.9199981689453,139.6300048828125,137.0800018310547,137.25,24212100,GOOGL
2024-01-04,135.19122314453125,136.38999938964844,139.16000366210938,136.35000610351562,138.4199981689453,27137700,GOOGL
2024-01-05,134.53701782226562,135.72999572753906,137.16000366210938,135.14999389648438,136.75,22513900,GOOGL
2024-01-08,137.6197052001953,138.83999633789062,139.00999450683594,136.25999450683594,136.2899932861328,21404000,GOOGL
2024-01-09,139.71115112304688,140.9499969482422,141.49000549316406,138.14999389648438,138.5,24759600,GOOGL
2024-01-10,141.02944946289062,142.27999877929688,143.0,140.91000366210938,141.0,21320200,GOOGL
2024-01-11,140.8312225341797,142.0800018310547,145.22000122070312,140.63999938964844,143.49000549316406,24008700,GOOGL
2024-01-12,141.3961944580078,142.64999389648438,143.1999969482422,141.82000732421875,142.6699981689453,18785500,GOOGL
2024-01-16,141.23760986328125,142.49000549316406,144.35000610351562,141.4499969482422,142.0,22670500,GOOGL
2024-01-17,140.22659301757812,141.47000122070312,141.83999633789062,138.89999389648438,141.35000610351562,20968600,GOOGL
2024-01-18,142.21890258789062,143.47999572753906,144.2100067138672,141.99000549316406,142.0500030517578,25746400,GOOGL
2024-01-19,145.09344482421875,146.3800048828125,146.4499969482422,144.3800048828125,144.74000549316406,34271900,GOOGL
2024-01-22,144.7068634033203,145.99000549316406,148.38999938964844,145.83999633789062,147.10000610351562,32200400,GOOGL
2024-01-23,145.7476348876953,147.0399932861328,147.17999267578125,145.5,145.88999938964844,21636100,GOOGL
2024-01-24,147.3930206298828,148.6999969482422,149.85000610351562,148.10000610351562,148.5399932861328,25233500,GOOGL
2024-01-25,150.53517150878906,151.8699951171875,153.0500030517578,149.5399932861328,150.07000732421875,29149100,GOOGL
2024-01-26,150.85235595703125,152.19000244140625,152.5399932861328,151.00999450683594,151.10000610351562,26115500,GOOGL
2024-01-29,152.16075134277344,153.50999450683594,153.77999877929688,151.42999267578125,152.05999755859375,27784300,GOOGL
2024-01-30,150.12879943847656,151.4600067138672,153.6199951171875,151.19000244140625,152.8000030517578,36331800,GOOGL
2024-01-31,138.8686065673828,140.10000610351562,144.0,139.8699951171875,143.6199951171875,71910000,GOOGL
2024-02-01,139.91932678222656,141.16000366210938,143.05999755859375,140.7899932861328,142.1199951171875,40466500,GOOGL
2024-02-02,141.1285858154297,142.3800048828125,142.6199951171875,136.5,139.25999450683594,62499600,GOOGL
2024-02-05,142.41714477539062,143.67999267578125,145.47000122070312,142.77999877929688,142.82000732421875,38505400,GOOGL
2024-02-06,142.83348083496094,144.10000610351562,145.36000061035156,143.19000244140625,144.64999389648438,29128200,GOOGL
2024-02-07,144.2607879638672,145.5399932861328,145.6199951171875,143.92999267578125,144.75999450683594,25208900,GOOGL
2024-02-08,144.62757873535156,145.91000366210938,146.3300018310547,145.10000610351562,145.8300018310547,22563800,GOOGL
2024-02-09,147.69039916992188,149.0,149.44000244140625,146.17999267578125,146.67999267578125,26829500,GOOGL
2024-02-12,146.2333221435547,147.52999877929688,149.33999633789062,147.3699951171875,148.4199981689453,21564100,GOOGL
2024-02-13,143.8643035888672,145.13999938964844,146.6699981689453,143.69000244140625,144.9199981689453,27837700,GOOGL
2024-02-14,144.65731811523438,145.94000244140625,146.52000427246094,144.08999633789062,146.0800018310547,22704200,GOOGL
2024-02-15,141.51515197753906,142.77000427246094,143.52000427246094,140.4600067138672,143.13999938964844,37590700,GOOGL
2024-02-16,139.28492736816406,140.52000427246094,143.19000244140625,140.13999938964844,142.99000549316406,31468900,GOOGL
2024-02-20,139.879638671875,141.1199951171875,142.0800018310547,139.49000549316406,139.66000366210938,25144700,GOOGL
2024-02-21,141.29710388183594,142.5500030517578,142.69000244140625,140.67999267578125,141.4499969482422,23223300,GOOGL
2024-02-22,142.8235626220703,144.08999633789062,145.0,142.8000030517578,144.92999267578125,27191900,GOOGL
2024-02-23,142.69468688964844,143.9600067138672,144.67999267578125,143.42999267578125,143.6699981689453,19493800,GOOGL
2024-02-26,136.36087036132812,137.57000732421875,142.44000244140625,137.38999938964844,142.13999938964844,53641800,GOOGL
2024-02-27,137.6593780517578,138.8800048828125,139.25,137.08999633789062,138.02000427246094,33099200,GOOGL
2024-02-28,135.1813201904297,136.3800048828125,138.00999450683594,135.41000366210938,137.89999389648438,37328600,GOOGL
2024-02-29,137.24302673339844,138.4600067138672,138.86000061035156,136.39999389648438,137.27999877929688,42133000,GOOGL
2024-03-01,135.9346466064453,137.13999938964844,138.8699951171875,136.9199981689453,138.42999267578125,31151100,GOOGL
2024-03-04,132.17794799804688,133.35000610351562,135.66000366210938,131.91000366210938,135.66000366210938,55999400,GOOGL
2024-03-05,131.50392150878906,132.6699981689453,133.24000549316406,130.6699981689453,131.8800048828125,40194800,GOOGL
2024-03-06,130.2450714111328,131.39999389648438,133.5800018310547,130.85000610351562,133.1199951171875,35318600,GOOGL
2024-03-07,133.19888305664062,134.3800048828125,134.94000244140625,131.61000061035156,132.7899932861328,37738200,GOOGL
2024-03-08,134.21986389160156,135.41000366210938,138.08999633789062,134.0,134.2100067138672,39370400,GOOGL
2024-03-11,136.4599609375,137.6699981689453,139.10000610351562,136.1300048828125,136.1300048828125,32437800,GOOGL
2024-03-12,137.28268432617188,138.5,139.3800048828125,137.02999877929688,137.02999877929688,27563400,GOOGL
2024-03-13,138.5613555908203,139.7899932861328,141.08999633789062,138.99000549316406,139.0,23347200,GOOGL
2024-03-14,141.84226989746094,143.10000610351562,143.58999633789062,140.4600067138672,141.19000244140625,42753400,GOOGL
2024-03-15,139.93911743164062,141.17999267578125,143.17999267578125,140.02999877929688,142.5,49475400,GOOGL
2024-03-18,146.38198852539062,147.67999267578125,152.14999389648438,147.1699981689453,148.61000061035156,69273700,GOOGL
2024-03-19,145.73768615722656,147.02999877929688,148.7899932861328,146.0800018310547,148.16000366210938,24070400,GOOGL
2024-03-20,147.4326934814453,148.74000549316406,148.86000061035156,146.74000549316406,148.0,21311500,GOOGL
2024-03-21,146.30271911621094,147.60000610351562,150.3699951171875,146.89999389648438,149.47000122070312,24755600,GOOGL
2024-03-22,149.44485473632812,150.77000427246094,151.5800018310547,148.97999572753906,149.1199951171875,29211800,GOOGL
2024-03-25,148.7510223388672,150.07000732421875,150.3800048828125,147.82000732421875,149.94000244140625,19229300,GOOGL
2024-03-26,149.34573364257812,150.6699981689453,152.25999450683594,149.97999572753906,150.22000122070312,22149100,GOOGL
2024-03-27,149.54396057128906,150.8699951171875,151.63999938964844,148.89999389648438,151.17999267578125,22879200,GOOGL
2024-03-28,149.60340881347656,150.92999267578125,151.42999267578125,150.1699981689453,150.85000610351562,24485400,GOOGL
2024-04-01,154.12335205078125,155.49000549316406,155.74000549316406,150.61000061035156,150.69000244140625,31730800,GOOGL
2024-04-02,153.20150756835938,154.55999755859375,154.6999969482422,152.14999389648438,153.5,24586000,GOOGL
2024-04-03,153.558349609375,154.9199981689453,155.0800018310547,152.72999572753906,153.60000610351562,24705000,GOOGL
2024-04-04,149.2069549560547,150.52999877929688,154.77000427246094,150.4499969482422,153.5,34724700,GOOGL
2024-04-05,151.15963745117188,152.5,153.4199981689453,149.60000610351562,150.02999877929688,23459200,GOOGL
2024-04-08,153.48899841308594,154.85000610351562,155.27000427246094,152.61000061035156,152.77999877929688,20702000,GOOGL
2024-04-09,155.2236328125,156.60000610351562,158.55999755859375,155.19000244140625,156.08999633789062,31079500,GOOGL
2024-04-10,154.7676544189453,156.13999938964844,156.61000061035156,154.67999267578125,156.2100067138672,22838600,GOOGL
2024-04-11,158.00889587402344,159.41000366210938,159.67999267578125,156.4600067138672,156.91000366210938,27166400,GOOGL
2024-04-12,156.34365844726562,157.72999572753906,160.22000122070312,157.13999938964844,157.9600067138672,25353700,GOOGL
2024-04-15,153.4989013671875,154.86000061035156,159.24000549316406,154.58999633789062,158.86000061035156,27136500,GOOGL
2024-04-16,153.04293823242188,154.39999389648438,155.64999389648438,153.42999267578125,154.19000244140625,20779500,GOOGL
2024-04-17,154.10353088378906,155.47000122070312,157.0800018310547,154.5800018310547,155.6199951171875,21763100,GOOGL
2024-04-18,154.6387939453125,156.00999450683594,156.94000244140625,154.6199951171875,155.33999633789062,19883000,GOOGL
2024-04-19,152.7356719970703,154.08999633789062,156.36000061035156,152.3000030517578,156.1999969482422,32615600,GOOGL
2024-04-22,154.9064178466797,156.27999877929688,157.63999938964844,154.05999755859375,154.30999755859375,26446200,GOOGL
2024-04-23,156.86900329589844,158.25999450683594,158.97000122070312,156.27999877929688,156.9600067138672,21151600,GOOGL
2024-04-24,157.7313690185547,159.1300048828125,159.57000732421875,157.1699981689453,157.49000549316406,22779100,GOOGL
2024-04-25,154.62887573242188,156.0,156.49000549316406,150.8699951171875,151.3300018310547,57109700,GOOGL
2024-04-26,170.43865966796875,171.9499969482422,174.7100067138672,169.64999389648438,174.3699951171875,64665300,GOOGL
2024-04-29,164.68963623046875,166.14999389648438,169.5500030517578,165.2100067138672,169.05999755859375,45610000,GOOGL
2024-04-30,161.3492889404297,162.77999877929688,168.10000610351562,162.60000610351562,165.61000061035156,33562900,GOOGL
2024-05-01,162.41978454589844,163.86000061035156,167.1199951171875,163.08999633789062,164.3000030517578,33493200,GOOGL
2024-05-02,165.155517578125,166.6199951171875,166.72999572753906,163.88999938964844,164.7899932861328,24294500,GOOGL
2024-05-03,165.7700958251953,167.24000549316406,167.9600067138672,163.0500030517578,167.55999755859375,34662400,GOOGL
2024-05-06,166.62254333496094,168.10000610351562,168.13999938964844,166.02999877929688,167.4600067138672,21871300,GOOGL
2024-05-07,169.74484252929688,171.25,171.75999450683594,168.38999938964844,168.5,28039700,GOOGL
2024-05-08,167.8912811279297,169.3800048828125,170.14999389648438,168.74000549316406,169.0,19569100,GOOGL
2024-05-09,168.4661865234375,169.9600067138672,170.69000244140625,168.17999267578125,169.38999938964844,15346700,GOOGL
2024-05-10,167.16769409179688,168.64999389648438,169.85000610351562,166.19000244140625,168.02999877929688,29799900,GOOGL
2024-05-13,167.65338134765625,169.13999938964844,169.27999877929688,164.0,164.25999450683594,31327600,GOOGL
2024-05-14,168.84283447265625,170.33999633789062,171.25,168.8000030517578,169.77000427246094,25127100,GOOGL
2024-05-15,170.99374389648438,172.50999450683594,172.64999389648438,170.50999450683594,170.6300048828125,26948400,GOOGL
2024-05-16,172.64907836914062,174.17999267578125,175.1199951171875,172.69000244140625,173.2899932861328,27867900,GOOGL
2024-05-17,174.51255798339844,176.05999755859375,176.27000427246094,173.69000244140625,174.17999267578125,24479300,GOOGL
2024-05-20,175.364990234375,176.9199981689453,178.77000427246094,176.0800018310547,176.19000244140625,22554400,GOOGL
2024-05-21,176.2868194580078,177.85000610351562,178.14999389648438,175.80999755859375,176.89999389648438,16989400,GOOGL
2024-05-22,174.8297576904297,176.3800048828125,177.14999389648438,175.2100067138672,176.63999938964844,17880000,GOOGL
2024-05-23,172.02464294433594,173.5500030517578,178.25,172.9499969482422,177.07000732421875,21024900,GOOGL
2024-05-24,173.45196533203125,174.99000549316406,175.77000427246094,173.64999389648438,174.97999572753906,16579400,GOOGL
2024-05-28,174.84957885742188,176.39999389648438,177.27000427246094,174.3699951171875,174.4499969482422,20572200,GOOGL
2024-05-29,174.3539581298828,175.89999389648438,176.83999633789062,174.72000122070312,175.42999267578125,23388700,GOOGL
2024-05-30,170.5972900390625,172.11000061035156,175.22000122070312,171.7899932861328,175.1999969482422,22931500,GOOGL
2024-05-31,170.98387145996094,172.5,173.05999755859375,169.44000244140625,171.86000061035156,37638900,GOOGL
2024-06-03,171.64794921875,173.1699981689453,174.52999877929688,171.16000366210938,172.5399932861328,27459100,GOOGL
2024-06-04,172.26251220703125,173.7899932861328,173.85000610351562,171.88999938964844,173.27999877929688,26879600,GOOGL
2024-06-05,173.8682861328125,175.41000366210938,176.64999389648438,173.92999267578125,175.1999969482422,22068500,GOOGL
2024-06-06,175.17666625976562,176.72999572753906,177.14999389648438,175.75,175.89999389648438,23251000,GOOGL
2024-06-07,172.9266357421875,174.4600067138672,177.8699951171875,174.3000030517578,177.0500030517578,19661400,GOOGL
2024-06-10,173.67086791992188,175.00999450683594,177.05999755859375,172.75999450683594,174.97000122070312,23726700,GOOGL
2024-06-11,175.2685546875,176.6199951171875,176.83999633789062,173.77000427246094,176.22000122070312,21540600,GOOGL
2024-06-12,176.42962646484375,177.7899932861328,180.41000366210938,176.11000061035156,178.25,27864700,GOOGL
2024-06-13,173.81976318359375,175.16000366210938,176.74000549316406,174.8800048828125,176.11000061035156,20913300,GOOGL
2024-06-14,175.43724060058594,176.7899932861328,177.05999755859375,174.14999389648438,174.22000122070312,18063600,GOOGL
2024-06-17,175.88380432128906,177.24000549316406,178.36000061035156,174.80999755859375,175.4600067138672,19618500,GOOGL
2024-06-18,173.75025939941406,175.08999633789062,177.38999938964844,174.10000610351562,177.13999938964844,21869900,GOOGL
2024-06-20,174.95101928710938,176.3000030517578,177.2899932861328,174.99000549316406,175.3699951171875,20160100,GOOGL
2024-06-21,178.2555389404297,179.6300048828125,180.85000610351562,176.61000061035156,177.0,57759000,GOOGL
2024-06-24,177.84866333007812,179.22000122070312,180.88999938964844,178.6699981689453,180.16000366210938,18298000,GOOGL
2024-06-25,182.62185668945312,184.02999877929688,184.2899932861328,179.4199981689453,179.6199951171875,23130200,GOOGL
2024-06-26,182.47299194335938,183.8800048828125,184.50999450683594,182.47999572753906,182.6300048828125,19839000,GOOGL
2024-06-27,183.99131774902344,185.41000366210938,186.0500030517578,184.02000427246094,184.17999267578125,18848900,GOOGL
2024-06-28,180.7562255859375,182.14999389648438,185.1300048828125,181.9600067138672,184.32000732421875,29156600,GOOGL
2024-07-01,181.58981323242188,182.99000549316406,183.8800048828125,181.3000030517578,183.02999877929688,16006100,GOOGL
2024-07-02,183.82261657714844,185.24000549316406,185.57000732421875,181.55999755859375,182.0500030517578,17372500,GOOGL
2024-07-03,184.398193359375,185.82000732421875,186.08999633789062,184.0,184.85000610351562,10242100,GOOGL
2024-07-05,189.1416015625,190.60000610351562,190.86000061035156,185.8000030517578,185.86000061035156,20967500,GOOGL
2024-07-08,187.5836181640625,189.02999877929688,190.1699981689453,187.77999877929688,189.89999389648438,21035900,GOOGL
2024-07-09,187.53396606445312,188.97999572753906,191.36000061035156,188.72000122070312,190.30999755859375,15121400,GOOGL
2024-07-10,189.7171630859375,191.17999267578125,191.75,189.02999877929688,189.14999389648438,15952500,GOOGL
2024-07-11,184.15008544921875,185.57000732421875,190.86000061035156,185.0800018310547,189.85000610351562,25625800,GOOGL
2024-07-12,183.6539306640625,185.07000732421875,187.11000061035156,184.49000549316406,185.0800018310547,22898400,GOOGL
2024-07-15,185.1027374267578,186.52999877929688,188.24000549316406,184.9199981689453,184.9199981689453,16474000,GOOGL
2024-07-16,182.51271057128906,183.9199981689453,188.67999267578125,183.3699951171875,187.36000061035156,18290700,GOOGL
2024-07-17,179.6348876953125,181.02000427246094,183.5500030517578,179.89999389648438,182.97000122070312,20734100,GOOGL
2024-07-18,176.3303985595703,177.69000244140625,182.5,176.47000122070312,181.92999267578125,25315700,GOOGL
2024-07-19,176.30059814453125,177.66000366210938,180.2899932861328,177.1300048828125,178.8800048828125,18881900,GOOGL
2024-07-22,180.2799072265625,181.6699981689453,182.6999969482422,180.22999572753906,180.58999633789062,24100300,GOOGL
2024-07-23,180.3989715576172,181.7899932861328,183.61000061035156,181.5399932861328,182.0500030517578,36352700,GOOGL
2024-07-24,171.30911254882812,172.6300048828125,176.19000244140625,171.82000732421875,173.60000610351562,49585200,GOOGL
2024-07-25,166.0000457763672,167.27999877929688,173.4199981689453,167.19000244140625,172.52000427246094,44852000,GOOGL
2024-07-26,165.72218322753906,167.0,168.08999633789062,164.05999755859375,167.14999389648438,41336900,GOOGL
2024-07-29,168.23281860351562,169.52999877929688,170.42999267578125,167.99000549316406,168.8300018310547,20293800,GOOGL
2024-07-30,168.98699951171875,170.2899932861328,171.22999572753906,168.44000244140625,170.24000549316406,18959700,GOOGL
2024-07-31,170.22743225097656,171.5399932861328,174.25,170.00999450683594,173.24000549316406,25729100,GOOGL
2024-08-01,169.45338439941406,170.75999450683594,174.0500030517578,168.8800048828125,170.25,24531400,GOOGL
2024-08-02,165.38478088378906,166.66000366210938,168.50999450683594,164.6699981689453,166.44000244140625,29130100,GOOGL
2024-08-05,158.03147888183594,159.25,164.42999267578125,154.92999267578125,155.5,53630700,GOOGL
2024-08-06,157.0788116455078,158.2899932861328,160.57000732421875,156.41000366210938,159.3300018310547,49004600,GOOGL
2024-08-07,157.7238311767578,158.94000244140625,162.97999572753906,158.47000122070312,161.25,25138600,GOOGL
2024-08-08,160.79019165039062,162.02999877929688,163.69000244140625,160.2100067138672,160.50999450683594,25578800,GOOGL
2024-08-09,162.41763305664062,163.6699981689453,163.7899932861328,159.05999755859375,160.00999450683594,28602300,GOOGL
2024-08-12,161.04818725585938,162.2899932861328,164.89999389648438,161.83999633789062,164.35000610351562,15895300,GOOGL
2024-08-13,162.90391540527344,164.16000366210938,164.72999572753906,162.97000122070312,163.41000366210938,18551700,GOOGL
2024-08-14,159.1428985595703,160.3699951171875,163.22000122070312,157.7100067138672,162.39999389648438,40591100,GOOGL
2024-08-15,160.0657958984375,161.3000030517578,161.63999938964844,159.61000061035156,160.5,31524300,GOOGL
2024-08-16,161.71310424804688,162.9600067138672,165.05999755859375,161.1300048828125,161.47000122070312,24208600,GOOGL
2024-08-19,165.3946990966797,166.6699981689453,166.69000244140625,164.25999450683594,165.27999877929688,22416200,GOOGL
2024-08-20,165.90078735351562,167.17999267578125,168.63999938964844,166.82000732421875,166.89999389648438,18341500,GOOGL
2024-08-21,164.5809783935547,165.85000610351562,166.85000610351562,164.6699981689453,165.14999389648438,22902000,GOOGL
2024-08-22,162.54664611816406,163.8000030517578,167.58999633789062,163.30999755859375,167.25999450683594,22493300,GOOGL
2024-08-23,164.35272216796875,165.6199951171875,166.17999267578125,163.8300018310547,164.72000122070312,13955700,GOOGL
2024-08-26,164.8885955810547,166.16000366210938,167.5500030517578,164.4600067138672,166.3800048828125,14190400,GOOGL
2024-08-27,163.41990661621094,164.67999267578125,166.44000244140625,164.4600067138672,165.83999633789062,11821900,GOOGL
2024-08-28,161.60394287109375,162.85000610351562,165.60000610351562,161.52999877929688,165.0399932861328,16407400,GOOGL
2024-08-29,160.54209899902344,161.77999877929688,165.97000122070312,160.25,164.30999755859375,19699800,GOOGL
2024-08-30,162.12986755371094,163.3800048828125,163.66000366210938,161.69000244140625,162.6199951171875,22123800,GOOGL
2024-09-03,156.15594482421875,157.36000061035156,161.85000610351562,156.47999572753906,161.72000122070312,38945300,GOOGL
2024-09-04,155.25289916992188,156.4499969482422,159.0,155.9600067138672,156.66000366210938,19353800,GOOGL
2024-09-05,156.036865234375,157.24000549316406,159.4499969482422,155.97999572753906,156.3000030517578,18688700,GOOGL
2024-09-06,149.7652130126953,150.9199981689453,157.8300018310547,150.5500030517578,157.3000030517578,37912100,GOOGL
2024-09-09,147.7679443359375,148.7100067138672,153.39999389648438,147.22000122070312,152.50999450683594,39260500,GOOGL
2024-09-10,147.71826171875,148.66000366210938,151.27000427246094,148.33999633789062,150.4499969482422,31118800,GOOGL
2024-09-11,150.20242309570312,151.16000366210938,151.5,147.52000427246094,149.9199981689453,29607700,GOOGL
2024-09-12,153.71005249023438,154.69000244140625,154.82000732421875,152.64999389648438,153.8000030517578,29621500,GOOGL
2024-09-13,156.46250915527344,157.4600067138672,158.3800048828125,155.2100067138672,155.42999267578125,29591200,GOOGL
2024-09-16,157.0587158203125,158.05999755859375,158.25,156.60000610351562,157.30999755859375,18379800,GOOGL
2024-09-17,158.3107452392578,159.32000732421875,160.5500030517578,158.3800048828125,159.02000427246094,20715600,GOOGL
2024-09-18,158.79762268066406,159.80999755859375,160.5,158.60000610351562,159.86000061035156,23677300,GOOGL
2024-09-19,161.11288452148438,162.13999938964844,163.7899932861328,161.33999633789062,163.7100067138672,26587700,GOOGL
2024-09-20,162.55368041992188,163.58999633789062,163.72999572753906,162.05999755859375,163.5,40896400,GOOGL
2024-09-23,160.82469177246094,161.85000610351562,165.49000549316406,161.6699981689453,164.35000610351562,24150900,GOOGL
2024-09-24,161.2618865966797,162.2899932861328,163.22000122070312,160.69000244140625,163.02999877929688,23332100,GOOGL
2024-09-25,160.4669647216797,161.49000549316406,162.80999755859375,161.3000030517578,161.47000122070312,18869200,GOOGL
2024-09-26,161.69911193847656,162.72999572753906,164.0800018310547,162.27999877929688,163.63999938964844,20319300,GOOGL
2024-09-27,162.91139221191406,163.9499969482422,165.6999969482422,162.6300048828125,162.80999755859375,21101300,GOOGL
2024-09-30,164.7993621826172,165.85000610351562,166.14999389648438,163.25999450683594,163.32000732421875,20413900,GOOGL
2024-10-01,165.93214416503906,166.99000549316406,169.16000366210938,164.5800018310547,167.69000244140625,28338100,GOOGL
2024-10-02,164.80929565429688,165.86000061035156,167.52000427246094,164.72999572753906,166.4199981689453,17760200,GOOGL
2024-10-03,164.80929565429688,165.86000061035156,166.63999938964844,163.9199981689453,164.41000366210938,15073100,GOOGL
2024-10-04,166.00169372558594,167.05999755859375,168.22999572753906,165.47999572753906,168.05999755859375,19047400,GOOGL
2024-10-07,161.9475555419922,162.97999572753906,168.47999572753906,162.75,167.72000122070312,22463100,GOOGL
2024-10-08,163.33868408203125,164.3800048828125,164.72999572753906,162.8699951171875,163.94000244140625,23072700,GOOGL
2024-10-09,160.83465576171875,161.86000061035156,164.83999633789062,159.74000549316406,163.4499969482422,31181800,GOOGL
2024-10-10,161.05322265625,162.0800018310547,163.07000732421875,160.39999389648438,160.8699951171875,14144100,GOOGL
2024-10-11,162.20590209960938,163.24000549316406,163.89999389648438,161.24000549316406,162.1300048828125,15344300,GOOGL
2024-10-14,163.91500854492188,164.9600067138672,166.22999572753906,163.39999389648438,163.63999938964844,19016100,GOOGL
2024-10-15,164.41183471679688,165.4600067138672,167.67999267578125,164.6300048828125,165.7899932861328,20247200,GOOGL
2024-10-16,164.11373901367188,165.16000366210938,165.8000030517578,163.74000549316406,164.52999877929688,16406000,GOOGL
2024-10-17,161.89784240722656,162.92999267578125,166.3699951171875,162.75999450683594,165.72999572753906,21453400,GOOGL
2024-10-18,162.384765625,163.4199981689453,164.7100067138672,163.0800018310547,163.19000244140625,19757700,GOOGL
2024-10-21,163.03062438964844,164.07000732421875,164.5,162.6199951171875,162.9499969482422,20946500,GOOGL
2024-10-22,164.0938720703125,165.13999938964844,165.77000427246094,162.97999572753906,162.97999572753906,16568100,GOOGL
2024-10-23,161.74880981445312,162.77999877929688,165.82000732421875,161.92999267578125,164.75999450683594,18280500,GOOGL
2024-10-24,161.68917846679688,162.72000122070312,163.3300018310547,161.00999450683594,162.8300018310547,22412500,GOOGL
2024-10-25,164.2230224609375,165.27000427246094,165.58999633789062,163.4199981689453,163.6699981689453,19828900,GOOGL
2024-10-28,165.66384887695312,166.72000122070312,168.75,163.9499969482422,168.75,32138600,GOOGL
2024-10-29,168.60508728027344,169.67999267578125,170.3800048828125,167.08999633789062,167.72999572753906,42169000,GOOGL
2024-10-30,173.35484313964844,174.4600067138672,182.02000427246094,174.05999755859375,180.67999267578125,68890800,GOOGL
2024-10-31,170.02603149414062,171.11000061035156,176.82000732421875,171.0,173.1300048828125,44769000,GOOGL
2024-11-01,170.20489501953125,171.2899932861328,172.32000732421875,168.8800048828125,170.07000732421875,31796500,GOOGL
2024-11-04,168.1678924560547,169.24000549316406,170.72999572753906,168.00999450683594,169.92999267578125,21492700,GOOGL
2024-11-05,168.66473388671875,169.74000549316406,170.52999877929688,168.83999633789062,169.42999267578125,18242100,GOOGL
2024-11-06,175.39181518554688,176.50999450683594,176.94000244140625,173.5,173.8000030517578,33695500,GOOGL
2024-11-07,179.60498046875,180.75,181.0800018310547,177.19000244140625,177.41000366210938,25352900,GOOGL
2024-11-08,177.22019958496094,178.35000610351562,180.89999389648438,178.0800018310547,180.64999389648438,22006200,GOOGL
2024-11-11,179.20750427246094,180.35000610351562,180.5500030517578,178.47000122070312,178.5800018310547,17450400,GOOGL
2024-11-12,180.46946716308594,181.6199951171875,182.49000549316406,179.38999938964844,179.82000732421875,25134900,GOOGL
2024-11-13,177.74681091308594,178.8800048828125,180.9600067138672,178.5399932861328,180.4600067138672,23184000,GOOGL
2024-11-14,174.4677276611328,175.5800018310547,178.82000732421875,174.32000732421875,178.27999877929688,31007500,GOOGL
2024-11-15,171.39730834960938,172.49000549316406,174.13999938964844,171.22000122070312,173.72999572753906,32504600,GOOGL
2024-11-18,174.18951416015625,175.3000030517578,175.44000244140625,172.89999389648438,173.4199981689453,20135300,GOOGL
2024-11-19,176.99163818359375,178.1199951171875,178.8699951171875,173.55999755859375,173.72000122070312,23434900,GOOGL
2024-11-20,174.86517333984375,175.97999572753906,177.67999267578125,173.77999877929688,177.33999633789062,18997100,GOOGL
2024-11-21,166.56809997558594,167.6300048828125,174.1300048828125,163.6999969482422,173.89999389648438,59734400,GOOGL
2024-11-22,163.71624755859375,164.75999450683594,166.4600067138672,163.89999389648438,165.85000610351562,38604600,GOOGL
2024-11-25,166.5879364013672,167.64999389648438,168.6300048828125,165.61000061035156,166.08999633789062,33135300,GOOGL
2024-11-26,168.04864501953125,169.1199951171875,169.82000732421875,167.5800018310547,167.6300048828125,20486700,GOOGL
2024-11-27,168.15794372558594,169.22999572753906,169.47999572753906,168.02000427246094,169.0,19266500,GOOGL
2024-11-29,167.8797149658203,168.9499969482422,169.42999267578125,167.16000366210938,168.5,14257200,GOOGL
2024-12-02,170.4036407470703,171.49000549316406,172.0800018310547,168.57000732421875,168.77000427246094,23789100,GOOGL
2024-12-03,170.25457763671875,171.33999633789062,172.67999267578125,170.85000610351562,171.49000549316406,22248700,GOOGL
2024-12-04,173.26536560058594,174.3699951171875,174.91000366210938,171.05999755859375,171.14999389648438,31615100,GOOGL
2024-12-05,171.54635620117188,172.63999938964844,176.05999755859375,172.3300018310547,175.36000061035156,21356200,GOOGL
2024-12-06,173.60324096679688,174.7100067138672,175.0800018310547,171.86000061035156,172.02999877929688,21462400,GOOGL
2024-12-09,174.458740234375,175.3699951171875,176.25999450683594,173.64999389648438,173.9600067138672,25389600,GOOGL
2024-12-10,184.2078399658203,185.1699981689453,186.36000061035156,181.0500030517578,182.85000610351562,54813000,GOOGL
2024-12-11,194.3846893310547,195.39999389648438,195.61000061035156,184.85000610351562,185.30999755859375,67894100,GOOGL
2024-12-12,190.96258544921875,191.9600067138672,195.17999267578125,191.7100067138672,195.0,34817500,GOOGL
2024-12-13,188.83367919921875,189.82000732421875,192.72999572753906,189.63999938964844,191.00999450683594,25143500,GOOGL
2024-12-16,195.63815307617188,196.66000366210938,199.0,192.6199951171875,192.8699951171875,44934900,GOOGL
2024-12-17,194.4045867919922,195.4199981689453,201.4199981689453,194.97999572753906,197.25,43504000,GOOGL
2024-12-18,187.42108154296875,188.39999389648438,197.0,187.74000549316406,195.22000122070312,34166100,GOOGL
2024-12-19,187.53048706054688,188.50999450683594,193.02999877929688,188.3800048828125,191.6300048828125,32265200,GOOGL
2024-12-20,190.41542053222656,191.41000366210938,192.88999938964844,185.22000122070312,185.77999877929688,63462900,GOOGL
2024-12-23,193.6186981201172,194.6300048828125,195.10000610351562,190.14999389648438,192.6199951171875,25675000,GOOGL
2024-12-24,195.0909881591797,196.11000061035156,196.11000061035156,193.77999877929688,194.83999633789062,10403300,GOOGL
2024-12-26,194.58364868164062,195.60000610351562,196.75,194.3800048828125,195.14999389648438,12046600,GOOGL
2024-12-27,191.75839233398438,192.75999450683594,195.32000732421875,190.64999389648438,194.9499969482422,18891400,GOOGL
2024-12-30,190.24630737304688,191.24000549316406,192.5500030517578,189.1199951171875,189.8000030517578,14264700,GOOGL
2024-12-31,188.3163604736328,189.3000030517578,191.9600067138672,188.50999450683594,191.0800018310547,17466900,GOOGL
2025-01-02,188.44570922851562,189.42999267578125,192.0,187.5,190.64999389648438,20370800,GOOGL
2025-01-03,190.79344177246094,191.7899932861328,193.2100067138672,189.97999572753906,191.3699951171875,18596200,GOOGL
2025-01-06,195.8470458984375,196.8699951171875,198.22000122070312,193.85000610351562,193.97999572753906,29563600,GOOGL
2025-01-07,194.47422790527344,195.49000549316406,201.0,194.60000610351562,197.11000061035156,26487200,GOOGL
2025-01-08,192.9422149658203,193.9499969482422,196.2899932861328,192.3800048828125,192.57000732421875,24864800,GOOGL
2025-01-10,191.04212951660156,192.0399932861328,196.52000427246094,190.30999755859375,194.3000030517578,26665200,GOOGL
2025-01-13,190.01748657226562,191.00999450683594,191.17999267578125,187.36000061035156,190.07000732421875,21823700,GOOGL
2025-01-14,188.6745147705078,189.66000366210938,191.97999572753906,188.30999755859375,191.24000549316406,17174900,GOOGL
2025-01-15,194.53390502929688,195.5500030517578,196.36000061035156,191.86000061035156,193.08999633789062,21776000,GOOGL
2025-01-16,191.90762329101562,192.91000366210938,195.47999572753906,192.80999755859375,194.13999938964844,17815400,GOOGL
2025-01-17,194.98155212402344,196.0,197.22999572753906,193.75,196.52999877929688,27735100,GOOGL
2025-01-21,197.02090454101562,198.0500030517578,202.2899932861328,197.8699951171875,199.07000732421875,29971300,GOOGL
2025-01-22,197.33924865722656,198.3699951171875,200.47999572753906,197.52999877929688,199.05999755859375,26200600,GOOGL
2025-01-23,196.95127868652344,197.97999572753906,200.3000030517578,195.1999969482422,198.13999938964844,26951400,GOOGL
2025-01-24,199.16969299316406,200.2100067138672,200.89999389648438,198.0,198.10000610351562,23877500,GOOGL
2025-01-27,190.81333923339844,191.80999755859375,196.8800048828125,190.72999572753906,192.41000366210938,41728900,GOOGL
2025-01-28,194.28521728515625,195.3000030517578,195.47999572753906,190.67999267578125,192.75,24157900,GOOGL
2025-01-29,194.39463806152344,195.41000366210938,196.7899932861328,193.42999267578125,195.55999755859375,18218300,GOOGL
2025-01-30,199.82627868652344,200.8699951171875,201.39999389648438,197.6699981689453,198.0,24354700,GOOGL
2025-01-31,202.9599151611328,204.02000427246094,205.47999572753906,201.8000030517578,202.0,32001100,GOOGL
2025-02-03,200.18441772460938,201.22999572753906,203.75,200.10000610351562,200.69000244140625,27838300,GOOGL
2025-02-04,205.30764770507812,206.3800048828125,207.0500030517578,202.80999755859375,203.38999938964844,43856400,GOOGL
2025-02-05,190.33584594726562,191.3300018310547,192.75,188.02999877929688,191.07000732421875,70373900,GOOGL
2025-02-06,190.6044464111328,191.60000610351562,192.10000610351562,188.72000122070312,189.5,29297400,GOOGL
2025-02-07,184.376953125,185.33999633789062,191.17999267578125,183.24000549316406,191.0500030517578,49315000,GOOGL
2025-02-10,185.5010986328125,186.47000122070312,188.1999969482422,185.86000061035156,187.35000610351562,23105600,GOOGL
2025-02-11,184.35707092285156,185.32000732421875,186.94000244140625,184.27999877929688,185.02999877929688,21239500,GOOGL
2025-02-12,182.6559600830078,183.61000061035156,185.11000061035156,181.8300018310547,183.22000122070312,22072600,GOOGL
2025-02-13,185.1728057861328,186.13999938964844,186.27999877929688,183.13999938964844,184.32000732421875,21402500,GOOGL
2025-02-14,184.2675323486328,185.22999572753906,186.39999389648438,184.32000732421875,185.05999755859375,20448400,GOOGL
2025-02-18,182.81512451171875,183.77000427246094,185.9600067138672,181.74000549316406,185.60000610351562,29916700,GOOGL
2025-02-19,184.3073272705078,185.27000427246094,185.4600067138672,183.58999633789062,184.07000732421875,19549400,GOOGL
2025-02-20,183.60101318359375,184.55999755859375,185.30999755859375,182.72000122070312,184.8000030517578,20441500,GOOGL
2025-02-21,178.7264862060547,179.66000366210938,185.33999633789062,179.0800018310547,185.14999389648438,35199200,GOOGL
2025-02-24,178.31861877441406,179.25,183.1199951171875,178.88999938964844,181.99000549316406,29854200,GOOGL
2025-02-25,174.50851440429688,175.4199981689453,178.74000549316406,174.69000244140625,178.0399932861328,41913400,GOOGL
2025-02-26,171.83250427246094,172.72999572753906,176.0800018310547,171.5800018310547,175.07000732421875,35431300,GOOGL
2025-02-27,167.6244659423828,168.5,174.55999755859375,167.94000244140625,173.99000549316406,39991000,GOOGL
2025-02-28,169.39520263671875,170.27999877929688,170.61000061035156,166.77000427246094,168.67999267578125,48130600,GOOGL
2025-03-03,166.14219665527344,167.00999450683594,173.3699951171875,165.92999267578125,171.92999267578125,40770500,GOOGL
2025-03-04,170.03189086914062,170.9199981689453,173.2899932861328,165.8000030517578,166.24000549316406,45388000,GOOGL
2025-03-05,172.12098693847656,173.02000427246094,173.77999877929688,169.05999755859375,170.52000427246094,30954900,GOOGL
2025-03-06,171.45445251464844,172.35000610351562,174.80999755859375,170.5,170.52999877929688,28302000,GOOGL
2025-03-07,172.9566192626953,173.86000061035156,174.97000122070312,170.27000427246094,171.25999450683594,27385800,GOOGL
2025-03-10,165.1981658935547,165.8699951171875,168.4600067138672,163.69000244140625,168.25999450683594,43604000,GOOGL
2025-03-11,163.37559509277344,164.0399932861328,166.75,161.3699951171875,164.91000366210938,39587400,GOOGL
2025-03-12,166.43313598632812,167.11000061035156,167.63999938964844,163.52999877929688,166.5800018310547,28372400,GOOGL
2025-03-13,162.10076904296875,162.75999450683594,166.1300048828125,162.11000061035156,166.0399932861328,31756200,GOOGL
2025-03-14,164.81971740722656,165.49000549316406,166.49000549316406,162.4499969482422,163.27000427246094,31995900,GOOGL
2025-03-17,163.6245574951172,164.2899932861328,166.3000030517578,163.6699981689453,165.02999877929688,31184300,GOOGL
2025-03-18,160.01922607421875,160.6699981689453,164.25,156.72000122070312,163.67999267578125,42074800,GOOGL
2025-03-19,163.2261962890625,163.88999938964844,165.8699951171875,161.0,161.75999450683594,34275600,GOOGL
2025-03-20,162.14059448242188,162.8000030517578,164.88999938964844,160.9600067138672,161.57000732421875,28138500,GOOGL
2025-03-21,163.3258056640625,163.99000549316406,164.24000549316406,160.88999938964844,161.2100067138672,36625800,GOOGL
2025-03-24,167.00083923339844,167.67999267578125,168.32000732421875,165.13999938964844,167.07000732421875,30879100,GOOGL
2025-03-25,169.8691864013672,170.55999755859375,170.6300048828125,168.32000732421875,168.97999572753906,24174400,GOOGL
2025-03-26,164.39144897460938,165.05999755859375,169.61000061035156,164.83999633789062,169.0,28901600,GOOGL
2025-03-27,161.58287048339844,162.24000549316406,165.4199981689453,162.0,164.6300048828125,24508300,GOOGL
2025-03-28,153.70489501953125,154.3300018310547,161.82000732421875,153.6300048828125,160.49000549316406,48669300,GOOGL
2025-03-31,154.01364135742188,154.63999938964844,155.5399932861328,150.66000366210938,153.11000061035156,54603500,GOOGL
2025-04-01,156.43380737304688,157.07000732421875,158.10000610351562,153.6199951171875,153.6199951171875,30672900,GOOGL
2025-04-02,156.40391540527344,157.0399932861328,158.41000366210938,154.6999969482422,155.14999389648438,25041700,GOOGL
2025-04-03,150.1095428466797,150.72000122070312,152.77999877929688,150.38999938964844,151.11000061035156,46883400,GOOGL
2025-04-04,145.01026916503906,145.60000610351562,151.07000732421875,145.3800048828125,148.00999450683594,62259500,GOOGL
2025-04-07,146.1555938720703,146.75,152.85000610351562,140.52999877929688,141.5500030517578,76794100,GOOGL
2025-04-08,144.11390686035156,144.6999969482422,152.24000549316406,143.02999877929688,151.22000122070312,52200200,GOOGL
2025-04-09,158.06716918945312,158.7100067138672,159.5500030517578,143.91000366210938,144.4199981689453,70406200,GOOGL
2025-04-10,152.20103454589844,152.82000732421875,157.72000122070312,149.92999267578125,156.5399932861328,48022000,GOOGL
2025-04-11,156.50352478027344,157.13999938964844,157.6699981689453,152.82000732421875,152.89999389648438,33636200,GOOGL
2025-04-14,158.4257049560547,159.07000732421875,161.72000122070312,157.55999755859375,160.0,30333000,GOOGL
2025-04-15,155.67689514160156,156.30999755859375,159.64999389648438,155.2100067138672,159.1300048828125,27551500,GOOGL
2025-04-16,152.70896911621094,153.3300018310547,155.88999938964844,151.50999450683594,153.10000610351562,28187400,GOOGL
2025-04-17,150.54776000976562,151.16000366210938,154.67999267578125,148.5,154.2899932861328,33046600,GOOGL
2025-04-21,147.07188415527344,147.6699981689453,148.9499969482422,146.10000610351562,148.8800048828125,26049100,GOOGL
2025-04-22,150.8564910888672,151.47000122070312,152.19000244140625,148.5399932861328,148.88999938964844,26971800,GOOGL
2025-04-23,154.72079467773438,155.35000610351562,157.52999877929688,153.80999755859375,155.61000061035156,31128800,GOOGL
2025-04-24,158.63487243652344,159.27999877929688,159.58999633789062,155.7899932861328,156.14999389648438,45894000,GOOGL
2025-04-25,161.3040008544922,161.9600067138672,166.10000610351562,161.0399932861328,165.07000732421875,56034000,GOOGL
2025-04-28,159.95947265625,160.61000061035156,163.14999389648438,158.60000610351562,162.42999267578125,29745800,GOOGL
2025-04-29,159.51129150390625,160.16000366210938,160.74000549316406,157.52000427246094,160.32000732421875,26809000,GOOGL
2025-04-30,158.1568145751953,158.8000030517578,159.27000427246094,155.39999389648438,157.97999572753906,34981100,GOOGL
2025-05-01,160.64669799804688,161.3000030517578,161.9499969482422,158.91000366210938,160.4499969482422,30203200,GOOGL
2025-05-02,163.36561584472656,164.02999877929688,164.97000122070312,161.8699951171875,163.41000366210938,25715000,GOOGL
2025-05-05,163.54489135742188,164.2100067138672,165.38999938964844,162.72000122070312,163.0,21341800,GOOGL
2025-05-06,162.56884765625,163.22999572753906,164.8000030517578,161.19000244140625,162.1699981689453,21277200,GOOGL
2025-05-07,150.76686096191406,151.3800048828125,165.0,147.83999633789062,164.0800018310547,127490100,GOOGL
2025-05-08,153.65509033203125,154.27999877929688,155.92999267578125,152.89999389648438,155.0,57498700,GOOGL
2025-05-09,152.13131713867188,152.75,155.0500030517578,152.1999969482422,154.1699981689453,32435300,GOOGL
2025-05-12,157.8181915283203,158.4600067138672,159.10000610351562,156.25,157.49000549316406,44138800,GOOGL
2025-05-13,158.8838348388672,159.52999877929688,160.57000732421875,156.16000366210938,158.7899932861328,42382100,GOOGL
2025-05-14,164.70021057128906,165.3699951171875,167.0,159.61000061035156,159.9600067138672,48755900,GOOGL
2025-05-15,163.29591369628906,163.9600067138672,166.2100067138672,162.3699951171875,165.83999633789062,33146700,GOOGL
2025-05-16,165.51687622070312,166.19000244140625,169.35000610351562,165.6199951171875,167.72999572753906,42846900,GOOGL
2025-05-19,165.86546325683594,166.5399932861328,166.63999938964844,164.22000122070312,164.50999450683594,30426100,GOOGL
2025-05-20,163.31582641601562,163.97999572753906,168.5,162.89999389648438,166.42999267578125,46607700,GOOGL
2025-05-21,167.8772735595703,168.55999755859375,173.13999938964844,163.55999755859375,163.69000244140625,73416000,GOOGL
2025-05-22,170.1779022216797,170.8699951171875,176.77000427246094,170.7100067138672,171.85000610351562,74864400,GOOGL
2025-05-23,167.78762817382812,168.47000122070312,169.9600067138672,167.88999938964844,169.05999755859375,35211400,GOOGL
2025-05-27,172.19969177246094,172.89999389648438,173.1699981689453,170.0,170.16000366210938,37995700,GOOGL
2025-05-28,171.66188049316406,172.36000061035156,175.27000427246094,171.91000366210938,173.16000366210938,34784000,GOOGL
2025-05-29,171.16392517089844,171.86000061035156,174.4199981689453,170.6300048828125,174.0,29317300,GOOGL
2025-05-30,171.04440307617188,171.74000549316406,172.2100067138672,167.44000244140625,171.35000610351562,52639900,GOOGL
2025-06-02,168.34536743164062,169.02999877929688,169.8699951171875,167.38999938964844,167.83999633789062,38612300,GOOGL
2025-06-03,165.5069122314453,166.17999267578125,168.47999572753906,165.27999877929688,167.49000549316406,45084900,GOOGL
2025-06-04,167.3693389892578,168.0500030517578,168.22000122070312,166.36000061035156,166.74000549316406,26900800,GOOGL
2025-06-05,167.5286865234375,168.2100067138672,170.92999267578125,167.58999633789062,170.33999633789062,36379100,GOOGL
2025-06-06,172.9765167236328,173.67999267578125,174.5,170.8300018310547,170.8300018310547,35731800,GOOGL
2025-06-09,175.58908081054688,176.08999633789062,176.47000122070312,174.3699951171875,174.5399932861328,28935900,GOOGL
2025-06-10,178.09194946289062,178.60000610351562,181.11000061035156,174.91000366210938,176.1999969482422,61766100,GOOGL
2025-06-11,176.8455047607422,177.35000610351562,180.3699951171875,176.75,179.77000427246094,31646800,GOOGL
2025-06-12,175.20018005371094,175.6999969482422,176.72000122070312,174.75,176.17999267578125,20941900,GOOGL
2025-06-13,174.17312622070312,174.6699981689453,177.1300048828125,172.38999938964844,172.44000244140625,27663100,GOOGL
2025-06-16,176.26715087890625,176.77000427246094,176.94000244140625,174.64999389648438,174.72999572753906,27389200,GOOGL
2025-06-17,175.44949340820312,175.9499969482422,177.36000061035156,174.5800018310547,175.6999969482422,24973000,GOOGL
2025-06-18,172.8269805908203,173.32000732421875,176.55999755859375,173.1999969482422,176.00999450683594,28707500,GOOGL
2025-06-20,166.1659698486328,166.63999938964844,174.33999633789062,165.4600067138672,173.9499969482422,75659900,GOOGL
2025-06-23,164.72010803222656,165.19000244140625,167.33999633789062,162.0,166.27000427246094,57671000,GOOGL
2025-06-24,166.29559326171875,166.77000427246094,168.22000122070312,166.1300048828125,166.9199981689453,40524300,GOOGL
2025-06-25,170.19447326660156,170.67999267578125,172.36000061035156,167.5500030517578,167.6300048828125,35479000,GOOGL
2025-06-26,173.0463409423828,173.5399932861328,173.69000244140625,169.94000244140625,172.42999267578125,31796700,GOOGL
2025-06-27,178.0221405029297,178.52999877929688,178.67999267578125,171.72999572753906,173.5399932861328,108140200,GOOGL
2025-06-30,175.72869873046875,176.22999572753906,181.22999572753906,174.5800018310547,180.77999877929688,63378900,GOOGL
2025-07-01,175.3397979736328,175.83999633789062,176.08999633789062,173.52999877929688,175.74000549316406,35904500,GOOGL
2025-07-02,178.13182067871094,178.63999938964844,178.86000061035156,175.07000732421875,175.5399932861328,29128900,GOOGL
2025-07-03,179.01930236816406,179.52999877929688,179.6699981689453,177.0500030517578,178.5,21689700,GOOGL
2025-07-07,176.28709411621094,176.7899932861328,179.3000030517578,175.67999267578125,179.05999755859375,34175600,GOOGL
2025-07-08,173.864013671875,174.36000061035156,177.9499969482422,172.80999755859375,177.85000610351562,40442500,GOOGL
2025-07-09,176.11756896972656,176.6199951171875,179.44000244140625,172.77000427246094,175.25,43025600,GOOGL
2025-07-10,177.11471557617188,177.6199951171875,178.42999267578125,174.3800048828125,175.6300048828125,29252400,GOOGL
2025-07-11,179.67742919921875,180.19000244140625,181.42999267578125,176.47999572753906,176.7899932861328,34282900,GOOGL
2025-07-14,181.0435333251953,181.55999755859375,183.6699981689453,179.67999267578125,181.00999450683594,32536600,GOOGL
2025-07-15,181.48226928710938,182.0,184.22000122070312,181.60000610351562,182.80999755859375,33448300,GOOGL
2025-07-16,182.4495086669922,182.97000122070312,184.3300018310547,182.02999877929688,183.24000549316406,33104200,GOOGL
2025-07-17,183.0577850341797,183.5800018310547,184.05999755859375,180.47999572753906,182.13999938964844,31992600,GOOGL
2025-07-18,184.5335693359375,185.05999755859375,186.4199981689453,183.7100067138672,185.39999389648438,34014500,GOOGL
2025-07-21,189.55923461914062,190.10000610351562,190.2899932861328,186.14999389648438,186.25,45803100,GOOGL
2025-07-22,190.7957000732422,191.33999633789062,191.64999389648438,187.4600067138672,191.5,44660200,GOOGL
2025-07-23,189.68885803222656,190.22999572753906,192.52999877929688,189.17999267578125,191.5,58681900,GOOGL
2025-07-24,191.62335205078125,192.1699981689453,197.9499969482422,191.0,197.02999877929688,74881700,GOOGL
2025-07-25,192.63047790527344,193.17999267578125,194.3300018310547,191.25999450683594,191.97999572753906,39785900,GOOGL
2025-07-28,192.0321807861328,192.5800018310547,194.0500030517578,190.83999633789062,193.64999389648438,38139500,GOOGL
2025-07-29,195.1931610107422,195.75,195.9199981689453,192.0800018310547,192.42999267578125,41389200,GOOGL
2025-07-30,195.970947265625,196.52999877929688,197.60000610351562,194.69000244140625,195.60000610351562,32445400,GOOGL
2025-07-31,191.35411071777344,191.89999389648438,195.99000549316406,191.08999633789062,195.7100067138672,51329200,GOOGL
2025-08-01,188.5919952392578,189.1300048828125,190.8300018310547,187.82000732421875,189.02999877929688,34832200,GOOGL
2025-08-04,194.4851837158203,195.0399932861328,195.27000427246094,190.1199951171875,190.2899932861328,31547400,GOOGL
2025-08-05,194.11622619628906,194.6699981689453,197.86000061035156,193.88999938964844,194.7100067138672,31602300,GOOGL
2025-08-06,195.5321807861328,196.08999633789062,196.6300048828125,193.6699981689453,194.5,21562900,GOOGL
2025-08-07,195.9609832763672,196.52000427246094,197.5399932861328,194.3300018310547,197.05999755859375,26321800,GOOGL
2025-08-08,200.84701538085938,201.4199981689453,202.61000061035156,197.1699981689453,197.22000122070312,39161800,GOOGL
2025-08-11,200.42822265625,201.0,201.47999572753906,199.07000732421875,200.94000244140625,25832400,GOOGL
2025-08-12,202.76156616210938,203.33999633789062,204.5,200.58999633789062,201.3699951171875,30397900,GOOGL
2025-08-13,201.385498046875,201.9600067138672,204.52999877929688,197.50999450683594,204.1300048828125,28342900,GOOGL
2025-08-14,202.36270141601562,202.94000244140625,204.44000244140625,201.22999572753906,201.5,25230400,GOOGL
2025-08-15,203.31996154785156,203.89999389648438,206.44000244140625,201.27999877929688,203.85000610351562,34931400,GOOGL
2025-08-18,202.92111206054688,203.5,205.27000427246094,202.49000549316406,204.1999969482422,18526600,GOOGL
2025-08-19,200.99661254882812,201.57000732421875,203.44000244140625,199.9600067138672,203.02999877929688,24240200,GOOGL
2025-08-20,198.7530059814453,199.32000732421875,201.27999877929688,196.60000610351562,200.72999572753906,28955500,GOOGL
2025-08-21,199.18177795410156,199.75,202.47999572753906,199.42999267578125,199.75,19774600,GOOGL
2025-08-22,205.5037384033203,206.08999633789062,208.5399932861328,201.3000030517578,202.72999572753906,42827000,GOOGL
2025-08-25,207.89694213867188,208.49000549316406,210.52000427246094,205.27999877929688,206.42999267578125,29928900,GOOGL
2025-08-26,206.55075073242188,207.13999938964844,207.85000610351562,205.6999969482422,207.50999450683594,28464100,GOOGL
2025-08-27,206.88978576660156,207.47999572753906,208.91000366210938,205.64999389648438,205.6999969482422,23022900,GOOGL
2025-08-28,211.03794860839844,211.63999938964844,212.22000122070312,206.89999389648438,207.25,32339300,GOOGL
2025-08-29,212.3043670654297,212.91000366210938,214.64999389648438,210.1999969482422,210.50999450683594,39728400,GOOGL
2025-09-02,210.748779296875,211.35000610351562,211.67999267578125,206.1999969482422,208.44000244140625,47523000,GOOGL
2025-09-03,230.00384521484375,230.66000366210938,231.30999755859375,224.7899932861328,226.2100067138672,103336100,GOOGL
2025-09-04,231.63919067382812,232.3000030517578,232.3699951171875,226.11000061035156,229.64999389648438,51684200,GOOGL
2025-09-05,234.33151245117188,235.0,235.75999450683594,231.89999389648438,232.1999969482422,46588900,GOOGL
2025-09-08,233.5829620361328,234.0399932861328,238.1300048828125,233.6699981689453,235.47000122070312,32474700,GOOGL
2025-09-09,239.1620330810547,239.6300048828125,240.47000122070312,233.22999572753906,234.1699981689453,38061000,GOOGL
2025-09-10,238.70294189453125,239.1699981689453,241.66000366210938,237.85000610351562,238.89999389648438,35141100,GOOGL
2025-09-11,239.9005889892578,240.3699951171875,242.25,236.25,239.8800048828125,30599300,GOOGL
2025-09-12,240.32977294921875,240.8000030517578,242.0800018310547,238.0,240.3699951171875,26771600,GOOGL
2025-09-15,251.11866760253906,251.61000061035156,252.41000366210938,244.66000366210938,244.66000366210938,58383800,GOOGL
2025-09-16,250.66954040527344,251.16000366210938,253.0399932861328,249.47000122070312,252.0800018310547,34109700,GOOGL
2025-09-17,249.042724609375,249.52999877929688,251.60000610351562,246.27999877929688,251.22000122070312,34108000,GOOGL
2025-09-18,251.537841796875,252.02999877929688,253.99000549316406,249.8000030517578,251.67999267578125,31239500,GOOGL
2025-09-19,254.2225799560547,254.72000122070312,256.0,251.80999755859375,253.25,55571400,GOOGL
2025-09-22,252.036865234375,252.52999877929688,255.77999877929688,250.3000030517578,254.42999267578125,32290500,GOOGL
2025-09-23,251.16856384277344,251.66000366210938,254.36000061035156,250.47999572753906,253.0399932861328,26628000,GOOGL
2025-09-24,246.6573944091797,247.13999938964844,252.35000610351562,246.44000244140625,251.66000366210938,28201000,GOOGL
2025-09-25,245.3100128173828,245.7899932861328,246.49000549316406,240.74000549316406,244.39999389648438,31020400,GOOGL
2025-09-26,246.0585479736328,246.5399932861328,249.4199981689453,245.97000122070312,247.07000732421875,18503200,GOOGL
2025-09-29,243.5734100341797,244.0500030517578,251.14999389648438,242.77000427246094,247.85000610351562,32505800,GOOGL
2025-09-30,242.6252899169922,243.10000610351562,243.2899932861328,239.25,242.80999755859375,34724300,GOOGL
2025-10-01,244.4217529296875,244.89999389648438,246.3000030517578,238.61000061035156,240.75,31658200,GOOGL
2025-10-02,245.210205078125,245.69000244140625,246.80999755859375,242.3000030517578,245.14999389648438,25483300,GOOGL
2025-10-03,244.8708953857422,245.35000610351562,246.3000030517578,241.66000366210938,244.49000549316406,30249600,GOOGL
2025-10-06,249.94094848632812,250.42999267578125,251.32000732421875,244.5800018310547,244.77999877929688,28894700,GOOGL
2025-10-07,245.2800750732422,245.75999450683594,250.44000244140625,245.52000427246094,248.27000427246094,23181300,GOOGL
2025-10-08,244.14230346679688,244.6199951171875,246.00999450683594,243.82000732421875,244.9600067138672,21307100,GOOGL
2025-10-09,241.05833435058594,241.52999877929688,244.75999450683594,239.14999389648438,244.47000122070312,27892100,GOOGL
2025-10-10,236.10801696777344,236.57000732421875,244.08999633789062,235.83999633789062,241.42999267578125,33180300,GOOGL
2025-10-13,243.6732177734375,244.14999389648438,244.5,239.7100067138672,240.2100067138672,24995000,GOOGL
2025-10-14,244.97068786621094,245.4499969482422,247.1199951171875,240.50999450683594,241.22999572753906,22111600,GOOGL
2025-10-15,250.53977966308594,251.02999877929688,252.11000061035156,245.99000549316406,247.25,27007700,GOOGL
2025-10-16,250.96896362304688,251.4600067138672,256.9599914550781,250.10000610351562,251.77000427246094,27997200,GOOGL
2025-10-17,252.80535888671875,253.3000030517578,254.22000122070312,247.80999755859375,250.75999450683594,29671600,GOOGL
2025-10-20,256.04901123046875,256.54998779296875,257.3299865722656,254.22999572753906,254.69000244140625,22350200,GOOGL
2025-10-21,249.97091674804688,250.4600067138672,254.8800048828125,244.14999389648438,254.74000549316406,47312100,GOOGL
2025-10-22,251.19850158691406,251.69000244140625,256.3599853515625,249.2899932861328,254.3699951171875,35029400,GOOGL
2025-10-23,252.58578491210938,253.0800018310547,255.0399932861328,251.85000610351562,252.97999572753906,19901400,GOOGL
2025-10-24,259.4124450683594,259.9200134277344,261.67999267578125,255.32000732421875,256.5799865722656,28655100,GOOGL
2025-10-27,268.7441711425781,269.2699890136719,270.1400146484375,264.2799987792969,264.82000732421875,35235200,GOOGL
2025-10-28,266.9476623535156,267.4700012207031,270.7300109863281,266.5,269.69000244140625,29738600,GOOGL
2025-10-29,274.0338134765625,274.57000732421875,275.3399963378906,267.6700134277344,267.75,43580300,GOOGL
2025-10-30,280.9303283691406,281.4800109863281,291.5899963378906,280.05999755859375,291.5899963378906,74876000,GOOGL
2025-10-31,280.6408996582031,281.19000244140625,286.0,277.0299987792969,283.2099914550781,39267900,GOOGL
2025-11-03,283.1659240722656,283.7200012207031,285.5299987792969,279.79998779296875,282.17999267578125,29786000,GOOGL
2025-11-04,276.9980163574219,277.5400085449219,281.2699890136719,276.260009765625,276.75,30078400,GOOGL
2025-11-05,283.75482177734375,284.30999755859375,286.4200134277344,277.3399963378906,278.8699951171875,31010300,GOOGL
2025-11-06,284.19390869140625,284.75,288.3500061035156,281.1400146484375,285.3299865722656,37173600,GOOGL
2025-11-07,278.2854919433594,278.8299865722656,283.7799987792969,275.19000244140625,283.2099914550781,34479600,GOOGL
2025-11-10,289.5334777832031,290.1000061035156,290.79998779296875,282.8599853515625,284.4200134277344,29557300,GOOGL
2025-11-11,290.7411193847656,291.30999755859375,291.9200134277344,287.32000732421875,287.75,19842100,GOOGL
2025-11-12,286.15008544921875,286.7099914550781,292.010009765625,283.69000244140625,291.67999267578125,24829900,GOOGL
2025-11-13,278.0260314941406,278.57000732421875,282.8399963378906,277.239990234375,282.3399963378906,29494000,GOOGL
2025-11-14,275.8702087402344,276.4100036621094,278.55999755859375,270.70001220703125,271.4100036621094,31647200,GOOGL
2025-11-17,284.4634094238281,285.0199890136719,293.95001220703125,283.57000732421875,285.7799987792969,52670200,GOOGL
2025-11-18,283.7248229980469,284.2799987792969,288.79998779296875,278.20001220703125,287.9200134277344,49158700,GOOGL
2025-11-19,292.2381896972656,292.80999755859375,303.80999755859375,286.6300048828125,287.1600036621094,68198900,GOOGL
2025-11-20,288.884765625,289.45001220703125,306.4200134277344,288.6700134277344,304.5400085449219,62025200,GOOGL
2025-11-21,299.0747985839844,299.6600036621094,303.9200134277344,293.8500061035156,296.4200134277344,74137700,GOOGL
2025-11-24,317.9578552246094,318.5799865722656,319.4800109863281,309.6000061035156,311.1300048828125,85165100,GOOGL
2025-11-25,322.8083801269531,323.44000244140625,328.8299865722656,317.6499938964844,326.2099914550781,88632100,GOOGL
2025-11-26,319.3252258300781,319.95001220703125,324.5,316.7900085449219,320.67999267578125,51373400,GOOGL
2025-11-28,319.55474853515625,320.17999267578125,326.8500061035156,316.7900085449219,323.3699951171875,26018600,GOOGL
2025-12-01,314.2751159667969,314.8900146484375,319.8500061035156,313.8900146484375,317.70001220703125,41183000,GOOGL
2025-12-02,315.1932678222656,315.80999755859375,318.3800048828125,313.9100036621094,316.739990234375,35854700,GOOGL
2025-12-03,319.0058288574219,319.6300048828125,321.5799865722656,314.1000061035156,315.8900146484375,41838300,GOOGL
2025-12-04,316.999755859375,317.6199951171875,322.3599853515625,314.70001220703125,322.2300109863281,31240900,GOOGL
2025-12-05,320.64263916015625,321.2699890136719,323.1600036621094,319.1700134277344,319.489990234375,28851700,GOOGL
2025-12-08,313.3121643066406,313.7200012207031,320.44000244140625,311.2200012207031,320.04998779296875,33909400,GOOGL
2025-12-09,316.66778564453125,317.0799865722656,317.989990234375,311.8999938964844,312.3699951171875,30194000,GOOGL
2025-12-10,319.7937316894531,320.2099914550781,321.30999755859375,314.67999267578125,315.8299865722656,33428900,GOOGL
2025-12-11,312.02386474609375,312.42999267578125,321.1199951171875,308.6000061035156,320.0799865722656,42353700,GOOGL
2025-12-12,308.887939453125,309.2900085449219,314.8699951171875,305.55999755859375,313.70001220703125,35940200,GOOGL
2025-12-15,307.8193359375,308.2200012207031,311.4200134277344,304.8800048828125,311.32000732421875,29151900,GOOGL
2025-12-16,306.1714782714844,306.57000732421875,310.7699890136719,302.5899963378906,304.95001220703125,30585000,GOOGL
2025-12-17,296.3342590332031,296.7200012207031,308.0899963378906,296.1199951171875,308.010009765625,43930400,GOOGL
2025-12-18,302.0668029785156,302.4599914550781,303.9599914550781,299.2300109863281,301.7200012207031,33518000,GOOGL
2025-12-19,306.7607116699219,307.1600036621094,307.25,300.9700012207031,301.7300109863281,59943200,GOOGL
2025-12-22,309.3773193359375,309.7799987792969,310.1300048828125,305.29998779296875,309.8800048828125,26429900,GOOGL
2025-12-23,313.94134521484375,314.3500061035156,314.94000244140625,309.32000732421875,309.6300048828125,25478700,GOOGL
2025-12-24,313.6816711425781,314.0899963378906,315.0799865722656,311.9200134277344,314.7699890136719,10097400,GOOGL
2025-12-26,313.10247802734375,313.510009765625,315.0899963378906,312.2799987792969,314.4800109863281,10899000,GOOGL
2025-12-29,313.15240478515625,313.55999755859375,314.0199890136719,310.6199951171875,311.3699951171875,19621800,GOOGL
2025-12-30,313.4420166015625,313.8500061035156,316.95001220703125,312.4599914550781,312.5,17380900,GOOGL
