date,adj_close,close,high,low,open,volume,symbol
2020-01-02,72.33387756347656,75.0875015258789,75.1500015258789,73.79750061035156,74.05999755859375,135480400,AAPL
2020-01-03,71.63063049316406,74.35749816894531,75.1449966430664,74.125,74.2874984741211,146322800,AAPL
2020-01-06,72.20140075683594,74.94999694824219,74.98999786376953,73.1875,73.44750213623047,118387200,AAPL
2020-01-07,71.86184692382812,74.59750366210938,75.2249984741211,74.37000274658203,74.95999908447266,108872000,AAPL
2020-01-08,73.017822265625,75.79750061035156,76.11000061035156,74.29000091552734,74.29000091552734,132079200,AAPL
2020-01-09,74.56880187988281,77.40750122070312,77.60749816894531,76.55000305175781,76.80999755859375,170108400,AAPL
2020-01-10,74.73737335205078,77.5824966430664,78.1675033569336,77.0625,77.6500015258789,140644800,AAPL
2020-01-13,76.33409881591797,79.23999786376953,79.26750183105469,77.7874984741211,77.91000366210938,121532000,AAPL
2020-01-14,75.30333709716797,78.16999816894531,79.39250183105469,78.0425033569336,79.17500305175781,161954400,AAPL
2020-01-15,74.9806137084961,77.83499908447266,78.875,77.38749694824219,77.9625015258789,121923600,AAPL
2020-01-16,75.91984558105469,78.80999755859375,78.92500305175781,78.02249908447266,78.39749908447266,108829200,AAPL
2020-01-17,76.76036071777344,79.68250274658203,79.68499755859375,78.75,79.06749725341797,137816400,AAPL
2020-01-21,76.24016571044922,79.14250183105469,79.75499725341797,79.0,79.29750061035156,110843200,AAPL
2020-01-22,76.5123062133789,79.42500305175781,79.99749755859375,79.32749938964844,79.6449966430664,101832400,AAPL
2020-01-23,76.88078308105469,79.80750274658203,79.88999938964844,78.9124984741211,79.4800033569336,104472000,AAPL
2020-01-24,76.65922546386719,79.57749938964844,80.8324966430664,79.37999725341797,80.0625,146537600,AAPL
2020-01-27,74.40501403808594,77.23750305175781,77.94249725341797,76.22000122070312,77.51499938964844,161940000,AAPL
2020-01-28,76.50990295410156,79.42250061035156,79.5999984741211,78.04750061035156,78.1500015258789,162234000,AAPL
2020-01-29,78.11144256591797,81.08499908447266,81.9625015258789,80.34500122070312,81.11250305175781,216229200,AAPL
2020-01-30,77.99822998046875,80.96749877929688,81.02249908447266,79.6875,80.13500213623047,126743200,AAPL
2020-01-31,74.53990173339844,77.37750244140625,80.66999816894531,77.07250213623047,80.23249816894531,199588400,AAPL
2020-02-03,74.33517456054688,77.16500091552734,78.37249755859375,75.55500030517578,76.07499694824219,173788400,AAPL
2020-02-04,76.78927612304688,79.7125015258789,79.91000366210938,78.40750122070312,78.82749938964844,136616400,AAPL
2020-02-05,77.41543579101562,80.36250305175781,81.19000244140625,79.73750305175781,80.87999725341797,118826800,AAPL
2020-02-06,78.32095336914062,81.30249786376953,81.30500030517578,80.06500244140625,80.64250183105469,105425600,AAPL
2020-02-07,77.25636291503906,80.00749969482422,80.8499984741211,79.5,80.59249877929688,117684000,AAPL
2020-02-10,77.62330627441406,80.38749694824219,80.38749694824219,78.4625015258789,78.54499816894531,109348800,AAPL
2020-02-11,77.15496063232422,79.90249633789062,80.9749984741211,79.67749786376953,80.9000015258789,94323200,AAPL
2020-02-12,78.98722076416016,81.80000305175781,81.80500030517578,80.36750030517578,80.36750030517578,113730400,AAPL
2020-02-13,78.42475128173828,81.21749877929688,81.55500030517578,80.8375015258789,81.04750061035156,94747600,AAPL
2020-02-14,78.4440689086914,81.23750305175781,81.49500274658203,80.7125015258789,81.18499755859375,80113600,AAPL
2020-02-18,77.0077133178711,79.75,79.9375,78.65249633789062,78.83999633789062,152531200,AAPL
2020-02-19,78.12299346923828,80.90499877929688,81.14250183105469,80.0,80.0,93984000,AAPL
2020-02-20,77.3215560913086,80.07499694824219,81.1624984741211,79.55249786376953,80.65750122070312,100566000,AAPL
2020-02-21,75.57137298583984,78.26249694824219,80.11250305175781,77.625,79.65499877929688,129554000,AAPL
2020-02-24,71.9817123413086,74.54499816894531,76.04499816894531,72.30750274658203,74.31500244140625,222195200,AAPL
2020-02-25,69.54351806640625,72.0199966430664,75.63249969482422,71.53250122070312,75.23750305175781,230673600,AAPL
2020-02-26,70.646728515625,73.1624984741211,74.47000122070312,71.625,71.63249969482422,198054800,AAPL
2020-02-27,66.02869415283203,68.37999725341797,71.5,68.23999786376953,70.2750015258789,320605600,AAPL
2020-02-28,65.99008178710938,68.33999633789062,69.60250091552734,64.09249877929688,64.31500244140625,426510000,AAPL
2020-03-02,72.1337890625,74.70249938964844,75.36000061035156,69.43000030517578,70.56999969482422,341397200,AAPL
2020-03-03,69.8428726196289,72.33000183105469,76.0,71.44999694824219,75.9175033569336,319475600,AAPL
2020-03-04,73.08250427246094,75.68499755859375,75.8499984741211,73.28250122070312,74.11000061035156,219178400,AAPL
2020-03-05,70.71190643310547,73.2300033569336,74.88749694824219,72.85250091552734,73.87999725341797,187572800,AAPL
2020-03-06,69.77285766601562,72.25749969482422,72.70500183105469,70.30750274658203,70.5,226176800,AAPL
2020-03-09,64.2543716430664,66.5425033569336,69.52249908447266,65.75,65.9375,286744800,AAPL
2020-03-10,68.88208770751953,71.33499908447266,71.61000061035156,67.34249877929688,69.28500366210938,285290000,AAPL
2020-03-11,66.48976135253906,68.85749816894531,70.30500030517578,67.96499633789062,69.34750366210938,255598800,AAPL
2020-03-12,59.923587799072266,62.057498931884766,67.5,62.0,63.98500061035156,418474000,AAPL
2020-03-13,67.10294342041016,69.49250030517578,69.9800033569336,63.23749923706055,66.22250366210938,370732000,AAPL
2020-03-16,58.4703369140625,60.5525016784668,64.7699966430664,60.0,60.48749923706055,322423600,AAPL
2020-03-17,61.04127883911133,63.21500015258789,64.40249633789062,59.599998474121094,61.877498626708984,324056000,AAPL
2020-03-18,59.5470085144043,61.66749954223633,62.5,59.279998779296875,59.942501068115234,300233600,AAPL
2020-03-19,59.09074783325195,61.19499969482422,63.209999084472656,60.65250015258789,61.84749984741211,271857200,AAPL
2020-03-20,55.3393440246582,57.310001373291016,62.95750045776367,57.0,61.79499816894531,401693200,AAPL
2020-03-23,54.1637077331543,56.092498779296875,57.125,53.15250015258789,57.02000045776367,336752800,AAPL
2020-03-24,59.59769058227539,61.720001220703125,61.92250061035156,58.57500076293945,59.09000015258789,287531200,AAPL
2020-03-25,59.26939392089844,61.380001068115234,64.5625,61.07500076293945,62.6875,303602000,AAPL
2020-03-26,62.388328552246094,64.61000061035156,64.66999816894531,61.59000015258789,61.630001068115234,252087200,AAPL
2020-03-27,59.80530548095703,61.935001373291016,63.967498779296875,61.76250076293945,63.1875,204216800,AAPL
2020-03-30,61.51203155517578,63.70249938964844,63.880001068115234,62.349998474121094,62.685001373291016,167976400,AAPL
2020-03-31,61.38648986816406,63.5724983215332,65.62249755859375,63.0,63.900001525878906,197002000,AAPL
2020-04-01,58.15651321411133,60.227500915527344,62.18000030517578,59.782501220703125,61.625,176218400,AAPL
2020-04-02,59.126956939697266,61.23249816894531,61.287498474121094,59.224998474121094,60.084999084472656,165934000,AAPL
2020-04-03,58.277217864990234,60.352500915527344,61.42499923706055,59.74250030517578,60.70000076293945,129880000,AAPL
2020-04-06,63.361175537109375,65.61750030517578,65.77749633789062,62.345001220703125,62.724998474121094,201820400,AAPL
2020-04-07,62.62730026245117,64.85749816894531,67.92500305175781,64.75,67.69999694824219,202887200,AAPL
2020-04-08,64.230224609375,66.51750183105469,66.84249877929688,65.30750274658203,65.68499755859375,168895200,AAPL
2020-04-09,64.69373321533203,66.99749755859375,67.51750183105469,66.17500305175781,67.17500305175781,161834800,AAPL
2020-04-13,65.9635009765625,68.3125,68.42500305175781,66.4574966430664,67.07749938964844,131022800,AAPL
2020-04-14,69.29485321044922,71.76249694824219,72.0625,69.51249694824219,70.0,194994800,AAPL
2020-04-15,68.66239929199219,71.10749816894531,71.5824966430664,70.15750122070312,70.5999984741211,131154400,AAPL
2020-04-16,69.20797729492188,71.67250061035156,72.05000305175781,70.5875015258789,71.84500122070312,157125200,AAPL
2020-04-17,68.26890563964844,70.69999694824219,71.73750305175781,69.21499633789062,71.17250061035156,215250000,AAPL
2020-04-20,66.85187530517578,69.23249816894531,70.41999816894531,69.2125015258789,69.48750305175781,130015200,AAPL
2020-04-21,64.78544616699219,67.09249877929688,69.3125,66.35749816894531,69.06999969482422,180991600,AAPL
2020-04-22,66.65149688720703,69.0250015258789,69.4749984741211,68.05000305175781,68.40249633789062,116862400,AAPL
2020-04-23,66.39320373535156,68.75749969482422,70.4375,68.71749877929688,68.96749877929688,124814400,AAPL
2020-04-24,68.30994415283203,70.74250030517578,70.75250244140625,69.25,69.30000305175781,126161200,AAPL
2020-04-27,68.35823059082031,70.7925033569336,71.13500213623047,69.98750305175781,70.44999694824219,117087600,AAPL
2020-04-28,67.25019073486328,69.6449966430664,71.4574966430664,69.55000305175781,71.2699966430664,112004800,AAPL
2020-04-29,69.45901489257812,71.93250274658203,72.4175033569336,70.97250366210938,71.18250274658203,137280800,AAPL
2020-04-30,70.9243392944336,73.44999694824219,73.63249969482422,72.0875015258789,72.48999786376953,183064000,AAPL
2020-05-01,69.78252410888672,72.26750183105469,74.75,71.4625015258789,71.5625,240616800,AAPL
2020-05-04,70.76986694335938,73.29000091552734,73.42250061035156,71.58000183105469,72.2925033569336,133568000,AAPL
2020-05-05,71.8320083618164,74.38999938964844,75.25,73.61499786376953,73.76499938964844,147751200,AAPL
2020-05-06,72.5731201171875,75.15750122070312,75.80999755859375,74.71749877929688,75.11499786376953,142333600,AAPL
2020-05-07,73.32389831542969,75.93499755859375,76.2925033569336,75.49250030517578,75.80500030517578,115215200,AAPL
2020-05-08,75.06914520263672,77.53250122070312,77.5875015258789,76.07250213623047,76.41000366210938,133838400,AAPL
2020-05-11,76.25037384033203,78.75250244140625,79.26249694824219,76.80999755859375,77.0250015258789,145946400,AAPL
2020-05-12,75.37895202636719,77.85250091552734,79.92250061035156,77.72750091552734,79.4574966430664,162301200,AAPL
2020-05-13,74.4688491821289,76.9124984741211,78.98750305175781,75.80249786376953,78.0374984741211,200622400,AAPL
2020-05-14,74.92631530761719,77.38500213623047,77.44750213623047,75.38249969482422,76.12750244140625,158929200,AAPL
2020-05-15,74.48335266113281,76.92749786376953,76.9749984741211,75.05249786376953,75.0875015258789,166348400,AAPL
2020-05-18,76.2382583618164,78.73999786376953,79.125,77.58000183105469,78.2925033569336,135178400,AAPL
2020-05-19,75.79773712158203,78.28500366210938,79.62999725341797,78.25250244140625,78.75749969482422,101729600,AAPL
2020-05-20,77.2718505859375,79.80750274658203,79.87999725341797,79.12999725341797,79.16999816894531,111504800,AAPL
2020-05-21,76.69574737548828,79.2125015258789,80.22250366210938,78.96749877929688,79.66500091552734,102688800,AAPL
2020-05-22,77.18955993652344,79.72250366210938,79.80750274658203,78.8375015258789,78.94249725341797,81803200,AAPL
2020-05-26,76.66670989990234,79.18250274658203,81.05999755859375,79.125,80.875,125522000,AAPL
2020-05-27,77.0007553100586,79.52749633789062,79.67749786376953,78.27249908447266,79.03500366210938,112945200,AAPL
2020-05-28,77.03463745117188,79.5625,80.86000061035156,78.90750122070312,79.19249725341797,133560800,AAPL
2020-05-29,76.95960998535156,79.48500061035156,80.2874984741211,79.11750030517578,79.8125,153532400,AAPL
2020-06-01,77.90603637695312,80.4625015258789,80.5875015258789,79.30249786376953,79.4375,80791200,AAPL
2020-06-02,78.26669311523438,80.83499908447266,80.86000061035156,79.73249816894531,80.1875,87642800,AAPL
2020-06-03,78.69756317138672,81.27999877929688,81.55000305175781,80.57499694824219,81.16500091552734,104491200,AAPL
2020-06-04,78.01981353759766,80.58000183105469,81.40499877929688,80.19499969482422,81.09750366210938,87560400,AAPL
2020-06-05,80.24190521240234,82.875,82.9375,80.80750274658203,80.8375015258789,137250400,AAPL
2020-06-08,80.71633911132812,83.36499786376953,83.4000015258789,81.83000183105469,82.5625,95654400,AAPL
2020-06-09,83.26517486572266,85.99749755859375,86.40249633789062,83.00250244140625,83.03500366210938,147712400,AAPL
2020-06-10,85.40736389160156,88.20999908447266,88.69249725341797,86.52249908447266,86.9749984741211,166651600,AAPL
2020-06-11,81.30693054199219,83.9749984741211,87.76499938964844,83.87000274658203,87.32749938964844,201662400,AAPL
2020-06-12,82.00889587402344,84.69999694824219,86.94999694824219,83.55500030517578,86.18000030517578,200146000,AAPL
2020-06-15,83.02313232421875,85.74749755859375,86.41999816894531,83.1449966430664,83.3125,138808800,AAPL
2020-06-16,85.22341918945312,88.0199966430664,88.30000305175781,86.18000030517578,87.86499786376953,165428800,AAPL
2020-06-17,85.10480499267578,87.89749908447266,88.8499984741211,87.77249908447266,88.7874984741211,114406400,AAPL
2020-06-18,85.13871002197266,87.93250274658203,88.36250305175781,87.30500030517578,87.85250091552734,96820400,AAPL
2020-06-19,84.65217590332031,87.43000030517578,89.13999938964844,86.2874984741211,88.66000366210938,264476000,AAPL
2020-06-22,86.86697387695312,89.71749877929688,89.86499786376953,87.7874984741211,87.83499908447266,135445200,AAPL
2020-06-23,88.72116088867188,91.63249969482422,93.09500122070312,90.56749725341797,91.0,212155600,AAPL
2020-06-24,87.15502166748047,90.01499938964844,92.19750213623047,89.62999725341797,91.25,192623200,AAPL
2020-06-25,88.31207275390625,91.20999908447266,91.25,89.39250183105469,90.17500305175781,137522400,AAPL
2020-06-26,85.59860229492188,88.40750122070312,91.33000183105469,88.25499725341797,91.10250091552734,205256800,AAPL
2020-06-29,87.57136535644531,90.44499969482422,90.5425033569336,87.81999969482422,88.3125,130646000,AAPL
2020-06-30,88.30237579345703,91.19999694824219,91.49500274658203,90.0,90.0199966430664,140223200,AAPL
2020-07-01,88.1353759765625,91.02749633789062,91.83999633789062,90.97750091552734,91.27999877929688,110737200,AAPL
2020-07-02,88.1353759765625,91.02749633789062,92.61750030517578,90.91000366210938,91.9625015258789,114041600,AAPL
2020-07-06,90.49301147460938,93.4625015258789,93.94499969482422,92.46749877929688,92.5,118655600,AAPL
2020-07-07,90.21222686767578,93.17250061035156,94.65499877929688,93.05750274658203,93.85250091552734,112424400,AAPL
2020-07-08,92.31326293945312,95.34249877929688,95.375,94.08999633789062,94.18000030517578,117092000,AAPL
2020-07-09,92.71023559570312,95.75250244140625,96.31749725341797,94.67250061035156,96.26249694824219,125642800,AAPL
2020-07-10,92.87242889404297,95.91999816894531,95.9800033569336,94.70500183105469,95.33499908447266,90257200,AAPL
2020-07-13,92.44397735595703,95.47750091552734,99.95500183105469,95.25749969482422,97.26499938964844,191649200,AAPL
2020-07-14,93.9737777709961,97.05750274658203,97.25499725341797,93.87750244140625,94.83999633789062,170989200,AAPL
2020-07-15,94.62008666992188,97.7249984741211,99.24749755859375,96.48999786376953,98.98999786376953,153198000,AAPL
2020-07-16,93.45577239990234,96.52249908447266,97.40499877929688,95.90499877929688,96.5625,110577600,AAPL
2020-07-17,93.26697540283203,96.32749938964844,97.14749908447266,95.83999633789062,96.98750305175781,92186800,AAPL
2020-07-20,95.23248291015625,98.35749816894531,98.5,96.0625,96.4175033569336,90318000,AAPL
2020-07-21,93.91812133789062,97.0,99.25,96.74250030517578,99.17250061035156,103433200,AAPL
2020-07-22,94.18193817138672,97.27249908447266,97.9749984741211,96.60250091552734,96.69249725341797,89001600,AAPL
2020-07-23,89.89513397216797,92.84500122070312,97.07749938964844,92.01000213623047,96.99749755859375,197004400,AAPL
2020-07-24,89.67243957519531,92.61499786376953,92.97000122070312,89.1449966430664,90.98750305175781,185438800,AAPL
2020-07-27,91.79768371582031,94.80999755859375,94.90499877929688,93.4800033569336,93.70999908447266,121214000,AAPL
2020-07-28,90.28966522216797,93.25250244140625,94.55000305175781,93.24749755859375,94.36750030517578,103625600,AAPL
2020-07-29,92.02040100097656,95.04000091552734,95.2300033569336,93.7125015258789,93.75,90329200,AAPL
2020-07-30,93.13385009765625,96.19000244140625,96.29750061035156,93.76750183105469,94.1875,158130000,AAPL
2020-07-31,102.88390350341797,106.26000213623047,106.41500091552734,100.82499694824219,102.88500213623047,374336800,AAPL
2020-08-03,105.47633361816406,108.9375,111.63749694824219,107.89250183105469,108.19999694824219,308151200,AAPL
2020-08-04,106.18072509765625,109.66500091552734,110.79000091552734,108.38749694824219,109.13249969482422,173071600,AAPL
2020-08-05,106.5655746459961,110.0625,110.39250183105469,108.89749908447266,109.37750244140625,121776800,AAPL
2020-08-06,110.28358459472656,113.90249633789062,114.4124984741211,109.79750061035156,110.40499877929688,202428800,AAPL
2020-08-07,107.77618408203125,111.11250305175781,113.67500305175781,110.2925033569336,113.20500183105469,198045600,AAPL
2020-08-10,109.34269714355469,112.72750091552734,113.7750015258789,110.0,112.5999984741211,212403600,AAPL
2020-08-11,106.09088134765625,109.375,112.48249816894531,109.10749816894531,111.97000122070312,187902400,AAPL
2020-08-12,109.61672973632812,113.01000213623047,113.2750015258789,110.29750061035156,110.49749755859375,165598000,AAPL
2020-08-13,111.55667114257812,115.01000213623047,116.0425033569336,113.92749786376953,114.43000030517578,210082000,AAPL
2020-08-14,111.4572525024414,114.90750122070312,115.0,113.04499816894531,114.83000183105469,165565200,AAPL
2020-08-17,111.166259765625,114.60749816894531,116.0875015258789,113.9625015258789,116.0625,119561600,AAPL
2020-08-18,112.09256744384766,115.5625,116.0,114.00749969482422,114.35250091552734,105633600,AAPL
2020-08-19,112.23323822021484,115.7074966430664,117.1624984741211,115.61000061035156,115.98249816894531,145538000,AAPL
2020-08-20,114.72364044189453,118.2750015258789,118.39250183105469,115.73249816894531,115.75,126907200,AAPL
2020-08-21,120.63563537597656,124.37000274658203,124.86750030517578,119.25,119.26249694824219,338054800,AAPL
2020-08-24,122.0784683227539,125.85749816894531,128.78500366210938,123.9375,128.69749450683594,345937600,AAPL
2020-08-25,121.07697296142578,124.82499694824219,125.18000030517578,123.05249786376953,124.69750213623047,211495600,AAPL
2020-08-26,122.72350311279297,126.52249908447266,126.99250030517578,125.0824966430664,126.18000030517578,163022400,AAPL
2020-08-27,121.25641632080078,125.01000213623047,127.48500061035156,123.8324966430664,127.14250183105469,155552400,AAPL
2020-08-28,121.05999755859375,124.80750274658203,126.44249725341797,124.57749938964844,126.01249694824219,187630000,AAPL
2020-08-31,125.16537475585938,129.0399932861328,131.0,126.0,127.58000183105469,225702700,AAPL
2020-09-01,130.1510772705078,134.17999267578125,134.8000030517578,130.52999877929688,132.75999450683594,151948100,AAPL
2020-09-02,127.4545669555664,131.39999389648438,137.97999572753906,127.0,137.58999633789062,200119000,AAPL
2020-09-03,117.2503890991211,120.87999725341797,128.83999633789062,120.5,126.91000366210938,257599600,AAPL
2020-09-04,117.32801055908203,120.95999908447266,123.69999694824219,110.88999938964844,120.06999969482422,332607200,AAPL
2020-09-08,109.43243408203125,112.81999969482422,118.98999786376953,112.68000030517578,113.94999694824219,231366600,AAPL
2020-09-09,113.79730224609375,117.31999969482422,119.13999938964844,115.26000213623047,117.26000213623047,176940500,AAPL
2020-09-10,110.08230590820312,113.48999786376953,120.5,112.5,120.36000061035156,182274400,AAPL
2020-09-11,108.63705444335938,112.0,115.2300033569336,110.0,114.56999969482422,180860300,AAPL
2020-09-14,111.8961410522461,115.36000061035156,115.93000030517578,112.80000305175781,114.72000122070312,140150100,AAPL
2020-09-15,112.07073974609375,115.54000091552734,118.83000183105469,113.61000061035156,118.33000183105469,184642000,AAPL
2020-09-16,108.76316833496094,112.12999725341797,116.0,112.04000091552734,115.2300033569336,154679000,AAPL
2020-09-17,107.02690124511719,110.33999633789062,112.19999694824219,108.70999908447266,109.72000122070312,178011000,AAPL
2020-09-18,103.63198852539062,106.83999633789062,110.87999725341797,106.08999633789062,110.4000015258789,287104900,AAPL
2020-09-21,106.77468872070312,110.08000183105469,110.19000244140625,103.0999984741211,104.54000091552734,195713800,AAPL
2020-09-22,108.4527359008789,111.80999755859375,112.86000061035156,109.16000366210938,112.68000030517578,183055400,AAPL
2020-09-23,103.903564453125,107.12000274658203,112.11000061035156,106.7699966430664,111.62000274658203,150718700,AAPL
2020-09-24,104.97055053710938,108.22000122070312,110.25,105.0,105.16999816894531,167743300,AAPL
2020-09-25,108.90865325927734,112.27999877929688,112.44000244140625,107.66999816894531,108.43000030517578,149981400,AAPL
2020-09-28,111.50817108154297,114.95999908447266,115.31999969482422,112.77999877929688,115.01000213623047,137672400,AAPL
2020-09-29,110.6642837524414,114.08999633789062,115.30999755859375,113.56999969482422,114.55000305175781,99382200,AAPL
2020-09-30,112.33265686035156,115.80999755859375,117.26000213623047,113.62000274658203,113.79000091552734,142675200,AAPL
2020-10-01,113.28324890136719,116.79000091552734,117.72000122070312,115.83000183105469,117.63999938964844,116120400,AAPL
2020-10-02,109.6264419555664,113.0199966430664,115.37000274658203,112.22000122070312,112.88999938964844,144712000,AAPL
2020-10-05,113.00192260742188,116.5,116.6500015258789,113.55000305175781,113.91000366210938,106243800,AAPL
2020-10-06,109.76221466064453,113.16000366210938,116.12000274658203,112.25,115.69999694824219,161498200,AAPL
2020-10-07,111.62458038330078,115.08000183105469,115.55000305175781,114.12999725341797,114.62000274658203,96849000,AAPL
2020-10-08,111.51786041259766,114.97000122070312,116.4000015258789,114.58999633789062,116.25,83477200,AAPL
2020-10-09,113.45781707763672,116.97000122070312,117.0,114.91999816894531,115.27999877929688,100506900,AAPL
2020-10-12,120.66474914550781,124.4000015258789,125.18000030517578,119.27999877929688,120.05999755859375,240226800,AAPL
2020-10-13,117.46379852294922,121.0999984741211,125.38999938964844,119.6500015258789,125.2699966430664,262330500,AAPL
2020-10-14,117.55110931396484,121.19000244140625,123.02999877929688,119.62000274658203,121.0,150712000,AAPL
2020-10-15,117.08549499511719,120.70999908447266,121.19999694824219,118.1500015258789,118.72000122070312,112559200,AAPL
2020-10-16,115.44625854492188,119.0199966430664,121.55000305175781,118.80999755859375,121.27999877929688,115393800,AAPL
2020-10-19,112.49756622314453,115.9800033569336,120.41999816894531,115.66000366210938,119.95999908447266,120639300,AAPL
2020-10-20,113.98159790039062,117.51000213623047,118.9800033569336,115.62999725341797,116.19999694824219,124423700,AAPL
2020-10-21,113.3608169555664,116.87000274658203,118.70999908447266,116.44999694824219,116.66999816894531,89946000,AAPL
2020-10-22,112.27445220947266,115.75,118.04000091552734,114.58999633789062,117.44999694824219,101988000,AAPL
2020-10-23,111.58576202392578,115.04000091552734,116.55000305175781,114.27999877929688,116.38999938964844,82572600,AAPL
2020-10-26,111.5954818725586,115.05000305175781,116.55000305175781,112.87999725341797,114.01000213623047,111850700,AAPL
2020-10-27,113.09892272949219,116.5999984741211,117.27999877929688,114.54000091552734,115.48999786376953,92276800,AAPL
2020-10-28,107.8610610961914,111.19999694824219,115.43000030517578,111.0999984741211,115.05000305175781,143937800,AAPL
2020-10-29,111.85734558105469,115.31999969482422,116.93000030517578,112.19999694824219,112.37000274658203,146129200,AAPL
2020-10-30,105.59131622314453,108.86000061035156,111.98999786376953,107.72000122070312,111.05999755859375,190272600,AAPL
2020-11-02,105.50401306152344,108.7699966430664,110.68000030517578,107.31999969482422,109.11000061035156,122866900,AAPL
2020-11-03,107.1239013671875,110.44000244140625,111.48999786376953,108.7300033569336,109.66000366210938,107624400,AAPL
2020-11-04,111.49847412109375,114.94999694824219,115.58999633789062,112.3499984741211,114.13999938964844,138235500,AAPL
2020-11-05,115.4559555053711,119.02999877929688,119.62000274658203,116.87000274658203,117.94999694824219,126387100,AAPL
2020-11-06,115.32479858398438,118.69000244140625,119.19999694824219,116.12999725341797,118.31999969482422,114457900,AAPL
2020-11-09,113.02198028564453,116.31999969482422,121.98999786376953,116.05000305175781,120.5,154515300,AAPL
2020-11-10,112.68191528320312,115.97000122070312,117.58999633789062,114.12999725341797,115.55000305175781,138023400,AAPL
2020-11-11,116.10211944580078,119.48999786376953,119.62999725341797,116.44000244140625,117.19000244140625,112295000,AAPL
2020-11-12,115.8300552368164,119.20999908447266,120.52999877929688,118.56999969482422,119.62000274658203,103162300,AAPL
2020-11-13,115.87863159179688,119.26000213623047,119.66999816894531,117.87000274658203,119.44000244140625,81581900,AAPL
2020-11-16,116.88915252685547,120.30000305175781,120.98999786376953,118.1500015258789,118.91999816894531,91183000,AAPL
2020-11-17,116.00494384765625,119.38999938964844,120.66999816894531,118.95999908447266,119.55000305175781,74271000,AAPL
2020-11-18,114.68351745605469,118.02999877929688,119.81999969482422,118.0,118.61000061035156,76322100,AAPL
2020-11-19,115.27620697021484,118.63999938964844,119.05999755859375,116.80999755859375,117.58999633789062,74113000,AAPL
2020-11-20,114.01306915283203,117.33999633789062,118.7699966430664,117.29000091552734,118.63999938964844,73604300,AAPL
2020-11-23,110.62201690673828,113.8499984741211,117.62000274658203,113.75,117.18000030517578,127959300,AAPL
2020-11-24,111.90458679199219,115.16999816894531,115.8499984741211,112.58999633789062,113.91000366210938,113874200,AAPL
2020-11-25,112.74020385742188,116.02999877929688,116.75,115.16999816894531,115.55000305175781,76499200,AAPL
2020-11-27,113.28433227539062,116.58999633789062,117.48999786376953,116.22000122070312,116.56999969482422,46691300,AAPL
2020-11-30,115.67459869384766,119.05000305175781,120.97000122070312,116.80999755859375,116.97000122070312,169410200,AAPL
2020-12-01,119.24052429199219,122.72000122070312,123.47000122070312,120.01000213623047,121.01000213623047,127728200,AAPL
2020-12-02,119.59030151367188,123.08000183105469,123.37000274658203,120.88999938964844,122.0199966430664,89004200,AAPL
2020-12-03,119.45429229736328,122.94000244140625,123.77999877929688,122.20999908447266,123.5199966430664,78967600,AAPL
2020-12-04,118.78385162353516,122.25,122.86000061035156,121.5199966430664,122.5999984741211,78260400,AAPL
2020-12-07,120.24132537841797,123.75,124.56999969482422,122.25,122.30999755859375,86712000,AAPL
2020-12-08,120.85347747802734,124.37999725341797,124.9800033569336,123.08999633789062,124.37000274658203,82225500,AAPL
2020-12-09,118.3271713256836,121.77999877929688,125.94999694824219,121.0,124.52999877929688,115089200,AAPL
2020-12-10,119.74578857421875,123.23999786376953,123.87000274658203,120.1500015258789,120.5,81312200,AAPL
2020-12-11,118.93932342529297,122.41000366210938,122.76000213623047,120.55000305175781,122.43000030517578,86939800,AAPL
2020-12-14,118.3271713256836,121.77999877929688,123.3499984741211,121.54000091552734,122.5999984741211,79184500,AAPL
2020-12-15,124.25423431396484,127.87999725341797,127.9000015258789,124.12999725341797,124.33999633789062,157243700,AAPL
2020-12-16,124.18620300292969,127.80999755859375,128.3699951171875,126.55999755859375,127.41000366210938,98208600,AAPL
2020-12-17,125.05097198486328,128.6999969482422,129.5800018310547,128.0399932861328,128.89999389648438,94359800,AAPL
2020-12-18,123.06881713867188,126.66000366210938,129.10000610351562,126.12000274658203,128.9600067138672,192541500,AAPL
2020-12-21,124.59428405761719,128.22999572753906,128.30999755859375,123.44999694824219,125.0199966430664,121251600,AAPL
2020-12-22,128.14080810546875,131.8800048828125,134.41000366210938,129.64999389648438,131.61000061035156,168904800,AAPL
2020-12-23,127.24687957763672,130.9600067138672,132.42999267578125,130.77999877929688,132.16000366210938,88223700,AAPL
2020-12-24,128.22830200195312,131.97000122070312,133.4600067138672,131.10000610351562,131.32000732421875,54930100,AAPL
2020-12-28,132.814453125,136.69000244140625,137.33999633789062,133.50999450683594,133.99000549316406,124486200,AAPL
2020-12-29,131.04605102539062,134.8699951171875,138.7899932861328,134.33999633789062,138.0500030517578,121047300,AAPL
2020-12-30,129.92864990234375,133.72000122070312,135.99000549316406,133.39999389648438,135.5800018310547,96452100,AAPL
2020-12-31,128.92788696289062,132.69000244140625,134.74000549316406,131.72000122070312,134.0800018310547,99116600,AAPL
2021-01-04,125.74083709716797,129.41000366210938,133.61000061035156,126.76000213623047,133.52000427246094,143301900,AAPL
2021-01-05,127.29544067382812,131.00999450683594,131.74000549316406,128.42999267578125,128.88999938964844,97664900,AAPL
2021-01-06,123.01053619384766,126.5999984741211,131.0500030517578,126.37999725341797,127.72000122070312,155088000,AAPL
2021-01-07,127.20802307128906,130.9199981689453,131.6300048828125,127.86000061035156,128.36000061035156,109578200,AAPL
2021-01-08,128.30601501464844,132.0500030517578,132.6300048828125,130.22999572753906,132.42999267578125,105158200,AAPL
2021-01-11,125.32303619384766,128.97999572753906,130.1699981689453,128.5,129.19000244140625,100384500,AAPL
2021-01-12,125.14815521240234,128.8000030517578,129.69000244140625,126.86000061035156,128.5,91951100,AAPL
2021-01-13,127.17887115478516,130.88999938964844,131.4499969482422,128.49000549316406,128.75999450683594,88636800,AAPL
2021-01-14,125.2550277709961,128.91000366210938,131.0,128.75999450683594,130.8000030517578,90221800,AAPL
2021-01-15,123.53519439697266,127.13999938964844,130.22000122070312,127.0,128.77999877929688,111598500,AAPL
2021-01-19,124.20563507080078,127.83000183105469,128.7100067138672,126.94000244140625,127.77999877929688,90757300,AAPL
2021-01-20,128.28652954101562,132.02999877929688,132.49000549316406,128.5500030517578,128.66000366210938,104319500,AAPL
2021-01-21,132.98931884765625,136.8699951171875,139.6699981689453,133.58999633789062,133.8000030517578,120150900,AAPL
2021-01-22,135.1269989013672,139.07000732421875,139.85000610351562,135.02000427246094,136.27999877929688,114459400,AAPL
2021-01-25,138.86782836914062,142.9199981689453,145.08999633789062,136.5399932861328,143.07000732421875,157611700,AAPL
2021-01-26,139.10101318359375,143.16000366210938,144.3000030517578,141.3699951171875,143.60000610351562,98390600,AAPL
2021-01-27,138.03216552734375,142.05999755859375,144.3000030517578,140.41000366210938,143.42999267578125,140843800,AAPL
2021-01-28,133.203125,137.08999633789062,141.99000549316406,136.6999969482422,139.52000427246094,142621100,AAPL
2021-01-29,128.21856689453125,131.9600067138672,136.74000549316406,130.2100067138672,135.8300018310547,177523800,AAPL
2021-02-01,130.3367156982422,134.13999938964844,135.3800048828125,130.92999267578125,133.75,106239800,AAPL
2021-02-02,131.1626739501953,134.99000549316406,136.30999755859375,134.61000061035156,135.72999572753906,83305400,AAPL
2021-02-03,130.1424560546875,133.94000244140625,135.77000427246094,133.61000061035156,135.75999450683594,89880900,AAPL
2021-02-04,133.49459838867188,137.38999938964844,137.39999389648438,134.58999633789062,136.3000030517578,84183100,AAPL
2021-02-05,133.0810089111328,136.75999450683594,137.4199981689453,135.86000061035156,137.35000610351562,75693800,AAPL
2021-02-08,133.22698974609375,136.91000366210938,136.9600067138672,134.9199981689453,136.02999877929688,71297200,AAPL
2021-02-09,132.3511962890625,136.00999450683594,137.8800048828125,135.85000610351562,136.6199951171875,76774200,AAPL
2021-02-10,131.74786376953125,135.38999938964844,136.99000549316406,134.39999389648438,136.47999572753906,73046600,AAPL
2021-02-11,131.49490356445312,135.1300048828125,136.38999938964844,133.77000427246094,135.89999389648438,64280000,AAPL
2021-02-12,131.7283935546875,135.3699951171875,135.52999877929688,133.69000244140625,134.35000610351562,60145100,AAPL
2021-02-16,129.60711669921875,133.19000244140625,136.00999450683594,132.7899932861328,135.49000549316406,80576300,AAPL
2021-02-17,127.32027435302734,130.83999633789062,132.22000122070312,129.47000122070312,131.25,97918500,AAPL
2021-02-18,126.2206802368164,129.7100067138672,130.0,127.41000366210938,129.1999969482422,96856700,AAPL
2021-02-19,126.3763656616211,129.8699951171875,130.7100067138672,128.8000030517578,130.24000549316406,87668800,AAPL
2021-02-22,122.6104736328125,126.0,129.72000122070312,125.5999984741211,128.00999450683594,103916400,AAPL
2021-02-23,122.47422790527344,125.86000061035156,126.70999908447266,118.38999938964844,123.76000213623047,158273000,AAPL
2021-02-24,121.97795867919922,125.3499984741211,125.55999755859375,122.2300033569336,124.94000244140625,111039900,AAPL
2021-02-25,117.73526000976562,120.98999786376953,126.45999908447266,120.54000091552734,124.68000030517578,148199500,AAPL
2021-02-26,117.99799346923828,121.26000213623047,124.8499984741211,121.19999694824219,122.58999633789062,164560400,AAPL
2021-03-01,124.35233306884766,127.79000091552734,127.93000030517578,122.79000091552734,123.75,116307900,AAPL
2021-03-02,121.75415802001953,125.12000274658203,128.72000122070312,125.01000213623047,128.41000366210938,102260900,AAPL
2021-03-03,118.77644348144531,122.05999755859375,125.70999908447266,121.83999633789062,124.80999755859375,112966300,AAPL
2021-03-04,116.89839172363281,120.12999725341797,123.5999984741211,118.62000274658203,121.75,178155000,AAPL
2021-03-05,118.1536865234375,121.41999816894531,121.94000244140625,117.56999969482422,120.9800033569336,153766600,AAPL
2021-03-08,113.22979736328125,116.36000061035156,121.0,116.20999908447266,120.93000030517578,154376600,AAPL
2021-03-09,117.83256530761719,121.08999633789062,122.05999755859375,118.79000091552734,119.02999877929688,129525800,AAPL
2021-03-10,116.7524185180664,119.9800033569336,122.16999816894531,119.44999694824219,121.69000244140625,111943300,AAPL
2021-03-11,118.67916107177734,121.95999908447266,123.20999908447266,121.26000213623047,122.54000091552734,103026500,AAPL
2021-03-12,117.774169921875,121.02999877929688,121.16999816894531,119.16000366210938,120.4000015258789,88105100,AAPL
2021-03-15,120.65455627441406,123.98999786376953,124.0,120.41999816894531,121.41000366210938,92403800,AAPL
2021-03-16,122.19204711914062,125.56999969482422,127.22000122070312,124.72000122070312,125.69999694824219,115227900,AAPL
2021-03-17,121.40383911132812,124.76000213623047,125.86000061035156,122.33999633789062,124.05000305175781,111932600,AAPL
2021-03-18,117.28761291503906,120.52999877929688,123.18000030517578,120.31999969482422,122.87999725341797,121229700,AAPL
2021-03-19,116.76216125488281,119.98999786376953,121.43000030517578,119.68000030517578,119.9000015258789,185549500,AAPL
2021-03-22,120.07068634033203,123.38999938964844,123.87000274658203,120.26000213623047,120.33000183105469,111912300,AAPL
2021-03-23,119.24356079101562,122.54000091552734,124.23999786376953,122.13999938964844,123.33000183105469,95467100,AAPL
2021-03-24,116.85944366455078,120.08999633789062,122.9000015258789,120.06999969482422,122.81999969482422,88530500,AAPL
2021-03-25,117.34600830078125,120.58999633789062,121.66000366210938,119.0,119.54000091552734,98844700,AAPL
2021-03-26,117.94932556152344,121.20999908447266,121.4800033569336,118.91999816894531,120.3499984741211,94071200,AAPL
2021-03-29,118.12449645996094,121.38999938964844,122.58000183105469,120.7300033569336,121.6500015258789,80819200,AAPL
2021-03-30,116.67457580566406,119.9000015258789,120.4000015258789,118.86000061035156,120.11000061035156,85671900,AAPL
2021-03-31,118.86405181884766,122.1500015258789,123.5199966430664,121.1500015258789,121.6500015258789,118323800,AAPL
2021-04-01,119.691162109375,123.0,124.18000030517578,122.48999786376953,123.66000366210938,75089100,AAPL
2021-04-05,122.5131607055664,125.9000015258789,126.16000366210938,123.06999969482422,123.87000274658203,88651200,AAPL
2021-04-06,122.81485748291016,126.20999908447266,127.12999725341797,125.6500015258789,126.5,80171300,AAPL
2021-04-07,124.45935821533203,127.9000015258789,127.91999816894531,125.13999938964844,125.83000183105469,83466700,AAPL
2021-04-08,126.85321044921875,130.36000061035156,130.38999938964844,128.52000427246094,128.9499969482422,88844600,AAPL
2021-04-09,129.42218017578125,133.0,133.0399932861328,129.47000122070312,129.8000030517578,106686700,AAPL
2021-04-12,127.70954132080078,131.24000549316406,132.85000610351562,130.6300048828125,132.52000427246094,91420000,AAPL
2021-04-13,130.8136749267578,134.42999267578125,134.66000366210938,131.92999267578125,132.44000244140625,91266500,AAPL
2021-04-14,128.4782257080078,132.02999877929688,135.0,131.66000366210938,134.94000244140625,87222800,AAPL
2021-04-15,130.88180541992188,134.5,135.0,133.63999938964844,133.82000732421875,89347100,AAPL
2021-04-16,130.55096435546875,134.16000366210938,134.6699981689453,133.27999877929688,134.3000030517578,84922400,AAPL
2021-04-19,131.21267700195312,134.83999633789062,135.47000122070312,133.33999633789062,133.50999450683594,94264200,AAPL
2021-04-20,129.52920532226562,133.11000061035156,135.52999877929688,131.80999755859375,135.02000427246094,94812300,AAPL
2021-04-21,129.90872192382812,133.5,133.75,131.3000030517578,132.36000061035156,68847100,AAPL
2021-04-22,128.3907012939453,131.94000244140625,134.14999389648438,131.41000366210938,133.0399932861328,84566500,AAPL
2021-04-23,130.70664978027344,134.32000732421875,135.1199951171875,132.16000366210938,132.16000366210938,78657500,AAPL
2021-04-26,131.09591674804688,134.72000122070312,135.05999755859375,133.55999755859375,134.8300018310547,66905100,AAPL
2021-04-27,130.7747802734375,134.38999938964844,135.41000366210938,134.11000061035156,135.00999450683594,66015800,AAPL
2021-04-28,129.9865264892578,133.5800018310547,135.02000427246094,133.0800018310547,134.30999755859375,107760100,AAPL
2021-04-29,129.88926696777344,133.47999572753906,137.07000732421875,132.4499969482422,136.47000122070312,151101000,AAPL
2021-04-30,127.923583984375,131.4600067138672,133.55999755859375,131.07000732421875,131.77999877929688,109839500,AAPL
2021-05-03,128.97454833984375,132.5399932861328,134.07000732421875,131.8300018310547,132.0399932861328,75135100,AAPL
2021-05-04,124.41069030761719,127.8499984741211,131.49000549316406,126.69999694824219,131.19000244140625,137564700,AAPL
2021-05-05,124.65397644042969,128.10000610351562,130.4499969482422,127.97000122070312,129.1999969482422,84000900,AAPL
2021-05-06,126.2498779296875,129.74000549316406,129.75,127.12999725341797,127.88999938964844,78128300,AAPL
2021-05-07,126.9224624633789,130.2100067138672,131.25999450683594,129.47999572753906,130.85000610351562,78973300,AAPL
2021-05-10,123.64727783203125,126.8499984741211,129.5399932861328,126.80999755859375,129.41000366210938,88071200,AAPL
2021-05-11,122.73104095458984,125.91000366210938,126.2699966430664,122.7699966430664,123.5,126142800,AAPL
2021-05-12,119.6702880859375,122.7699966430664,124.63999938964844,122.25,123.4000015258789,112172300,AAPL
2021-05-13,121.81474304199219,124.97000122070312,126.1500015258789,124.26000213623047,124.58000183105469,105861300,AAPL
2021-05-14,124.23212432861328,127.44999694824219,127.88999938964844,125.8499984741211,126.25,81918000,AAPL
2021-05-17,123.0819091796875,126.2699966430664,126.93000030517578,125.16999816894531,126.81999969482422,74244600,AAPL
2021-05-18,121.69778442382812,124.8499984741211,126.98999786376953,124.77999877929688,126.55999755859375,63342900,AAPL
2021-05-19,121.54180908203125,124.69000244140625,124.91999816894531,122.86000061035156,123.16000366210938,92612000,AAPL
2021-05-20,124.09567260742188,127.30999755859375,127.72000122070312,125.0999984741211,125.2300033569336,76857100,AAPL
2021-05-21,122.26311492919922,125.43000030517578,128.0,125.20999908447266,127.81999969482422,79295400,AAPL
2021-05-24,123.89096069335938,127.0999984741211,127.94000244140625,125.94000244140625,126.01000213623047,63092900,AAPL
2021-05-25,123.69601440429688,126.9000015258789,128.32000732421875,126.31999969482422,127.81999969482422,72009500,AAPL
2021-05-26,123.64727783203125,126.8499984741211,127.38999938964844,126.41999816894531,126.95999908447266,56575900,AAPL
2021-05-27,122.11690521240234,125.27999877929688,127.63999938964844,125.08000183105469,126.44000244140625,94625600,AAPL
2021-05-28,121.46385192871094,124.61000061035156,125.80000305175781,124.55000305175781,125.56999969482422,71311100,AAPL
2021-06-01,121.14215850830078,124.27999877929688,125.3499984741211,123.94000244140625,125.08000183105469,67637100,AAPL
2021-06-02,121.90248107910156,125.05999755859375,125.23999786376953,124.05000305175781,124.27999877929688,59278900,AAPL
2021-06-03,120.42086791992188,123.54000091552734,124.8499984741211,123.12999725341797,124.68000030517578,76229200,AAPL
2021-06-04,122.71151733398438,125.88999938964844,126.16000366210938,123.8499984741211,124.06999969482422,75169300,AAPL
2021-06-07,122.72126770019531,125.9000015258789,126.31999969482422,124.83000183105469,126.16999816894531,71057600,AAPL
2021-06-08,123.54004669189453,126.73999786376953,128.4600067138672,126.20999908447266,126.5999984741211,74403800,AAPL
2021-06-09,123.92022705078125,127.12999725341797,127.75,126.5199966430664,127.20999908447266,56877900,AAPL
2021-06-10,122.92596435546875,126.11000061035156,128.19000244140625,125.94000244140625,127.0199966430664,71186400,AAPL
2021-06-11,124.1346435546875,127.3499984741211,127.44000244140625,126.0999984741211,126.52999877929688,53522400,AAPL
2021-06-14,127.18565368652344,130.47999572753906,130.5399932861328,127.06999969482422,127.81999969482422,96906500,AAPL
2021-06-15,126.3668212890625,129.63999938964844,130.60000610351562,129.38999938964844,129.94000244140625,62746300,AAPL
2021-06-16,126.86395263671875,130.14999389648438,130.88999938964844,128.4600067138672,130.3699951171875,91815000,AAPL
2021-06-17,128.46255493164062,131.7899932861328,132.5500030517578,129.64999389648438,129.8000030517578,96721700,AAPL
2021-06-18,127.16615295410156,130.4600067138672,131.50999450683594,130.24000549316406,130.7100067138672,108953300,AAPL
2021-06-21,128.95968627929688,132.3000030517578,132.41000366210938,129.2100067138672,130.3000030517578,79663300,AAPL
2021-06-22,130.59725952148438,133.97999572753906,134.0800018310547,131.6199951171875,132.1300048828125,74783600,AAPL
2021-06-23,130.3243865966797,133.6999969482422,134.32000732421875,133.22999572753906,133.77000427246094,60214200,AAPL
2021-06-24,130.04161071777344,133.41000366210938,134.63999938964844,132.92999267578125,134.4499969482422,68711000,AAPL
2021-06-25,129.7492218017578,133.11000061035156,133.88999938964844,132.80999755859375,133.4600067138672,70783700,AAPL
2021-06-28,131.3770294189453,134.77999877929688,135.25,133.35000610351562,133.41000366210938,62111300,AAPL
2021-06-29,132.887939453125,136.3300018310547,136.49000549316406,134.35000610351562,134.8000030517578,64556100,AAPL
2021-06-30,133.5020294189453,136.9600067138672,137.41000366210938,135.8699951171875,136.1699981689453,63261400,AAPL
2021-07-01,133.80421447753906,137.27000427246094,137.3300018310547,135.75999450683594,136.60000610351562,52485800,AAPL
2021-07-02,136.42626953125,139.9600067138672,140.0,137.75,137.89999389648438,78852600,AAPL
2021-07-06,138.4342803955078,142.02000427246094,143.14999389648438,140.07000732421875,140.07000732421875,108181800,AAPL
2021-07-07,140.91989135742188,144.57000732421875,144.88999938964844,142.66000366210938,143.5399932861328,104911600,AAPL
2021-07-08,139.6234588623047,143.24000549316406,144.05999755859375,140.6699981689453,141.5800018310547,105575500,AAPL
2021-07-09,141.44625854492188,145.11000061035156,145.64999389648438,142.64999389648438,142.75,99890800,AAPL
2021-07-12,140.85166931152344,144.5,146.32000732421875,144.0,146.2100067138672,76299700,AAPL
2021-07-13,141.96287536621094,145.63999938964844,147.4600067138672,143.6300048828125,144.02999877929688,100827100,AAPL
2021-07-14,145.38424682617188,149.14999389648438,149.57000732421875,147.67999267578125,148.10000610351562,127050800,AAPL
2021-07-15,144.73114013671875,148.47999572753906,150.0,147.08999633789062,149.24000549316406,106820300,AAPL
2021-07-16,142.69390869140625,146.38999938964844,149.75999450683594,145.8800048828125,148.4600067138672,93251400,AAPL
2021-07-19,138.85340881347656,142.4499969482422,144.07000732421875,141.6699981689453,143.75,121434600,AAPL
2021-07-20,142.45997619628906,146.14999389648438,147.10000610351562,142.9600067138672,143.4600067138672,96350000,AAPL
2021-07-21,141.7289276123047,145.39999389648438,146.1300048828125,144.6300048828125,145.52999877929688,74993500,AAPL
2021-07-22,143.09361267089844,146.8000030517578,148.1999969482422,145.80999755859375,145.94000244140625,77338200,AAPL
2021-07-23,144.8091278076172,148.55999755859375,148.72000122070312,146.9199981689453,147.5500030517578,71447400,AAPL
2021-07-26,145.228271484375,148.99000549316406,149.8300018310547,147.6999969482422,148.27000427246094,72434100,AAPL
2021-07-27,143.06431579589844,146.77000427246094,149.2100067138672,145.5500030517578,149.1199951171875,104818600,AAPL
2021-07-28,141.3195037841797,144.97999572753906,146.97000122070312,142.5399932861328,144.80999755859375,118931200,AAPL
2021-07-29,141.96287536621094,145.63999938964844,146.5500030517578,144.5800018310547,144.69000244140625,56699500,AAPL
2021-07-30,142.17730712890625,145.86000061035156,146.3300018310547,144.11000061035156,144.3800048828125,70440600,AAPL
2021-08-02,141.84591674804688,145.52000427246094,146.9499969482422,145.25,146.36000061035156,62880000,AAPL
2021-08-03,143.639404296875,147.36000061035156,148.0399932861328,145.17999267578125,145.80999755859375,64786600,AAPL
2021-08-04,143.2397918701172,146.9499969482422,147.7899932861328,146.27999877929688,147.27000427246094,56368300,AAPL
2021-08-05,143.34701538085938,147.05999755859375,147.83999633789062,146.1699981689453,146.97999572753906,46397700,AAPL
2021-08-06,142.6636505126953,146.13999938964844,147.11000061035156,145.6300048828125,146.35000610351562,54126800,AAPL
2021-08-09,142.61485290527344,146.08999633789062,146.6999969482422,145.52000427246094,146.1999969482422,48908700,AAPL
2021-08-10,142.1365203857422,145.60000610351562,147.7100067138672,145.3000030517578,146.44000244140625,69023100,AAPL
2021-08-11,142.3903350830078,145.86000061035156,146.72000122070312,145.52999877929688,146.0500030517578,48493500,AAPL
2021-08-12,145.34825134277344,148.88999938964844,149.0500030517578,145.83999633789062,146.19000244140625,72282600,AAPL
2021-08-13,145.55328369140625,149.10000610351562,149.44000244140625,148.27000427246094,148.97000122070312,59375000,AAPL
2021-08-16,147.5251922607422,151.1199951171875,151.19000244140625,146.47000122070312,148.5399932861328,103296000,AAPL
2021-08-17,146.6173553466797,150.19000244140625,151.67999267578125,149.08999633789062,150.22999572753906,92229700,AAPL
2021-08-18,142.8784637451172,146.36000061035156,150.72000122070312,146.14999389648438,149.8000030517578,86326000,AAPL
2021-08-19,143.21035766601562,146.6999969482422,148.0,144.5,145.02999877929688,86960300,AAPL
2021-08-20,144.66488647460938,148.19000244140625,148.5,146.77999877929688,147.44000244140625,60549600,AAPL
2021-08-23,146.1487274169922,149.7100067138672,150.19000244140625,147.88999938964844,148.30999755859375,60131800,AAPL
2021-08-24,146.06088256835938,149.6199951171875,150.86000061035156,149.14999389648438,149.4499969482422,48606400,AAPL
2021-08-25,144.8308868408203,148.36000061035156,150.32000732421875,147.8000030517578,149.80999755859375,58991300,AAPL
2021-08-26,144.03038024902344,147.5399932861328,149.1199951171875,147.50999450683594,148.35000610351562,48597200,AAPL
2021-08-27,145.06515502929688,148.60000610351562,148.75,146.8300018310547,147.47999572753906,55802400,AAPL
2021-08-30,149.4776153564453,153.1199951171875,153.49000549316406,148.61000061035156,149.0,90956700,AAPL
2021-08-31,148.2183074951172,151.8300018310547,152.8000030517578,151.2899932861328,152.66000366210938,86453100,AAPL
2021-09-01,148.8821258544922,152.50999450683594,154.97999572753906,152.33999633789062,152.8300018310547,80313700,AAPL
2021-09-02,149.99505615234375,153.64999389648438,154.72000122070312,152.39999389648438,153.8699951171875,71115500,AAPL
2021-09-03,150.6295623779297,154.3000030517578,154.6300048828125,153.08999633789062,153.75999450683594,57808700,AAPL
2021-09-07,152.9627227783203,156.69000244140625,157.25999450683594,154.38999938964844,154.97000122070312,82278300,AAPL
2021-09-08,151.42027282714844,155.11000061035156,157.0399932861328,153.97999572753906,156.97999572753906,74420200,AAPL
2021-09-09,150.40501403808594,154.07000732421875,156.11000061035156,153.9499969482422,155.49000549316406,57305700,AAPL
2021-09-10,145.42636108398438,148.97000122070312,155.47999572753906,148.6999969482422,155.0,140893200,AAPL
2021-09-13,145.99256896972656,149.5500030517578,151.4199981689453,148.75,150.6300048828125,102404300,AAPL
2021-09-14,144.59657287597656,148.1199951171875,151.07000732421875,146.91000366210938,150.35000610351562,109296300,AAPL
2021-09-15,145.48495483398438,149.02999877929688,149.44000244140625,146.3699951171875,148.55999755859375,83281300,AAPL
2021-09-16,145.25062561035156,148.7899932861328,148.97000122070312,147.22000122070312,148.44000244140625,68034100,AAPL
2021-09-17,142.58555603027344,146.05999755859375,148.82000732421875,145.75999450683594,148.82000732421875,129868800,AAPL
2021-09-20,139.53981018066406,142.94000244140625,144.83999633789062,141.27000427246094,143.8000030517578,123478900,AAPL
2021-09-21,140.0181427001953,143.42999267578125,144.60000610351562,142.77999877929688,143.92999267578125,75834000,AAPL
2021-09-22,142.3805694580078,145.85000610351562,146.42999267578125,143.6999969482422,144.4499969482422,76404300,AAPL
2021-09-23,143.3372802734375,146.8300018310547,147.0800018310547,145.63999938964844,146.64999389648438,64838200,AAPL
2021-09-24,143.4251251220703,146.9199981689453,147.47000122070312,145.55999755859375,145.66000366210938,53477900,AAPL
2021-09-27,141.91200256347656,145.3699951171875,145.9600067138672,143.82000732421875,145.47000122070312,74150700,AAPL
2021-09-28,138.53428649902344,141.91000366210938,144.75,141.69000244140625,143.25,108972300,AAPL
2021-09-29,139.43240356445312,142.8300018310547,144.4499969482422,142.02999877929688,142.47000122070312,74602000,AAPL
2021-09-30,138.13406372070312,141.5,144.3800048828125,141.27999877929688,143.66000366210938,89056700,AAPL
2021-10-01,139.25669860839844,142.64999389648438,142.9199981689453,139.11000061035156,141.89999389648438,94639600,AAPL
2021-10-04,135.83016967773438,139.13999938964844,142.2100067138672,138.27000427246094,141.75999450683594,98322000,AAPL
2021-10-05,137.75335693359375,141.11000061035156,142.24000549316406,139.36000061035156,139.49000549316406,80861100,AAPL
2021-10-06,138.6221466064453,142.0,142.14999389648438,138.3699951171875,139.47000122070312,83221100,AAPL
2021-10-07,139.8814697265625,143.2899932861328,144.22000122070312,142.72000122070312,143.05999755859375,61732700,AAPL
2021-10-08,139.50074768066406,142.89999389648438,144.17999267578125,142.55999755859375,144.02999877929688,58773200,AAPL
2021-10-11,139.4129180908203,142.80999755859375,144.80999755859375,141.80999755859375,142.27000427246094,64452200,AAPL
2021-10-12,138.14378356933594,141.50999450683594,143.25,141.0399932861328,143.22999572753906,73035900,AAPL
2021-10-13,137.5580596923828,140.91000366210938,141.39999389648438,139.1999969482422,141.24000549316406,78762700,AAPL
2021-10-14,140.3402557373047,143.75999450683594,143.8800048828125,141.50999450683594,142.11000061035156,69907100,AAPL
2021-10-15,141.39459228515625,144.83999633789062,144.89999389648438,143.50999450683594,143.77000427246094,67940300,AAPL
2021-10-18,143.06396484375,146.5500030517578,146.83999633789062,143.16000366210938,143.4499969482422,85589200,AAPL
2021-10-19,145.22137451171875,148.75999450683594,149.1699981689453,146.5500030517578,147.00999450683594,76378900,AAPL
2021-10-20,145.70945739746094,149.25999450683594,149.75,148.1199951171875,148.6999969482422,58418800,AAPL
2021-10-21,145.92420959472656,149.47999572753906,149.63999938964844,147.8699951171875,148.80999755859375,61421000,AAPL
2021-10-22,145.15306091308594,148.69000244140625,150.17999267578125,148.63999938964844,149.69000244140625,58883400,AAPL
2021-10-25,145.1042022705078,148.63999938964844,149.3699951171875,147.6199951171875,148.67999267578125,50720600,AAPL
2021-10-26,145.76803588867188,149.32000732421875,150.83999633789062,149.00999450683594,149.3300018310547,60893400,AAPL
2021-10-27,145.30921936035156,148.85000610351562,149.72999572753906,148.49000549316406,149.36000061035156,56094900,AAPL
2021-10-28,148.94073486328125,152.57000732421875,153.1699981689453,149.72000122070312,149.82000732421875,100077900,AAPL
2021-10-29,146.23660278320312,149.8000030517578,149.94000244140625,146.41000366210938,147.22000122070312,124953200,AAPL
2021-11-01,145.41661071777344,148.9600067138672,149.6999969482422,147.8000030517578,148.99000549316406,74588300,AAPL
2021-11-02,146.45140075683594,150.02000427246094,151.57000732421875,148.64999389648438,148.66000366210938,69122000,AAPL
2021-11-03,147.8864288330078,151.49000549316406,151.97000122070312,149.82000732421875,150.38999938964844,54511500,AAPL
2021-11-04,147.36903381347656,150.9600067138672,152.42999267578125,150.63999938964844,151.5800018310547,60394600,AAPL
2021-11-05,147.89695739746094,151.27999877929688,152.1999969482422,150.05999755859375,151.88999938964844,65463900,AAPL
2021-11-08,147.07571411132812,150.44000244140625,151.57000732421875,150.16000366210938,151.41000366210938,55020900,AAPL
2021-11-09,147.43743896484375,150.80999755859375,151.42999267578125,150.05999755859375,150.1999969482422,56787900,AAPL
2021-11-10,144.61204528808594,147.9199981689453,150.1300048828125,147.85000610351562,150.02000427246094,65187100,AAPL
2021-11-11,144.56317138671875,147.8699951171875,149.42999267578125,147.67999267578125,148.9600067138672,41000000,AAPL
2021-11-12,146.63580322265625,149.99000549316406,150.39999389648438,147.47999572753906,148.42999267578125,63804000,AAPL
2021-11-15,146.64556884765625,150.0,151.8800048828125,149.42999267578125,150.3699951171875,59222800,AAPL
2021-11-16,147.62319946289062,151.0,151.49000549316406,149.33999633789062,149.94000244140625,59256200,AAPL
2021-11-17,150.05751037597656,153.49000549316406,155.0,150.99000549316406,151.0,88807000,AAPL
2021-11-18,154.33958435058594,157.8699951171875,158.6699981689453,153.0500030517578,153.7100067138672,137827700,AAPL
2021-11-19,156.95962524414062,160.5500030517578,161.02000427246094,156.52999877929688,157.64999389648438,117305600,AAPL
2021-11-22,157.4191131591797,161.02000427246094,165.6999969482422,161.0,161.67999267578125,117467900,AAPL
2021-11-23,157.80039978027344,161.41000366210938,161.8000030517578,159.05999755859375,161.1199951171875,96041900,AAPL
2021-11-24,158.31854248046875,161.94000244140625,162.13999938964844,159.63999938964844,160.75,69463600,AAPL
2021-11-26,153.3032684326172,156.80999755859375,160.4499969482422,156.36000061035156,159.57000732421875,76959800,AAPL
2021-11-29,156.6565704345703,160.24000549316406,161.19000244140625,158.7899932861328,159.3699951171875,88748200,AAPL
2021-11-30,161.6033935546875,165.3000030517578,165.52000427246094,159.9199981689453,159.99000549316406,174048100,AAPL
2021-12-01,161.0852508544922,164.77000427246094,170.3000030517578,164.52999877929688,167.47999572753906,152052500,AAPL
2021-12-02,160.09786987304688,163.75999450683594,164.1999969482422,157.8000030517578,158.74000549316406,136739200,AAPL
2021-12-03,158.22076416015625,161.83999633789062,164.9600067138672,159.72000122070312,164.02000427246094,118023100,AAPL
2021-12-06,161.62301635742188,165.32000732421875,167.8800048828125,164.27999877929688,164.2899932861328,107497000,AAPL
2021-12-07,167.35191345214844,171.17999267578125,171.5800018310547,168.33999633789062,169.0800018310547,120405400,AAPL
2021-12-08,171.16470336914062,175.0800018310547,175.9600067138672,170.6999969482422,172.1300048828125,116998900,AAPL
2021-12-09,170.65634155273438,174.55999755859375,176.75,173.9199981689453,174.91000366210938,108923700,AAPL
2021-12-10,175.4369659423828,179.4499969482422,179.6300048828125,174.69000244140625,175.2100067138672,115402700,AAPL
2021-12-13,171.80995178222656,175.74000549316406,182.1300048828125,175.52999877929688,181.1199951171875,153237000,AAPL
2021-12-14,170.43150329589844,174.3300018310547,177.74000549316406,172.2100067138672,175.25,139380400,AAPL
2021-12-15,175.29031372070312,179.3000030517578,179.5,172.30999755859375,175.11000061035156,131063300,AAPL
2021-12-16,168.40777587890625,172.25999450683594,181.13999938964844,170.75,179.27999877929688,150185800,AAPL
2021-12-17,167.3127899169922,171.13999938964844,173.47000122070312,169.69000244140625,169.92999267578125,195432700,AAPL
2021-12-20,165.9539031982422,169.75,170.5800018310547,167.4600067138672,168.27999877929688,107499100,AAPL
2021-12-21,169.1214599609375,172.99000549316406,173.1999969482422,169.1199951171875,171.55999755859375,91185900,AAPL
2021-12-22,171.712158203125,175.63999938964844,175.86000061035156,172.14999389648438,173.0399932861328,92135300,AAPL
2021-12-23,172.337890625,176.27999877929688,176.85000610351562,175.27000427246094,175.85000610351562,68356600,AAPL
2021-12-27,176.2972869873047,180.3300018310547,180.4199981689453,177.07000732421875,177.08999633789062,74919600,AAPL
2021-12-28,175.28053283691406,179.2899932861328,181.3300018310547,178.52999877929688,180.16000366210938,79144300,AAPL
2021-12-29,175.3685302734375,179.3800048828125,180.6300048828125,178.13999938964844,179.3300018310547,62348900,AAPL
2021-12-30,174.21493530273438,178.1999969482422,180.57000732421875,178.08999633789062,179.47000122070312,59773000,AAPL
2021-12-31,173.5989990234375,177.57000732421875,179.22999572753906,177.25999450683594,178.08999633789062,64062300,AAPL
2022-01-03,177.93971252441406,182.00999450683594,182.8800048828125,177.7100067138672,177.8300018310547,104487900,AAPL
2022-01-04,175.68138122558594,179.6999969482422,182.94000244140625,179.1199951171875,182.6300048828125,99310400,AAPL
2022-01-05,171.00827026367188,174.9199981689453,180.1699981689453,174.63999938964844,179.61000061035156,94537600,AAPL
2022-01-06,168.15359497070312,172.0,175.3000030517578,171.63999938964844,172.6999969482422,96904000,AAPL
2022-01-07,168.31976318359375,172.1699981689453,174.13999938964844,171.02999877929688,172.88999938964844,86709100,AAPL
2022-01-10,168.33934020996094,172.19000244140625,172.5,168.1699981689453,169.0800018310547,106765600,AAPL
2022-01-11,171.16470336914062,175.0800018310547,175.17999267578125,170.82000732421875,172.32000732421875,76138300,AAPL
2022-01-12,171.60462951660156,175.52999877929688,177.17999267578125,174.82000732421875,176.1199951171875,74805200,AAPL
2022-01-13,168.33934020996094,172.19000244140625,176.6199951171875,171.7899932861328,175.77999877929688,84505800,AAPL
2022-01-14,169.19967651367188,173.07000732421875,173.77999877929688,171.08999633789062,171.33999633789062,80440800,AAPL
2022-01-18,166.00277709960938,169.8000030517578,172.5399932861328,169.41000366210938,171.50999450683594,90956700,AAPL
2022-01-19,162.51260375976562,166.22999572753906,171.0800018310547,165.94000244140625,170.0,94815000,AAPL
2022-01-20,160.83106994628906,164.50999450683594,169.67999267578125,164.17999267578125,166.97999572753906,91420500,AAPL
2022-01-21,158.77801513671875,162.41000366210938,166.3300018310547,162.3000030517578,164.4199981689453,122848900,AAPL
2022-01-24,158.00567626953125,161.6199951171875,162.3000030517578,154.6999969482422,160.02000427246094,162294600,AAPL
2022-01-25,156.2068328857422,159.77999877929688,162.75999450683594,157.02000427246094,158.97999572753906,115798400,AAPL
2022-01-26,156.118896484375,159.69000244140625,164.38999938964844,157.82000732421875,163.5,108275300,AAPL
2022-01-27,155.6593780517578,159.22000122070312,163.83999633789062,158.27999877929688,162.4499969482422,121954600,AAPL
2022-01-28,166.52090454101562,170.3300018310547,170.35000610351562,162.8000030517578,165.7100067138672,179935700,AAPL
2022-01-31,170.87139892578125,174.77999877929688,175.0,169.50999450683594,170.16000366210938,115541600,AAPL
2022-02-01,170.7052001953125,174.61000061035156,174.83999633789062,172.30999755859375,174.00999450683594,86213900,AAPL
2022-02-02,171.90773010253906,175.83999633789062,175.8800048828125,173.3300018310547,174.75,84914300,AAPL
2022-02-03,169.03341674804688,172.89999389648438,176.24000549316406,172.1199951171875,174.47999572753906,89418100,AAPL
2022-02-04,168.7495880126953,172.38999938964844,174.10000610351562,170.67999267578125,171.67999267578125,82465400,AAPL
2022-02-07,168.03500366210938,171.66000366210938,173.9499969482422,170.9499969482422,172.86000061035156,77251200,AAPL
2022-02-08,171.13809204101562,174.8300018310547,175.35000610351562,171.42999267578125,171.72999572753906,74829200,AAPL
2022-02-09,172.55746459960938,176.27999877929688,176.64999389648438,174.89999389648438,176.0500030517578,71285000,AAPL
2022-02-10,168.4853057861328,172.1199951171875,175.47999572753906,171.5500030517578,174.13999938964844,90865900,AAPL
2022-02-11,165.0787811279297,168.63999938964844,173.0800018310547,168.0399932861328,172.3300018310547,98670700,AAPL
2022-02-14,165.31369018554688,168.8800048828125,169.5800018310547,166.55999755859375,167.3699951171875,86185500,AAPL
2022-02-15,169.14111328125,172.7899932861328,172.9499969482422,170.25,170.97000122070312,62527400,AAPL
2022-02-16,168.9061737060547,172.5500030517578,173.33999633789062,170.0500030517578,171.85000610351562,61177400,AAPL
2022-02-17,165.31369018554688,168.8800048828125,171.91000366210938,168.47000122070312,171.02999877929688,69589300,AAPL
2022-02-18,163.76707458496094,167.3000030517578,170.5399932861328,166.19000244140625,169.82000732421875,82772700,AAPL
2022-02-22,160.85000610351562,164.32000732421875,166.69000244140625,162.14999389648438,164.97999572753906,91162800,AAPL
2022-02-23,156.68972778320312,160.07000732421875,166.14999389648438,159.75,165.5399932861328,90009200,AAPL
2022-02-24,159.3033905029297,162.74000549316406,162.85000610351562,152.0,152.5800018310547,141147500,AAPL
2022-02-25,161.36878967285156,164.85000610351562,165.1199951171875,160.8699951171875,163.83999633789062,91974200,AAPL
2022-02-28,161.63311767578125,165.1199951171875,165.4199981689453,162.42999267578125,163.05999755859375,95056600,AAPL
2022-03-01,159.753662109375,163.1999969482422,166.60000610351562,161.97000122070312,164.6999969482422,83474400,AAPL
2022-03-02,163.042724609375,166.55999755859375,167.36000061035156,162.9499969482422,164.38999938964844,79724800,AAPL
2022-03-03,162.71966552734375,166.22999572753906,168.91000366210938,165.5500030517578,168.47000122070312,76678400,AAPL
2022-03-04,159.7242889404297,163.1699981689453,165.5500030517578,162.10000610351562,164.49000549316406,83737200,AAPL
2022-03-07,155.93600463867188,159.3000030517578,165.02000427246094,159.0399932861328,163.36000061035156,96418800,AAPL
2022-03-08,154.11529541015625,157.44000244140625,162.8800048828125,155.8000030517578,158.82000732421875,131148300,AAPL
2022-03-09,159.50894165039062,162.9499969482422,163.41000366210938,159.41000366210938,161.47999572753906,91454900,AAPL
2022-03-10,155.1724395751953,158.52000427246094,160.38999938964844,155.97999572753906,160.1999969482422,105342000,AAPL
2022-03-11,151.4625244140625,154.72999572753906,159.27999877929688,154.5,158.92999267578125,96970100,AAPL
2022-03-14,147.43930053710938,150.6199951171875,154.1199951171875,150.10000610351562,151.4499969482422,108732100,AAPL
2022-03-15,151.81491088867188,155.08999633789062,155.57000732421875,150.3800048828125,150.89999389648438,92964300,AAPL
2022-03-16,156.21987915039062,159.58999633789062,160.0,154.4600067138672,157.0500030517578,102300200,AAPL
2022-03-17,157.22813415527344,160.6199951171875,161.0,157.6300048828125,158.61000061035156,75615400,AAPL
2022-03-18,160.51719665527344,163.97999572753906,164.47999572753906,159.75999450683594,160.50999450683594,123511700,AAPL
2022-03-21,161.88758850097656,165.3800048828125,166.35000610351562,163.00999450683594,163.50999450683594,95811400,AAPL
2022-03-22,165.25498962402344,168.82000732421875,169.4199981689453,164.91000366210938,165.50999450683594,81532000,AAPL
2022-03-23,166.6156005859375,170.2100067138672,172.63999938964844,167.64999389648438,167.99000549316406,98062700,AAPL
2022-03-24,170.3941192626953,174.07000732421875,174.13999938964844,170.2100067138672,171.05999755859375,90131400,AAPL
2022-03-25,171.03036499023438,174.72000122070312,175.27999877929688,172.75,173.8800048828125,80546200,AAPL
2022-03-28,171.89181518554688,175.60000610351562,175.72999572753906,172.0,172.1699981689453,90371900,AAPL
2022-03-29,175.1808319091797,178.9600067138672,179.00999450683594,176.33999633789062,176.69000244140625,100589400,AAPL
2022-03-30,174.01597595214844,177.77000427246094,179.61000061035156,176.6999969482422,178.5500030517578,92633200,AAPL
2022-03-31,170.92269897460938,174.61000061035156,178.02999877929688,174.39999389648438,177.83999633789062,103049300,AAPL
2022-04-01,170.6290740966797,174.30999755859375,174.8800048828125,171.94000244140625,174.02999877929688,78751300,AAPL
2022-04-04,174.6718292236328,178.44000244140625,178.49000549316406,174.44000244140625,174.57000732421875,76468400,AAPL
2022-04-05,171.36318969726562,175.05999755859375,178.3000030517578,174.4199981689453,177.5,73401800,AAPL
2022-04-06,168.20140075683594,171.8300018310547,173.6300048828125,170.1300048828125,172.36000061035156,89058800,AAPL
2022-04-07,168.50485229492188,172.13999938964844,173.36000061035156,169.85000610351562,171.16000366210938,77594700,AAPL
2022-04-08,166.49813842773438,170.08999633789062,171.77999877929688,169.1999969482422,171.77999877929688,76575500,AAPL
2022-04-11,162.2498016357422,165.75,169.02999877929688,165.5,168.7100067138672,72246700,AAPL
2022-04-12,164.11949157714844,167.66000366210938,169.8699951171875,166.63999938964844,168.02000427246094,79265200,AAPL
2022-04-13,166.8015899658203,170.39999389648438,171.0399932861328,166.77000427246094,167.38999938964844,70618900,AAPL
2022-04-14,161.79954528808594,165.2899932861328,171.27000427246094,165.0399932861328,170.6199951171875,75329400,AAPL
2022-04-18,161.5841827392578,165.07000732421875,166.60000610351562,163.57000732421875,163.9199981689453,69023900,AAPL
2022-04-19,163.8649444580078,167.39999389648438,167.82000732421875,163.91000366210938,165.02000427246094,67723800,AAPL
2022-04-20,163.6985321044922,167.22999572753906,168.8800048828125,166.10000610351562,168.75999450683594,67929800,AAPL
2022-04-21,162.90565490722656,166.4199981689453,171.52999877929688,165.91000366210938,168.91000366210938,87227800,AAPL
2022-04-22,158.37339782714844,161.7899932861328,167.8699951171875,161.5,166.4600067138672,84882400,AAPL
2022-04-25,159.4404296875,162.8800048828125,163.1699981689453,158.4600067138672,161.1199951171875,96046400,AAPL
2022-04-26,153.4888153076172,156.8000030517578,162.33999633789062,156.72000122070312,162.25,95623200,AAPL
2022-04-27,153.263671875,156.57000732421875,159.7899932861328,155.3800048828125,155.91000366210938,88063200,AAPL
2022-04-28,160.18435668945312,163.63999938964844,164.52000427246094,158.92999267578125,159.25,130216800,AAPL
2022-04-29,154.32081604003906,157.64999389648438,166.1999969482422,157.25,161.83999633789062,131747600,AAPL
2022-05-02,154.6243438720703,157.9600067138672,158.22999572753906,153.27000427246094,156.7100067138672,123055300,AAPL
2022-05-03,156.1122283935547,159.47999572753906,160.7100067138672,156.32000732421875,158.14999389648438,88966500,AAPL
2022-05-04,162.51409912109375,166.02000427246094,166.47999572753906,159.25999450683594,159.6699981689453,108256500,AAPL
2022-05-05,153.45945739746094,156.77000427246094,164.0800018310547,154.9499969482422,163.85000610351562,130525300,AAPL
2022-05-06,154.18490600585938,157.27999877929688,159.44000244140625,154.17999267578125,156.00999450683594,116124600,AAPL
2022-05-09,149.06759643554688,152.05999755859375,155.8300018310547,151.49000549316406,154.92999267578125,131577900,AAPL
2022-05-10,151.46939086914062,154.50999450683594,156.74000549316406,152.92999267578125,155.52000427246094,115366700,AAPL
2022-05-11,143.61697387695312,146.5,155.4499969482422,145.80999755859375,153.5,142689800,AAPL
2022-05-12,139.7545623779297,142.55999755859375,146.1999969482422,138.8000030517578,142.77000427246094,182602000,AAPL
2022-05-13,144.2150115966797,147.11000061035156,148.10000610351562,143.11000061035156,144.58999633789062,113990900,AAPL
2022-05-16,142.67587280273438,145.5399932861328,147.52000427246094,144.17999267578125,145.5500030517578,86643800,AAPL
2022-05-17,146.30308532714844,149.24000549316406,149.77000427246094,146.67999267578125,148.86000061035156,78336300,AAPL
2022-05-18,138.0487823486328,140.82000732421875,147.36000061035156,139.89999389648438,146.85000610351562,109742900,AAPL
2022-05-19,134.64710998535156,137.35000610351562,141.66000366210938,136.60000610351562,139.8800048828125,136095600,AAPL
2022-05-20,134.88232421875,137.58999633789062,140.6999969482422,132.61000061035156,139.08999633789062,137426100,AAPL
2022-05-23,140.29371643066406,143.11000061035156,143.25999450683594,137.64999389648438,137.7899932861328,117726300,AAPL
2022-05-24,137.5978546142578,140.36000061035156,141.97000122070312,137.3300018310547,140.80999755859375,104132700,AAPL
2022-05-25,137.75469970703125,140.52000427246094,141.7899932861328,138.33999633789062,138.42999267578125,92482700,AAPL
2022-05-26,140.95054626464844,143.77999877929688,144.33999633789062,137.13999938964844,137.38999938964844,90601500,AAPL
2022-05-27,146.6952362060547,149.63999938964844,149.67999267578125,145.25999450683594,145.38999938964844,90978500,AAPL
2022-05-31,145.9109649658203,148.83999633789062,150.66000366210938,146.83999633789062,149.07000732421875,103718400,AAPL
2022-06-01,145.78350830078125,148.7100067138672,151.74000549316406,147.67999267578125,149.89999389648438,74286600,AAPL
2022-06-02,148.2343292236328,151.2100067138672,151.27000427246094,146.86000061035156,147.8300018310547,72348100,AAPL
2022-06-03,142.51905822753906,145.3800048828125,147.97000122070312,144.4600067138672,146.89999389648438,88570300,AAPL
2022-06-06,143.26409912109375,146.13999938964844,148.57000732421875,144.89999389648438,147.02999877929688,71598400,AAPL
2022-06-07,145.78350830078125,148.7100067138672,149.0,144.10000610351562,144.35000610351562,67808200,AAPL
2022-06-08,145.04824829101562,147.9600067138672,149.8699951171875,147.4600067138672,148.5800018310547,53950200,AAPL
2022-06-09,139.83297729492188,142.63999938964844,147.9499969482422,142.52999877929688,147.0800018310547,69473000,AAPL
2022-06-10,134.431396484375,137.1300048828125,140.75999450683594,137.05999755859375,140.27999877929688,91437900,AAPL
2022-06-13,129.2847137451172,131.8800048828125,135.1999969482422,131.44000244140625,132.8699951171875,122207100,AAPL
2022-06-14,130.14739990234375,132.75999450683594,133.88999938964844,131.47999572753906,133.1300048828125,84784300,AAPL
2022-06-15,132.76487731933594,135.42999267578125,137.33999633789062,132.16000366210938,134.2899932861328,91533000,AAPL
2022-06-16,127.50054931640625,130.05999755859375,132.38999938964844,129.0399932861328,132.0800018310547,108123900,AAPL
2022-06-17,128.9709930419922,131.55999755859375,133.0800018310547,129.80999755859375,130.07000732421875,134520300,AAPL
2022-06-21,133.19619750976562,135.8699951171875,137.05999755859375,133.32000732421875,133.4199981689453,81000500,AAPL
2022-06-22,132.6864471435547,135.35000610351562,137.75999450683594,133.91000366210938,134.7899932861328,73409200,AAPL
2022-06-23,135.54898071289062,138.27000427246094,138.58999633789062,135.6300048828125,136.82000732421875,72433800,AAPL
2022-06-24,138.8722686767578,141.66000366210938,141.91000366210938,139.77000427246094,139.89999389648438,89116800,AAPL
2022-06-27,138.8722686767578,141.66000366210938,143.49000549316406,140.97000122070312,142.6999969482422,70207900,AAPL
2022-06-28,134.7353057861328,137.44000244140625,143.4199981689453,137.32000732421875,142.1300048828125,67083400,AAPL
2022-06-29,136.4900360107422,139.22999572753906,140.6699981689453,136.6699981689453,137.4600067138672,66242400,AAPL
2022-06-30,134.0294647216797,136.72000122070312,138.3699951171875,133.77000427246094,137.25,98964500,AAPL
2022-07-01,136.1959686279297,138.92999267578125,139.0399932861328,135.66000366210938,136.0399932861328,71051600,AAPL
2022-07-05,138.7742462158203,141.55999755859375,141.61000061035156,136.92999267578125,137.77000427246094,73353800,AAPL
2022-07-06,140.1074676513672,142.9199981689453,144.1199951171875,141.0800018310547,141.35000610351562,74064300,AAPL
2022-07-07,143.4700164794922,146.35000610351562,146.5500030517578,143.27999877929688,143.2899932861328,66253700,AAPL
2022-07-08,144.1463623046875,147.0399932861328,147.5500030517578,145.0,145.25999450683594,64547800,AAPL
2022-07-11,142.01910400390625,144.8699951171875,146.63999938964844,143.77999877929688,145.6699981689453,63141600,AAPL
2022-07-12,142.98960876464844,145.86000061035156,148.4499969482422,145.0500030517578,145.75999450683594,77588800,AAPL
2022-07-13,142.6268768310547,145.49000549316406,146.4499969482422,142.1199951171875,142.99000549316406,71185600,AAPL
2022-07-14,145.54824829101562,148.47000122070312,148.9499969482422,143.25,144.0800018310547,78140700,AAPL
2022-07-15,147.2147674560547,150.1699981689453,150.86000061035156,148.1999969482422,149.77999877929688,76259900,AAPL
2022-07-18,144.17581176757812,147.07000732421875,151.57000732421875,146.6999969482422,150.74000549316406,81420900,AAPL
2022-07-19,148.02845764160156,151.0,151.22999572753906,146.91000366210938,147.9199981689453,82982400,AAPL
2022-07-20,150.0283203125,153.0399932861328,153.72000122070312,150.3699951171875,151.1199951171875,64823400,AAPL
2022-07-21,152.2928466796875,155.35000610351562,155.57000732421875,151.94000244140625,154.5,65086600,AAPL
2022-07-22,151.0576629638672,154.08999633789062,156.27999877929688,153.41000366210938,155.38999938964844,66675400,AAPL
2022-07-25,149.94007873535156,152.9499969482422,155.0399932861328,152.27999877929688,154.00999450683594,53623900,AAPL
2022-07-26,148.61668395996094,151.60000610351562,153.08999633789062,150.8000030517578,152.25999450683594,55138700,AAPL
2022-07-27,153.70448303222656,156.7899932861328,157.3300018310547,152.16000366210938,152.5800018310547,78620700,AAPL
2022-07-28,154.2534637451172,157.35000610351562,157.63999938964844,154.41000366210938,156.97999572753906,81378700,AAPL
2022-07-29,159.31195068359375,162.50999450683594,163.6300048828125,159.5,161.24000549316406,101786900,AAPL
2022-08-01,158.3316192626953,161.50999450683594,163.58999633789062,160.88999938964844,161.00999450683594,67829400,AAPL
2022-08-02,156.86117553710938,160.00999450683594,162.41000366210938,159.6300048828125,160.10000610351562,59907000,AAPL
2022-08-03,162.86070251464844,166.1300048828125,166.58999633789062,160.75,160.83999633789062,82507500,AAPL
2022-08-04,162.54701232910156,165.80999755859375,167.19000244140625,164.42999267578125,166.00999450683594,55474100,AAPL
2022-08-05,162.32122802734375,165.35000610351562,165.85000610351562,163.0,163.2100067138672,56697000,AAPL
2022-08-08,161.85000610351562,164.8699951171875,167.80999755859375,164.1999969482422,166.3699951171875,60276900,AAPL
2022-08-09,161.8990936279297,164.9199981689453,165.82000732421875,163.25,164.02000427246094,63135500,AAPL
2022-08-10,166.13998413085938,169.24000549316406,169.33999633789062,166.89999389648438,167.67999267578125,70170500,AAPL
2022-08-11,165.40370178222656,168.49000549316406,170.99000549316406,168.19000244140625,170.05999755859375,57149200,AAPL
2022-08-12,168.94761657714844,172.10000610351562,172.1699981689453,169.39999389648438,169.82000732421875,68039400,AAPL
2022-08-15,170.01760864257812,173.19000244140625,173.38999938964844,171.35000610351562,171.52000427246094,54091700,AAPL
2022-08-16,169.86053466796875,173.02999877929688,173.7100067138672,171.66000366210938,172.77999877929688,56377100,AAPL
2022-08-17,171.35267639160156,174.5500030517578,176.14999389648438,172.57000732421875,172.77000427246094,79542000,AAPL
2022-08-18,170.9600372314453,174.14999389648438,174.89999389648438,173.1199951171875,173.75,62290100,AAPL
2022-08-19,168.37820434570312,171.52000427246094,173.74000549316406,171.30999755859375,173.02999877929688,70346300,AAPL
2022-08-22,164.5005645751953,167.57000732421875,169.86000061035156,167.13999938964844,169.69000244140625,69026800,AAPL
2022-08-23,164.16676330566406,167.22999572753906,168.7100067138672,166.64999389648438,167.0800018310547,54147100,AAPL
2022-08-24,164.46128845214844,167.52999877929688,168.11000061035156,166.25,167.32000732421875,53841500,AAPL
2022-08-25,166.91551208496094,170.02999877929688,170.13999938964844,168.35000610351562,168.77999877929688,51218200,AAPL
2022-08-26,160.62289428710938,163.6199951171875,171.0500030517578,163.55999755859375,170.57000732421875,78961000,AAPL
2022-08-29,158.42391967773438,161.3800048828125,162.89999389648438,159.82000732421875,161.14999389648438,73314000,AAPL
2022-08-30,155.9991912841797,158.91000366210938,162.55999755859375,157.72000122070312,162.1300048828125,77906200,AAPL
2022-08-31,154.3401336669922,157.22000122070312,160.5800018310547,157.13999938964844,160.30999755859375,87991100,AAPL
2022-09-01,155.06658935546875,157.9600067138672,158.4199981689453,154.6699981689453,156.63999938964844,74229900,AAPL
2022-09-02,152.9559326171875,155.80999755859375,160.36000061035156,154.97000122070312,159.75,76957800,AAPL
2022-09-06,151.6993865966797,154.52999877929688,157.08999633789062,153.69000244140625,156.47000122070312,73714800,AAPL
2022-09-07,153.10324096679688,155.9600067138672,156.6699981689453,153.61000061035156,154.82000732421875,87449600,AAPL
2022-09-08,151.63067626953125,154.4600067138672,156.36000061035156,152.67999267578125,154.63999938964844,84923800,AAPL
2022-09-09,154.4873809814453,157.3699951171875,157.82000732421875,154.75,155.47000122070312,68028800,AAPL
2022-09-12,160.43637084960938,163.42999267578125,164.25999450683594,159.3000030517578,159.58999633789062,104956000,AAPL
2022-09-13,151.0220489501953,153.83999633789062,160.5399932861328,153.3699951171875,159.89999389648438,122656600,AAPL
2022-09-14,152.46511840820312,155.30999755859375,157.10000610351562,153.61000061035156,154.7899932861328,87965400,AAPL
2022-09-15,149.57896423339844,152.3699951171875,155.24000549316406,151.3800048828125,154.64999389648438,90481100,AAPL
2022-09-16,147.93954467773438,150.6999969482422,151.35000610351562,148.3699951171875,151.2100067138672,162278800,AAPL
2022-09-19,151.6503448486328,154.47999572753906,154.55999755859375,149.10000610351562,149.30999755859375,81474200,AAPL
2022-09-20,154.02598571777344,156.89999389648438,158.0800018310547,153.0800018310547,153.39999389648438,107689800,AAPL
2022-09-21,150.90423583984375,153.72000122070312,158.74000549316406,153.60000610351562,157.33999633789062,101696800,AAPL
2022-09-22,149.94219970703125,152.74000549316406,154.47000122070312,150.91000366210938,152.3800048828125,86652500,AAPL
2022-09-23,147.67453002929688,150.42999267578125,151.47000122070312,148.55999755859375,151.19000244140625,96029900,AAPL
2022-09-26,148.0082550048828,150.77000427246094,153.77000427246094,149.63999938964844,149.66000366210938,93339400,AAPL
2022-09-27,148.9801483154297,151.75999450683594,154.72000122070312,149.9499969482422,152.74000549316406,84442700,AAPL
2022-09-28,147.09530639648438,149.83999633789062,150.63999938964844,144.83999633789062,147.63999938964844,146691400,AAPL
2022-09-29,139.87013244628906,142.47999572753906,146.72000122070312,140.67999267578125,146.10000610351562,128138200,AAPL
2022-09-30,135.66856384277344,138.1999969482422,143.10000610351562,138.0,141.27999877929688,124925300,AAPL
2022-10-03,139.84068298339844,142.4499969482422,143.07000732421875,137.69000244140625,138.2100067138672,114311700,AAPL
2022-10-04,143.423828125,146.10000610351562,146.22000122070312,144.25999450683594,145.02999877929688,87830100,AAPL
2022-10-05,143.71832275390625,146.39999389648438,147.3800048828125,143.00999450683594,144.07000732421875,79471000,AAPL
2022-10-06,142.76611328125,145.42999267578125,147.5399932861328,145.22000122070312,145.80999755859375,68402200,AAPL
2022-10-07,137.52392578125,140.08999633789062,143.10000610351562,139.4499969482422,142.5399932861328,85925600,AAPL
2022-10-10,137.84788513183594,140.4199981689453,141.88999938964844,138.57000732421875,140.4199981689453,74899000,AAPL
2022-10-11,136.4342498779297,138.97999572753906,141.35000610351562,138.22000122070312,139.89999389648438,77033700,AAPL
2022-10-12,135.8059539794922,138.33999633789062,140.36000061035156,138.16000366210938,139.1300048828125,70433700,AAPL
2022-10-13,140.37081909179688,142.99000549316406,143.58999633789062,134.3699951171875,134.99000549316406,113224000,AAPL
2022-10-14,135.84524536132812,138.3800048828125,144.52000427246094,138.19000244140625,144.30999755859375,88598000,AAPL
2022-10-17,139.8013916015625,142.41000366210938,142.89999389648438,140.27000427246094,141.07000732421875,85250900,AAPL
2022-10-18,141.11688232421875,143.75,146.6999969482422,140.61000061035156,145.49000549316406,99136600,AAPL
2022-10-19,141.22488403320312,143.86000061035156,144.9499969482422,141.5,141.69000244140625,61758300,AAPL
2022-10-20,140.76348876953125,143.38999938964844,145.88999938964844,142.64999389648438,143.02000427246094,64522000,AAPL
2022-10-21,144.57241821289062,147.27000427246094,147.85000610351562,142.64999389648438,142.8699951171875,86548600,AAPL
2022-10-24,146.71243286132812,149.4499969482422,150.22999572753906,146.0,147.19000244140625,75981900,AAPL
2022-10-25,149.54953002929688,152.33999633789062,152.49000549316406,149.36000061035156,150.08999633789062,74732300,AAPL
2022-10-26,146.61427307128906,149.35000610351562,151.99000549316406,148.0399932861328,150.9600067138672,88194300,AAPL
2022-10-27,142.1476287841797,144.8000030517578,149.0500030517578,144.1300048828125,148.07000732421875,109180200,AAPL
2022-10-28,152.88726806640625,155.74000549316406,157.5,147.82000732421875,148.1999969482422,164762400,AAPL
2022-10-31,150.5312042236328,153.33999633789062,154.24000549316406,151.9199981689453,153.16000366210938,97943200,AAPL
2022-11-01,147.89048767089844,150.64999389648438,155.4499969482422,149.1300048828125,155.0800018310547,80379300,AAPL
2022-11-02,142.37342834472656,145.02999877929688,152.1699981689453,145.0,148.9499969482422,93604600,AAPL
2022-11-03,136.33609008789062,138.8800048828125,142.8000030517578,138.75,142.05999755859375,97918500,AAPL
2022-11-04,136.07058715820312,138.3800048828125,142.6699981689453,134.3800048828125,142.08999633789062,140814800,AAPL
2022-11-07,136.6015625,138.9199981689453,139.14999389648438,135.6699981689453,137.11000061035156,83374600,AAPL
2022-11-08,137.17189025878906,139.5,141.42999267578125,137.49000549316406,140.41000366210938,89908500,AAPL
2022-11-09,132.61912536621094,134.8699951171875,138.5500030517578,134.58999633789062,138.5,74917800,AAPL
2022-11-10,144.4188995361328,146.8699951171875,146.8699951171875,139.5,141.24000549316406,118854000,AAPL
2022-11-11,147.20167541503906,149.6999969482422,150.00999450683594,144.3699951171875,145.82000732421875,93979700,AAPL
2022-11-14,145.80535888671875,148.27999877929688,150.27999877929688,147.42999267578125,148.97000122070312,73374100,AAPL
2022-11-15,147.53598022460938,150.0399932861328,153.58999633789062,148.55999755859375,152.22000122070312,89868300,AAPL
2022-11-16,146.306884765625,148.7899932861328,149.8699951171875,147.2899932861328,149.1300048828125,64218300,AAPL
2022-11-17,148.20465087890625,150.72000122070312,151.47999572753906,146.14999389648438,146.42999267578125,80389400,AAPL
2022-11-18,148.76515197753906,151.2899932861328,152.6999969482422,149.97000122070312,152.30999755859375,74829600,AAPL
2022-11-21,145.5398712158203,148.00999450683594,150.3699951171875,147.72000122070312,150.16000366210938,58724100,AAPL
2022-11-22,147.67367553710938,150.17999267578125,150.4199981689453,146.92999267578125,148.1300048828125,51804100,AAPL
2022-11-23,148.54881286621094,151.07000732421875,151.8300018310547,149.33999633789062,149.4499969482422,58301400,AAPL
2022-11-25,145.63821411132812,148.11000061035156,148.8800048828125,147.1199951171875,148.30999755859375,35195900,AAPL
2022-11-28,141.81312561035156,144.22000122070312,146.63999938964844,143.3800048828125,145.13999938964844,69246000,AAPL
2022-11-29,138.81402587890625,141.1699981689453,144.80999755859375,140.35000610351562,144.2899932861328,83763800,AAPL
2022-11-30,145.5595245361328,148.02999877929688,148.72000122070312,140.5500030517578,141.39999389648438,111380900,AAPL
2022-12-01,145.8348846435547,148.30999755859375,149.1300048828125,146.61000061035156,148.2100067138672,71250400,AAPL
2022-12-02,145.3431854248047,147.80999755859375,148.0,145.64999389648438,145.9600067138672,65447400,AAPL
2022-12-05,144.1829376220703,146.6300048828125,150.9199981689453,145.77000427246094,147.77000427246094,68826400,AAPL
2022-12-06,140.5250244140625,142.91000366210938,147.3000030517578,141.9199981689453,147.07000732421875,64727200,AAPL
2022-12-07,138.5878448486328,140.94000244140625,143.3699951171875,140.0,142.19000244140625,69721100,AAPL
2022-12-08,140.2693328857422,142.64999389648438,143.52000427246094,141.10000610351562,142.36000061035156,62128300,AAPL
2022-12-09,139.7875518798828,142.16000366210938,145.57000732421875,140.89999389648438,142.33999633789062,76097000,AAPL
2022-12-12,142.07861328125,144.49000549316406,144.5,141.05999755859375,142.6999969482422,70462700,AAPL
2022-12-13,143.0422821044922,145.47000122070312,149.97000122070312,144.24000549316406,149.5,93886200,AAPL
2022-12-14,140.81997680664062,143.2100067138672,146.66000366210938,141.16000366210938,145.35000610351562,82291200,AAPL
2022-12-15,134.22198486328125,136.5,141.8000030517578,136.02999877929688,141.11000061035156,98931900,AAPL
2022-12-16,132.2651824951172,134.50999450683594,137.64999389648438,133.72999572753906,136.69000244140625,160156900,AAPL
2022-12-19,130.16087341308594,132.3699951171875,135.1999969482422,131.32000732421875,135.11000061035156,79592600,AAPL
2022-12-20,130.092041015625,132.3000030517578,133.25,129.88999938964844,131.38999938964844,77432800,AAPL
2022-12-21,133.189453125,135.4499969482422,136.80999755859375,132.75,132.97999572753906,85928000,AAPL
2022-12-22,130.02322387695312,132.22999572753906,134.55999755859375,130.3000030517578,134.35000610351562,77852100,AAPL
2022-12-23,129.65939331054688,131.86000061035156,132.4199981689453,129.63999938964844,130.9199981689453,63814900,AAPL
2022-12-27,127.85995483398438,130.02999877929688,131.41000366210938,128.72000122070312,131.3800048828125,69007800,AAPL
2022-12-28,123.93653106689453,126.04000091552734,131.02999877929688,125.87000274658203,129.6699981689453,85438400,AAPL
2022-12-29,127.44693756103516,129.61000061035156,130.47999572753906,127.7300033569336,127.98999786376953,75703700,AAPL
2022-12-30,127.76158142089844,129.92999267578125,129.9499969482422,127.43000030517578,128.41000366210938,77034200,AAPL
2023-01-03,122.98271179199219,125.06999969482422,130.89999389648438,124.16999816894531,130.27999877929688,112117500,AAPL
2023-01-04,124.25118255615234,126.36000061035156,128.66000366210938,125.08000183105469,126.88999938964844,89113600,AAPL
2023-01-05,122.93354797363281,125.0199966430664,127.7699966430664,124.76000213623047,127.12999725341797,80962700,AAPL
2023-01-06,127.45679473876953,129.6199951171875,130.2899932861328,124.88999938964844,126.01000213623047,87754700,AAPL
2023-01-09,127.97794342041016,130.14999389648438,133.41000366210938,129.88999938964844,130.47000122070312,70790800,AAPL
2023-01-10,128.54823303222656,130.72999572753906,131.25999450683594,128.1199951171875,130.25999450683594,63896200,AAPL
2023-01-11,131.26222229003906,133.49000549316406,133.50999450683594,130.4600067138672,131.25,69458900,AAPL
2023-01-12,131.18350219726562,133.41000366210938,134.25999450683594,131.44000244140625,133.8800048828125,71379600,AAPL
2023-01-13,132.510986328125,134.75999450683594,134.9199981689453,131.66000366210938,132.02999877929688,57809700,AAPL
2023-01-17,133.6713409423828,135.94000244140625,137.2899932861328,134.1300048828125,134.8300018310547,63646600,AAPL
2023-01-18,132.9534912109375,135.2100067138672,138.61000061035156,135.02999877929688,136.82000732421875,69672800,AAPL
2023-01-19,133.01248168945312,135.27000427246094,136.25,133.77000427246094,134.0800018310547,58280400,AAPL
2023-01-20,135.56907653808594,137.8699951171875,138.02000427246094,134.22000122070312,135.27999877929688,80223600,AAPL
2023-01-23,138.75503540039062,141.11000061035156,143.32000732421875,137.89999389648438,138.1199951171875,81760300,AAPL
2023-01-24,140.15133666992188,142.52999877929688,143.16000366210938,140.3000030517578,140.30999755859375,66435100,AAPL
2023-01-25,139.49252319335938,141.86000061035156,142.42999267578125,138.80999755859375,140.88999938964844,65799300,AAPL
2023-01-26,141.5574951171875,143.9600067138672,144.25,141.89999389648438,143.1699981689453,54105100,AAPL
2023-01-27,143.4945831298828,145.92999267578125,147.22999572753906,143.0800018310547,143.16000366210938,70555800,AAPL
2023-01-30,140.6134796142578,143.0,145.5500030517578,142.85000610351562,144.9600067138672,64015300,AAPL
2023-01-31,141.88194274902344,144.2899932861328,144.33999633789062,142.27999877929688,142.6999969482422,65874500,AAPL
2023-02-01,143.00294494628906,145.42999267578125,146.61000061035156,141.32000732421875,143.97000122070312,77663600,AAPL
2023-02-02,148.30300903320312,150.82000732421875,151.17999267578125,148.1699981689453,148.89999389648438,118339000,AAPL
2023-02-03,151.92153930664062,154.5,157.3800048828125,147.8300018310547,148.02999877929688,154357300,AAPL
2023-02-06,149.19775390625,151.72999572753906,153.10000610351562,150.77999877929688,152.57000732421875,69858300,AAPL
2023-02-07,152.06907653808594,154.64999389648438,155.22999572753906,150.63999938964844,150.63999938964844,83322600,AAPL
2023-02-08,149.38462829589844,151.9199981689453,154.5800018310547,151.1699981689453,153.8800048828125,64120100,AAPL
2023-02-09,148.3520965576172,150.8699951171875,154.3300018310547,150.4199981689453,153.77999877929688,56007100,AAPL
2023-02-10,148.71652221679688,151.00999450683594,151.33999633789062,149.22000122070312,149.4600067138672,57450700,AAPL
2023-02-13,151.5133819580078,153.85000610351562,154.25999450683594,150.9199981689453,150.9499969482422,62199000,AAPL
2023-02-14,150.873291015625,153.1999969482422,153.77000427246094,150.86000061035156,152.1199951171875,61707600,AAPL
2023-02-15,152.97091674804688,155.3300018310547,155.5,152.8800048828125,153.11000061035156,65573800,AAPL
2023-02-16,151.37551879882812,153.7100067138672,156.3300018310547,153.35000610351562,153.50999450683594,68167900,AAPL
2023-02-17,150.23313903808594,152.5500030517578,153.0,150.85000610351562,152.35000610351562,59144100,AAPL
2023-02-21,146.22496032714844,148.47999572753906,151.3000030517578,148.41000366210938,150.1999969482422,58867200,AAPL
2023-02-22,146.64840698242188,148.91000366210938,149.9499969482422,147.16000366210938,148.8699951171875,51011300,AAPL
2023-02-23,147.13096618652344,149.39999389648438,150.33999633789062,147.24000549316406,150.08999633789062,48394200,AAPL
2023-02-24,144.48184204101562,146.7100067138672,147.19000244140625,145.72000122070312,147.11000061035156,55469600,AAPL
2023-02-27,145.67343139648438,147.9199981689453,149.1699981689453,147.4499969482422,147.7100067138672,44998500,AAPL
2023-02-28,145.17120361328125,147.41000366210938,149.0800018310547,146.8300018310547,147.0500030517578,50547000,AAPL
2023-03-01,143.1031036376953,145.30999755859375,147.22999572753906,145.00999450683594,146.8300018310547,55479000,AAPL
2023-03-02,143.69398498535156,145.91000366210938,146.7100067138672,143.89999389648438,144.3800048828125,52238100,AAPL
2023-03-03,148.7362060546875,151.02999877929688,151.11000061035156,147.3300018310547,148.0399932861328,70732300,AAPL
2023-03-06,151.49371337890625,153.8300018310547,156.3000030517578,153.4600067138672,153.7899932861328,87558000,AAPL
2023-03-07,149.29759216308594,151.60000610351562,154.02999877929688,151.1300048828125,153.6999969482422,56182000,AAPL
2023-03-08,150.5482940673828,152.8699951171875,153.47000122070312,151.8300018310547,152.80999755859375,47204800,AAPL
2023-03-09,148.30291748046875,150.58999633789062,154.5399932861328,150.22999572753906,153.55999755859375,53833600,AAPL
2023-03-10,146.24465942382812,148.5,150.94000244140625,147.61000061035156,150.2100067138672,68572400,AAPL
2023-03-13,148.1847381591797,150.47000122070312,153.13999938964844,147.6999969482422,147.80999755859375,84457100,AAPL
2023-03-14,150.27255249023438,152.58999633789062,153.39999389648438,150.10000610351562,151.27999877929688,73695900,AAPL
2023-03-15,150.66647338867188,152.99000549316406,153.25,149.9199981689453,151.19000244140625,77167900,AAPL
2023-03-16,153.4830322265625,155.85000610351562,156.4600067138672,151.63999938964844,152.16000366210938,76161100,AAPL
2023-03-17,152.64593505859375,155.0,156.74000549316406,154.27999877929688,156.0800018310547,98944600,AAPL
2023-03-20,155.00949096679688,157.39999389648438,157.82000732421875,154.14999389648438,155.07000732421875,73641400,AAPL
2023-03-21,156.86093139648438,159.27999877929688,159.39999389648438,156.5399932861328,157.32000732421875,73938300,AAPL
2023-03-22,155.4329376220703,157.8300018310547,162.13999938964844,157.80999755859375,159.3000030517578,75701800,AAPL
2023-03-23,156.51622009277344,158.92999267578125,161.5500030517578,157.67999267578125,158.8300018310547,67622100,AAPL
2023-03-24,157.81617736816406,160.25,160.33999633789062,157.85000610351562,158.86000061035156,59196500,AAPL
2023-03-27,155.87612915039062,158.27999877929688,160.77000427246094,157.8699951171875,159.94000244140625,52390300,AAPL
2023-03-28,155.2556610107422,157.64999389648438,158.49000549316406,155.97999572753906,157.97000122070312,45992200,AAPL
2023-03-29,158.32830810546875,160.77000427246094,161.0500030517578,159.35000610351562,159.3699951171875,51305700,AAPL
2023-03-30,159.89414978027344,162.36000061035156,162.47000122070312,161.27000427246094,161.52999877929688,49501700,AAPL
2023-03-31,162.3955841064453,164.89999389648438,165.0,161.91000366210938,162.44000244140625,68749800,AAPL
2023-04-03,163.64625549316406,166.1699981689453,166.2899932861328,164.22000122070312,164.27000427246094,56976200,AAPL
2023-04-04,163.11448669433594,165.6300048828125,166.83999633789062,165.11000061035156,166.60000610351562,46278300,AAPL
2023-04-05,161.27288818359375,163.75999450683594,165.0500030517578,161.8000030517578,164.74000549316406,51511700,AAPL
2023-04-06,162.15921020507812,164.66000366210938,164.9600067138672,162.0,162.42999267578125,45390100,AAPL
2023-04-10,159.5691680908203,162.02999877929688,162.02999877929688,160.0800018310547,161.4199981689453,47716900,AAPL
2023-04-11,158.3578338623047,160.8000030517578,162.36000061035156,160.50999450683594,162.35000610351562,47644200,AAPL
2023-04-12,157.66847229003906,160.10000610351562,162.05999755859375,159.77999877929688,161.22000122070312,50133100,AAPL
2023-04-13,163.0455322265625,165.55999755859375,165.8000030517578,161.4199981689453,161.6300048828125,68445600,AAPL
2023-04-14,162.7008514404297,165.2100067138672,166.32000732421875,163.82000732421875,164.58999633789062,49386500,AAPL
2023-04-17,162.72056579589844,165.22999572753906,165.38999938964844,164.02999877929688,165.08999633789062,41516200,AAPL
2023-04-18,163.94174194335938,166.47000122070312,167.41000366210938,165.64999389648438,166.10000610351562,49923000,AAPL
2023-04-19,165.08413696289062,167.6300048828125,168.16000366210938,165.5399932861328,165.8000030517578,47720200,AAPL
2023-04-20,164.11898803710938,166.64999389648438,167.8699951171875,165.55999755859375,166.08999633789062,52456400,AAPL
2023-04-21,162.51373291015625,165.02000427246094,166.4499969482422,164.49000549316406,165.0500030517578,58337300,AAPL
2023-04-24,162.8190460205078,165.3300018310547,165.60000610351562,163.88999938964844,165.0,41949600,AAPL
2023-04-25,161.28273010253906,163.77000427246094,166.30999755859375,163.72999572753906,165.19000244140625,48714100,AAPL
2023-04-26,161.27288818359375,163.75999450683594,165.27999877929688,162.8000030517578,163.05999755859375,45498800,AAPL
2023-04-27,165.85223388671875,168.41000366210938,168.55999755859375,165.19000244140625,165.19000244140625,64902300,AAPL
2023-04-28,167.10296630859375,169.67999267578125,169.85000610351562,167.8800048828125,168.49000549316406,55275900,AAPL
2023-05-01,167.0143585205078,169.58999633789062,170.4499969482422,168.63999938964844,169.27999877929688,52472900,AAPL
2023-05-02,165.9802703857422,168.5399932861328,170.35000610351562,167.5399932861328,170.08999633789062,48425700,AAPL
2023-05-03,164.9068603515625,167.4499969482422,170.9199981689453,167.16000366210938,169.5,65136000,AAPL
2023-05-04,163.2720489501953,165.7899932861328,167.0399932861328,164.30999755859375,164.88999938964844,81235400,AAPL
2023-05-05,170.93389892578125,173.57000732421875,174.3000030517578,170.75999450683594,170.97999572753906,113453200,AAPL
2023-05-08,170.8649444580078,173.5,173.85000610351562,172.11000061035156,172.47999572753906,55962800,AAPL
2023-05-09,169.1612548828125,171.77000427246094,173.5399932861328,171.60000610351562,173.0500030517578,45326900,AAPL
2023-05-10,170.92404174804688,173.55999755859375,174.02999877929688,171.89999389648438,173.02000427246094,53724500,AAPL
2023-05-11,171.1111602783203,173.75,174.58999633789062,172.1699981689453,173.85000610351562,49514700,AAPL
2023-05-12,170.18414306640625,172.57000732421875,174.05999755859375,171.0,173.6199951171875,45533100,AAPL
2023-05-15,169.69107055664062,172.07000732421875,173.2100067138672,171.47000122070312,173.16000366210938,37266700,AAPL
2023-05-16,169.69107055664062,172.07000732421875,173.13999938964844,171.8000030517578,171.99000549316406,42110300,AAPL
2023-05-17,170.30250549316406,172.69000244140625,172.92999267578125,170.4199981689453,171.7100067138672,57951600,AAPL
2023-05-18,172.62985229492188,175.0500030517578,175.24000549316406,172.5800018310547,173.0,65496700,AAPL
2023-05-19,172.7383270263672,175.16000366210938,176.38999938964844,174.94000244140625,176.38999938964844,55809500,AAPL
2023-05-22,171.79159545898438,174.1999969482422,174.7100067138672,173.4499969482422,173.97999572753906,43570900,AAPL
2023-05-23,169.18812561035156,171.55999755859375,173.3800048828125,171.27999877929688,173.1300048828125,50747300,AAPL
2023-05-24,169.46426391601562,171.83999633789062,172.4199981689453,170.52000427246094,171.08999633789062,45143500,AAPL
2023-05-25,170.59835815429688,172.99000549316406,173.89999389648438,171.69000244140625,172.41000366210938,56058300,AAPL
2023-05-26,173.00457763671875,175.42999267578125,175.77000427246094,173.11000061035156,173.32000732421875,54835000,AAPL
2023-05-30,174.84878540039062,177.3000030517578,178.99000549316406,176.57000732421875,176.9600067138672,55964400,AAPL
2023-05-31,174.79946899414062,177.25,179.35000610351562,176.75999450683594,177.3300018310547,99625300,AAPL
2023-06-01,177.60015869140625,180.08999633789062,180.1199951171875,176.92999267578125,177.6999969482422,68901800,AAPL
2023-06-02,178.4482879638672,180.9499969482422,181.77999877929688,179.25999450683594,181.02999877929688,61996900,AAPL
2023-06-05,177.09722900390625,179.5800018310547,184.9499969482422,178.0399932861328,182.6300048828125,121946500,AAPL
2023-06-06,176.7323760986328,179.2100067138672,180.1199951171875,177.42999267578125,179.97000122070312,64848400,AAPL
2023-06-07,175.36155700683594,177.82000732421875,181.2100067138672,177.32000732421875,178.44000244140625,61944600,AAPL
2023-06-08,178.0735626220703,180.57000732421875,180.83999633789062,177.4600067138672,177.89999389648438,50214900,AAPL
2023-06-09,178.45816040039062,180.9600067138672,182.22999572753906,180.6300048828125,181.5,48900000,AAPL
2023-06-12,181.24903869628906,183.7899932861328,183.88999938964844,180.97000122070312,181.27000427246094,54274900,AAPL
2023-06-13,180.77565002441406,183.30999755859375,184.14999389648438,182.44000244140625,182.8000030517578,54929100,AAPL
2023-06-14,181.4068145751953,183.9499969482422,184.38999938964844,182.02000427246094,183.3699951171875,57462900,AAPL
2023-06-15,183.43833923339844,186.00999450683594,186.52000427246094,183.77999877929688,183.9600067138672,65433200,AAPL
2023-06-16,182.36341857910156,184.9199981689453,186.99000549316406,184.27000427246094,186.72999572753906,101256200,AAPL
2023-06-20,182.45213317871094,185.00999450683594,186.10000610351562,184.41000366210938,184.41000366210938,49799100,AAPL
2023-06-21,181.4167022705078,183.9600067138672,185.41000366210938,182.58999633789062,184.89999389648438,49515700,AAPL
2023-06-22,184.41465759277344,187.0,187.0500030517578,183.6699981689453,183.74000549316406,51245300,AAPL
2023-06-23,184.09909057617188,186.67999267578125,187.55999755859375,185.00999450683594,185.5500030517578,53117000,AAPL
2023-06-26,182.7085723876953,185.27000427246094,188.0500030517578,185.22999572753906,186.8300018310547,48088700,AAPL
2023-06-27,185.46002197265625,188.05999755859375,188.38999938964844,185.6699981689453,185.88999938964844,50730800,AAPL
2023-06-28,186.63352966308594,189.25,189.89999389648438,187.60000610351562,187.92999267578125,51216800,AAPL
2023-06-29,186.9688262939453,189.58999633789062,190.07000732421875,188.94000244140625,189.0800018310547,46347300,AAPL
2023-06-30,191.28829956054688,193.97000122070312,194.47999572753906,191.25999450683594,191.6300048828125,85213200,AAPL
2023-07-03,189.79917907714844,192.4600067138672,193.8800048828125,191.75999450683594,193.77999877929688,31458200,AAPL
2023-07-05,188.68479919433594,191.3300018310547,192.97999572753906,190.6199951171875,191.57000732421875,46920300,AAPL
2023-07-06,189.1581573486328,191.80999755859375,192.02000427246094,189.1999969482422,189.83999633789062,45094300,AAPL
2023-07-07,188.0437774658203,190.67999267578125,192.6699981689453,190.24000549316406,191.41000366210938,46815000,AAPL
2023-07-10,186.00238037109375,188.61000061035156,189.99000549316406,187.0399932861328,189.25999450683594,59922200,AAPL
2023-07-11,185.47970581054688,188.0800018310547,189.3000030517578,186.60000610351562,189.16000366210938,46638100,AAPL
2023-07-12,187.14637756347656,189.77000427246094,191.6999969482422,188.47000122070312,189.67999267578125,60750200,AAPL
2023-07-13,187.9056854248047,190.5399932861328,191.19000244140625,189.77999877929688,190.5,41342300,AAPL
2023-07-14,188.0536346435547,190.69000244140625,191.17999267578125,189.6300048828125,190.22999572753906,41616200,AAPL
2023-07-17,191.30804443359375,193.99000549316406,194.32000732421875,191.80999755859375,191.89999389648438,50520200,AAPL
2023-07-18,191.05162048339844,193.72999572753906,194.3300018310547,192.4199981689453,193.35000610351562,48288200,AAPL
2023-07-19,192.40264892578125,195.10000610351562,198.22999572753906,192.64999389648438,193.10000610351562,80507300,AAPL
2023-07-20,190.4599151611328,193.1300048828125,196.47000122070312,192.5,195.08999633789062,59581200,AAPL
2023-07-21,189.286376953125,191.94000244140625,194.97000122070312,191.22999572753906,194.10000610351562,71951700,AAPL
2023-07-24,190.0851593017578,192.75,194.91000366210938,192.25,193.41000366210938,45377800,AAPL
2023-07-25,190.94309997558594,193.6199951171875,194.44000244140625,192.9199981689453,193.3300018310547,37283200,AAPL
2023-07-26,191.81097412109375,194.5,195.63999938964844,193.32000732421875,193.6699981689453,47471900,AAPL
2023-07-27,190.54867553710938,193.22000122070312,197.1999969482422,192.5500030517578,196.02000427246094,47460200,AAPL
2023-07-28,193.12254333496094,195.8300018310547,196.6300048828125,194.13999938964844,194.6699981689453,48291400,AAPL
2023-07-31,193.73399353027344,196.4499969482422,196.49000549316406,195.25999450683594,196.05999755859375,38824100,AAPL
2023-08-01,192.90562438964844,195.61000061035156,196.72999572753906,195.27999877929688,196.24000549316406,35175100,AAPL
2023-08-02,189.91751098632812,192.5800018310547,195.17999267578125,191.85000610351562,195.0399932861328,50389300,AAPL
2023-08-03,188.52699279785156,191.1699981689453,192.3699951171875,190.69000244140625,191.57000732421875,61235200,AAPL
2023-08-04,179.47393798828125,181.99000549316406,187.3800048828125,181.9199981689453,185.52000427246094,115956800,AAPL
2023-08-07,176.37733459472656,178.85000610351562,183.1300048828125,177.35000610351562,182.1300048828125,97576100,AAPL
2023-08-08,177.31417846679688,179.8000030517578,180.27000427246094,177.5800018310547,179.69000244140625,67823000,AAPL
2023-08-09,175.72647094726562,178.19000244140625,180.92999267578125,177.00999450683594,180.8699951171875,60378500,AAPL
2023-08-10,175.50950622558594,177.97000122070312,180.75,177.60000610351562,179.47999572753906,54686900,AAPL
2023-08-11,175.56874084472656,177.7899932861328,178.6199951171875,176.5500030517578,177.32000732421875,52036700,AAPL
2023-08-14,177.21788024902344,179.4600067138672,179.69000244140625,177.30999755859375,177.97000122070312,43675600,AAPL
2023-08-15,175.2329864501953,177.4499969482422,179.47999572753906,177.0500030517578,178.8800048828125,43622600,AAPL
2023-08-16,174.36402893066406,176.57000732421875,178.5399932861328,176.5,177.1300048828125,46964900,AAPL
2023-08-17,171.82611083984375,174.0,177.50999450683594,173.47999572753906,177.13999938964844,66062900,AAPL
2023-08-18,172.3099822998047,174.49000549316406,175.10000610351562,171.9600067138672,172.3000030517578,61172200,AAPL
2023-08-21,173.6431121826172,175.83999633789062,176.1300048828125,173.74000549316406,175.07000732421875,46311900,AAPL
2023-08-22,175.01573181152344,177.22999572753906,177.67999267578125,176.25,177.05999755859375,42038900,AAPL
2023-08-23,178.85714721679688,181.1199951171875,181.5500030517578,178.3300018310547,178.52000427246094,52722800,AAPL
2023-08-24,174.17637634277344,176.3800048828125,181.10000610351562,176.00999450683594,180.6699981689453,54945800,AAPL
2023-08-25,176.3784942626953,178.61000061035156,179.14999389648438,175.82000732421875,177.3800048828125,51449600,AAPL
2023-08-28,177.93875122070312,180.19000244140625,180.58999633789062,178.5500030517578,180.08999633789062,43820700,AAPL
2023-08-29,181.81967163085938,184.1199951171875,184.89999389648438,179.5,179.6999969482422,53003900,AAPL
2023-08-30,185.3055419921875,187.64999389648438,187.85000610351562,184.74000549316406,184.94000244140625,60813900,AAPL
2023-08-31,185.52279663085938,187.8699951171875,189.1199951171875,187.47999572753906,187.83999633789062,60794500,AAPL
2023-09-01,187.0929412841797,189.4600067138672,189.9199981689453,188.27999877929688,189.49000549316406,45766500,AAPL
2023-09-05,187.32994079589844,189.6999969482422,189.97999572753906,187.61000061035156,188.27999877929688,45280000,AAPL
2023-09-06,180.624755859375,182.91000366210938,188.85000610351562,181.47000122070312,188.39999389648438,81755800,AAPL
2023-09-07,175.34161376953125,177.55999755859375,178.2100067138672,173.5399932861328,175.17999267578125,112488800,AAPL
2023-09-08,175.95387268066406,178.17999267578125,180.24000549316406,177.7899932861328,178.35000610351562,65551300,AAPL
2023-09-11,177.11912536621094,179.36000061035156,180.3000030517578,177.33999633789062,180.07000732421875,58953100,AAPL
2023-09-12,174.0973663330078,176.3000030517578,180.1300048828125,174.82000732421875,179.49000549316406,90370200,AAPL
2023-09-13,172.03346252441406,174.2100067138672,177.3000030517578,173.97999572753906,176.50999450683594,84267900,AAPL
2023-09-14,173.54437255859375,175.74000549316406,176.10000610351562,173.5800018310547,174.0,60895800,AAPL
2023-09-15,172.82345581054688,175.00999450683594,176.5,173.82000732421875,176.47999572753906,109259500,AAPL
2023-09-18,175.7465057373047,177.97000122070312,179.3800048828125,176.1699981689453,176.47999572753906,67257600,AAPL
2023-09-19,176.832763671875,179.07000732421875,179.6300048828125,177.1300048828125,177.52000427246094,51826900,AAPL
2023-09-20,173.2974853515625,175.49000549316406,179.6999969482422,175.39999389648438,179.25999450683594,58436200,AAPL
2023-09-21,171.7569580078125,173.92999267578125,176.3000030517578,173.86000061035156,174.5500030517578,63149100,AAPL
2023-09-22,172.60623168945312,174.7899932861328,177.0800018310547,174.0500030517578,174.6699981689453,56725400,AAPL
2023-09-25,173.88011169433594,176.0800018310547,176.97000122070312,174.14999389648438,174.1999969482422,46172700,AAPL
2023-09-26,169.81158447265625,171.9600067138672,175.1999969482422,171.66000366210938,174.82000732421875,64588900,AAPL
2023-09-27,168.30068969726562,170.42999267578125,173.0399932861328,169.0500030517578,172.6199951171875,66921800,AAPL
2023-09-28,168.5574493408203,170.69000244140625,172.02999877929688,167.6199951171875,169.33999633789062,56294400,AAPL
2023-09-29,169.0709686279297,171.2100067138672,173.07000732421875,170.33999633789062,172.02000427246094,51861100,AAPL
2023-10-02,171.57923889160156,173.75,174.3000030517578,170.92999267578125,171.22000122070312,52164500,AAPL
2023-10-03,170.24607849121094,172.39999389648438,173.6300048828125,170.82000732421875,172.25999450683594,49594600,AAPL
2023-10-04,171.49032592773438,173.66000366210938,174.2100067138672,170.97000122070312,171.08999633789062,53020300,AAPL
2023-10-05,172.72471618652344,174.91000366210938,175.4499969482422,172.67999267578125,173.7899932861328,48527900,AAPL
2023-10-06,175.2725067138672,177.49000549316406,177.99000549316406,173.17999267578125,173.8000030517578,57266700,AAPL
2023-10-09,176.75376892089844,178.99000549316406,179.0500030517578,175.8000030517578,176.80999755859375,42390800,AAPL
2023-10-10,176.16122436523438,178.38999938964844,179.72000122070312,177.9499969482422,178.10000610351562,43698000,AAPL
2023-10-11,177.5536346435547,179.8000030517578,179.85000610351562,177.60000610351562,178.1999969482422,47551100,AAPL
2023-10-12,178.4522705078125,180.7100067138672,182.33999633789062,179.0399932861328,180.07000732421875,56743100,AAPL
2023-10-13,176.6155242919922,178.85000610351562,181.92999267578125,178.13999938964844,181.4199981689453,51427100,AAPL
2023-10-16,176.48712158203125,178.72000122070312,179.0800018310547,176.50999450683594,176.75,52517000,AAPL
2023-10-17,174.9367218017578,177.14999389648438,178.4199981689453,174.8000030517578,176.64999389648438,57549400,AAPL
2023-10-18,173.6431121826172,175.83999633789062,177.5800018310547,175.11000061035156,175.5800018310547,54764400,AAPL
2023-10-19,173.26788330078125,175.4600067138672,177.83999633789062,175.19000244140625,176.0399932861328,59302900,AAPL
2023-10-20,170.7200927734375,172.8800048828125,175.4199981689453,172.63999938964844,175.30999755859375,64244000,AAPL
2023-10-23,170.83860778808594,173.0,174.00999450683594,169.92999267578125,170.91000366210938,55980100,AAPL
2023-10-24,171.27308654785156,173.44000244140625,173.6699981689453,171.4499969482422,173.0500030517578,43816600,AAPL
2023-10-25,168.9623260498047,171.10000610351562,173.05999755859375,170.64999389648438,171.8800048828125,57157000,AAPL
2023-10-26,164.804931640625,166.88999938964844,171.3800048828125,165.6699981689453,170.3699951171875,70625300,AAPL
2023-10-27,166.11831665039062,168.22000122070312,168.9600067138672,166.8300018310547,166.91000366210938,58499100,AAPL
2023-10-30,168.16244506835938,170.2899932861328,171.1699981689453,168.8699951171875,169.02000427246094,51131000,AAPL
2023-10-31,168.63645935058594,170.77000427246094,170.89999389648438,167.89999389648438,169.35000610351562,44846000,AAPL
2023-11-01,171.7964630126953,173.97000122070312,174.22999572753906,170.1199951171875,171.0,56934900,AAPL
2023-11-02,175.3515167236328,177.57000732421875,177.77999877929688,175.4600067138672,175.52000427246094,77334800,AAPL
2023-11-03,174.4429931640625,176.64999389648438,176.82000732421875,173.35000610351562,174.24000549316406,79829200,AAPL
2023-11-06,176.99075317382812,179.22999572753906,179.42999267578125,176.2100067138672,176.3800048828125,63841300,AAPL
2023-11-07,179.54840087890625,181.82000732421875,182.44000244140625,178.97000122070312,179.17999267578125,70530000,AAPL
2023-11-08,180.6050262451172,182.88999938964844,183.4499969482422,181.58999633789062,182.35000610351562,49340300,AAPL
2023-11-09,180.1310577392578,182.41000366210938,184.1199951171875,181.80999755859375,182.9600067138672,53763500,AAPL
2023-11-10,184.3136749267578,186.39999389648438,186.57000732421875,183.52999877929688,183.97000122070312,66133400,AAPL
2023-11-13,182.73158264160156,184.8000030517578,186.02999877929688,184.2100067138672,185.82000732421875,43627500,AAPL
2023-11-14,185.34205627441406,187.44000244140625,188.11000061035156,186.3000030517578,187.6999969482422,60108400,AAPL
2023-11-15,185.9056396484375,188.00999450683594,189.5,187.77999877929688,187.85000610351562,53790500,AAPL
2023-11-16,187.5866241455078,189.7100067138672,190.9600067138672,188.64999389648438,189.57000732421875,54412900,AAPL
2023-11-17,187.56686401367188,189.69000244140625,190.3800048828125,188.57000732421875,190.25,50922700,AAPL
2023-11-20,189.30712890625,191.4499969482422,191.91000366210938,189.8800048828125,189.88999938964844,46505100,AAPL
2023-11-21,188.5062255859375,190.63999938964844,191.52000427246094,189.74000549316406,191.41000366210938,38134500,AAPL
2023-11-22,189.1687469482422,191.30999755859375,192.92999267578125,190.8300018310547,191.49000549316406,39617700,AAPL
2023-11-24,187.84371948242188,189.97000122070312,190.89999389648438,189.25,190.8699951171875,24048300,AAPL
2023-11-27,187.6657257080078,189.7899932861328,190.6699981689453,188.89999389648438,189.9199981689453,40552600,AAPL
2023-11-28,188.2688751220703,190.39999389648438,191.0800018310547,189.39999389648438,189.77999877929688,38415400,AAPL
2023-11-29,187.25045776367188,189.3699951171875,192.08999633789062,188.97000122070312,190.89999389648438,43014200,AAPL
2023-11-30,187.8239288330078,189.9499969482422,190.32000732421875,188.19000244140625,189.83999633789062,48794400,AAPL
2023-12-01,189.09950256347656,191.24000549316406,191.55999755859375,189.22999572753906,190.3300018310547,45704800,AAPL
2023-12-04,187.30975341796875,189.42999267578125,190.0500030517578,187.4499969482422,189.97999572753906,43389500,AAPL
2023-12-05,191.25509643554688,193.4199981689453,194.39999389648438,190.17999267578125,190.2100067138672,66628400,AAPL
2023-12-06,190.1674346923828,192.32000732421875,194.75999450683594,192.11000061035156,194.4499969482422,41089700,AAPL
2023-12-07,192.0955810546875,194.27000427246094,195.0,193.58999633789062,193.6300048828125,47477700,AAPL
2023-12-08,193.5194854736328,195.7100067138672,195.99000549316406,193.6699981689453,194.1999969482422,53406400,AAPL
2023-12-11,191.0177764892578,193.17999267578125,193.49000549316406,191.4199981689453,193.11000061035156,60943700,AAPL
2023-12-12,192.53065490722656,194.7100067138672,194.72000122070312,191.72000122070312,193.0800018310547,52696900,AAPL
2023-12-13,195.7443084716797,197.9600067138672,198.0,194.85000610351562,195.08999633789062,70404200,AAPL
2023-12-14,195.89263916015625,198.11000061035156,199.6199951171875,196.16000366210938,198.02000427246094,66831600,AAPL
2023-12-15,195.35867309570312,197.57000732421875,198.39999389648438,197.0,197.52999877929688,128538400,AAPL
2023-12-18,193.69744873046875,195.88999938964844,196.6300048828125,194.38999938964844,196.08999633789062,55751900,AAPL
2023-12-19,194.73573303222656,196.94000244140625,196.9499969482422,195.88999938964844,196.16000366210938,40714100,AAPL
2023-12-20,192.64932250976562,194.8300018310547,197.67999267578125,194.8300018310547,196.89999389648438,52242800,AAPL
2023-12-21,192.5009765625,194.67999267578125,197.0800018310547,193.5,196.10000610351562,46482500,AAPL
2023-12-22,191.43307495117188,193.60000610351562,195.41000366210938,192.97000122070312,195.17999267578125,37149600,AAPL
2023-12-26,190.8892364501953,193.0500030517578,193.88999938964844,192.8300018310547,193.61000061035156,28919300,AAPL
2023-12-27,190.98812866210938,193.14999389648438,193.5,191.08999633789062,192.49000549316406,48087700,AAPL
2023-12-28,191.41334533691406,193.5800018310547,194.66000366210938,193.1699981689453,194.13999938964844,34049900,AAPL
2023-12-29,190.37506103515625,192.52999877929688,194.39999389648438,191.72999572753906,193.89999389648438,42672100,AAPL
2024-01-02,183.5621795654297,185.63999938964844,188.44000244140625,183.88999938964844,187.14999389648438,82488700,AAPL
2024-01-03,182.18775939941406,184.25,185.8800048828125,183.42999267578125,184.22000122070312,58414500,AAPL
2024-01-04,179.87393188476562,181.91000366210938,183.08999633789062,180.8800048828125,182.14999389648438,71983600,AAPL
2024-01-05,179.152099609375,181.17999267578125,182.75999450683594,180.1699981689453,181.99000549316406,62379700,AAPL
2024-01-08,183.4830780029297,185.55999755859375,185.60000610351562,181.5,182.08999633789062,59144500,AAPL
2024-01-09,183.06777954101562,185.13999938964844,185.14999389648438,182.72999572753906,183.9199981689453,42841800,AAPL
2024-01-10,184.1060333251953,186.19000244140625,186.39999389648438,183.9199981689453,184.35000610351562,46792900,AAPL
2024-01-11,183.5127410888672,185.58999633789062,187.0500030517578,183.6199951171875,186.5399932861328,49128400,AAPL
2024-01-12,183.8390350341797,185.9199981689453,186.74000549316406,185.19000244140625,186.05999755859375,40477800,AAPL
2024-01-16,181.57469177246094,183.6300048828125,184.25999450683594,180.92999267578125,182.16000366210938,65603000,AAPL
2024-01-17,180.6353302001953,182.67999267578125,182.92999267578125,180.3000030517578,181.27000427246094,47317400,AAPL
2024-01-18,186.5187225341797,188.6300048828125,189.13999938964844,185.8300018310547,186.08999633789062,78005800,AAPL
2024-01-19,189.4159393310547,191.55999755859375,191.9499969482422,188.82000732421875,189.3300018310547,68903000,AAPL
2024-01-22,191.71981811523438,193.88999938964844,195.3300018310547,192.25999450683594,192.3000030517578,60133900,AAPL
2024-01-23,192.9954071044922,195.17999267578125,195.75,193.8300018310547,195.02000427246094,42355600,AAPL
2024-01-24,192.322998046875,194.5,196.3800048828125,194.33999633789062,195.4199981689453,53631300,AAPL
2024-01-25,191.9967041015625,194.1699981689453,196.27000427246094,193.11000061035156,195.22000122070312,54822100,AAPL
2024-01-26,190.26629638671875,192.4199981689453,194.75999450683594,191.94000244140625,194.27000427246094,44594000,AAPL
2024-01-29,189.58401489257812,191.72999572753906,192.1999969482422,189.5800018310547,192.00999450683594,47145600,AAPL
2024-01-30,185.93531799316406,188.0399932861328,191.8000030517578,187.47000122070312,190.94000244140625,55859400,AAPL
2024-01-31,182.3360595703125,184.39999389648438,187.10000610351562,184.35000610351562,187.0399932861328,55467800,AAPL
2024-02-01,184.76853942871094,186.86000061035156,186.9499969482422,183.82000732421875,183.99000549316406,64885400,AAPL
2024-02-02,183.7698516845703,185.85000610351562,187.3300018310547,179.25,179.86000061035156,102551700,AAPL
2024-02-05,185.579345703125,187.67999267578125,189.25,185.83999633789062,188.14999389648438,69668800,AAPL
2024-02-06,187.1812286376953,189.3000030517578,189.30999755859375,186.77000427246094,186.86000061035156,43490800,AAPL
2024-02-07,187.29000854492188,189.41000366210938,191.0500030517578,188.61000061035156,190.63999938964844,53439000,AAPL
2024-02-08,186.21218872070312,188.32000732421875,189.5399932861328,187.35000610351562,189.38999938964844,40962000,AAPL
2024-02-09,186.9745330810547,188.85000610351562,189.99000549316406,188.0,188.64999389648438,45155200,AAPL
2024-02-12,185.29144287109375,187.14999389648438,188.6699981689453,186.7899932861328,188.4199981689453,41781900,AAPL
2024-02-13,183.20236206054688,185.0399932861328,186.2100067138672,183.50999450683594,185.77000427246094,56529500,AAPL
2024-02-14,182.32119750976562,184.14999389648438,185.52999877929688,182.44000244140625,185.32000732421875,54630500,AAPL
2024-02-15,182.03408813476562,183.86000061035156,184.49000549316406,181.35000610351562,183.5500030517578,65434500,AAPL
2024-02-16,180.49948120117188,182.30999755859375,184.85000610351562,181.6699981689453,183.4199981689453,49752500,AAPL
2024-02-20,179.7569122314453,181.55999755859375,182.42999267578125,180.0,181.7899932861328,53665600,AAPL
2024-02-21,180.50938415527344,182.32000732421875,182.88999938964844,180.66000366210938,181.94000244140625,41371400,AAPL
2024-02-22,182.53903198242188,184.3699951171875,184.9600067138672,182.4600067138672,183.47999572753906,52292200,AAPL
2024-02-23,180.7073974609375,182.52000427246094,185.0399932861328,182.22999572753906,185.00999450683594,45119700,AAPL
2024-02-26,179.3609161376953,181.16000366210938,182.75999450683594,180.64999389648438,182.24000549316406,40867400,AAPL
2024-02-27,180.81631469726562,182.6300048828125,183.9199981689453,179.55999755859375,181.10000610351562,54318900,AAPL
2024-02-28,179.61830139160156,181.4199981689453,183.1199951171875,180.1300048828125,182.50999450683594,48953900,AAPL
2024-02-29,178.95497131347656,180.75,182.57000732421875,179.52999877929688,181.27000427246094,136682600,AAPL
2024-03-01,177.87579345703125,179.66000366210938,180.52999877929688,177.3800048828125,179.5500030517578,73563100,AAPL
2024-03-04,173.361083984375,175.10000610351562,176.89999389648438,173.7899932861328,176.14999389648438,81510100,AAPL
2024-03-05,168.4305419921875,170.1199951171875,172.0399932861328,169.6199951171875,170.75999450683594,95132400,AAPL
2024-03-06,167.4404754638672,169.1199951171875,171.24000549316406,168.67999267578125,171.05999755859375,68587700,AAPL
2024-03-07,167.32168579101562,169.0,170.72999572753906,168.49000549316406,169.14999389648438,71765100,AAPL
2024-03-08,169.0344696044922,170.72999572753906,173.6999969482422,168.94000244140625,169.0,76267000,AAPL
2024-03-11,171.03440856933594,172.75,174.3800048828125,172.0500030517578,172.94000244140625,60139500,AAPL
2024-03-12,171.5096435546875,173.22999572753906,174.02999877929688,171.00999450683594,173.14999389648438,59825400,AAPL
2024-03-13,169.43052673339844,171.1300048828125,173.19000244140625,170.75999450683594,172.77000427246094,52488700,AAPL
2024-03-14,171.28196716308594,173.0,174.30999755859375,172.0500030517578,172.91000366210938,72913500,AAPL
2024-03-15,170.9057159423828,172.6199951171875,172.6199951171875,170.2899932861328,171.1699981689453,121752700,AAPL
2024-03-18,171.99478149414062,173.72000122070312,177.7100067138672,173.52000427246094,175.57000732421875,75604200,AAPL
2024-03-19,174.33135986328125,176.0800018310547,176.61000061035156,173.02999877929688,174.33999633789062,55215200,AAPL
2024-03-20,176.89566040039062,178.6699981689453,178.6699981689453,175.08999633789062,175.72000122070312,53423100,AAPL
2024-03-21,169.66812133789062,171.3699951171875,177.49000549316406,170.83999633789062,177.0500030517578,106181300,AAPL
2024-03-22,170.56912231445312,172.27999877929688,173.0500030517578,170.05999755859375,171.75999450683594,71160100,AAPL
2024-03-25,169.15330505371094,170.85000610351562,171.94000244140625,169.4499969482422,170.57000732421875,54288300,AAPL
2024-03-26,168.0246124267578,169.7100067138672,171.4199981689453,169.5800018310547,170.0,57388400,AAPL
2024-03-27,171.58885192871094,173.30999755859375,173.60000610351562,170.11000061035156,170.41000366210938,60273300,AAPL
2024-03-28,169.77703857421875,171.47999572753906,172.22999572753906,170.50999450683594,171.75,65672700,AAPL
2024-04-01,168.3414306640625,170.02999877929688,171.25,169.47999572753906,171.19000244140625,46240500,AAPL
2024-04-02,167.16326904296875,168.83999633789062,169.33999633789062,168.22999572753906,169.0800018310547,49329500,AAPL
2024-04-03,167.9652099609375,169.64999389648438,170.67999267578125,168.5800018310547,168.7899932861328,47691700,AAPL
2024-04-04,167.14344787597656,168.82000732421875,171.9199981689453,168.82000732421875,170.2899932861328,53704400,AAPL
2024-04-05,167.89588928222656,169.5800018310547,170.38999938964844,168.9499969482422,169.58999633789062,42104800,AAPL
2024-04-08,166.77713012695312,168.4499969482422,169.1999969482422,168.24000549316406,169.02999877929688,37425500,AAPL
2024-04-09,167.98501586914062,169.6699981689453,170.0800018310547,168.35000610351562,168.6999969482422,42373800,AAPL
2024-04-10,166.11376953125,167.77999877929688,169.08999633789062,167.11000061035156,168.8000030517578,49709300,AAPL
2024-04-11,173.3016815185547,175.0399932861328,175.4600067138672,168.16000366210938,168.33999633789062,91070300,AAPL
2024-04-12,174.79669189453125,176.5500030517578,178.36000061035156,174.2100067138672,174.25999450683594,101670900,AAPL
2024-04-15,170.9750213623047,172.69000244140625,176.6300048828125,172.5,175.36000061035156,73531800,AAPL
2024-04-16,167.69789123535156,169.3800048828125,173.75999450683594,168.27000427246094,171.75,73711200,AAPL
2024-04-17,166.33160400390625,168.0,170.64999389648438,168.0,169.61000061035156,50901200,AAPL
2024-04-18,165.3811492919922,167.0399932861328,168.63999938964844,166.5500030517578,168.02999877929688,43122900,AAPL
2024-04-19,163.36138916015625,165.0,166.39999389648438,164.0800018310547,166.2100067138672,68149400,AAPL
2024-04-22,164.19302368164062,165.83999633789062,167.25999450683594,164.77000427246094,165.52000427246094,48116400,AAPL
2024-04-23,165.24253845214844,166.89999389648438,167.0500030517578,164.9199981689453,165.35000610351562,49537800,AAPL
2024-04-24,167.3414764404297,169.02000427246094,169.3000030517578,166.2100067138672,166.5399932861328,48251800,AAPL
2024-04-25,168.20285034179688,169.88999938964844,170.61000061035156,168.14999389648438,169.52999877929688,50558300,AAPL
2024-04-26,167.61868286132812,169.3000030517578,171.33999633789062,169.17999267578125,169.8800048828125,44838400,AAPL
2024-04-29,171.7769775390625,173.5,176.02999877929688,173.10000610351562,173.3699951171875,68169400,AAPL
2024-04-30,168.6384735107422,170.3300018310547,174.99000549316406,170.0,173.3300018310547,65934800,AAPL
2024-05-01,167.61868286132812,169.3000030517578,172.7100067138672,169.11000061035156,169.5800018310547,50383100,AAPL
2024-05-02,171.3116455078125,173.02999877929688,173.4199981689453,170.88999938964844,172.50999450683594,94214900,AAPL
2024-05-03,181.55886840820312,183.3800048828125,187.0,182.66000366210938,186.64999389648438,163224100,AAPL
2024-05-06,179.90545654296875,181.7100067138672,184.1999969482422,180.4199981689453,182.35000610351562,78569700,AAPL
2024-05-07,180.58859252929688,182.39999389648438,184.89999389648438,181.32000732421875,183.4499969482422,77305800,AAPL
2024-05-08,180.9252166748047,182.74000549316406,183.07000732421875,181.4499969482422,182.85000610351562,45057100,AAPL
2024-05-09,182.737060546875,184.57000732421875,184.66000366210938,182.11000061035156,182.55999755859375,48983000,AAPL
2024-05-10,181.47796630859375,183.0500030517578,185.08999633789062,182.1300048828125,184.89999389648438,50759500,AAPL
2024-05-13,184.6802215576172,186.27999877929688,187.10000610351562,184.6199951171875,185.44000244140625,72044800,AAPL
2024-05-14,185.82032775878906,187.42999267578125,188.3000030517578,186.2899932861328,187.50999450683594,52393600,AAPL
2024-05-15,188.09068298339844,189.72000122070312,190.64999389648438,187.3699951171875,187.91000366210938,70400000,AAPL
2024-05-16,188.20965576171875,189.83999633789062,191.10000610351562,189.66000366210938,190.47000122070312,52845200,AAPL
2024-05-17,188.2393798828125,189.8699951171875,190.80999755859375,189.17999267578125,189.50999450683594,41282900,AAPL
2024-05-20,189.3993377685547,191.0399932861328,191.9199981689453,189.00999450683594,189.3300018310547,44361300,AAPL
2024-05-21,190.69808959960938,192.35000610351562,192.72999572753906,190.9199981689453,191.08999633789062,42309400,AAPL
2024-05-22,189.2605438232422,190.89999389648438,192.82000732421875,190.27000427246094,192.27000427246094,34648500,AAPL
2024-05-23,185.27505493164062,186.8800048828125,191.0,186.6300048828125,190.97999572753906,51005900,AAPL
2024-05-24,188.34841918945312,189.97999572753906,190.5800018310547,188.0399932861328,188.82000732421875,36327000,AAPL
2024-05-28,188.35838317871094,189.99000549316406,193.0,189.10000610351562,191.50999450683594,52280100,AAPL
2024-05-29,188.65576171875,190.2899932861328,192.25,189.50999450683594,189.61000061035156,53068000,AAPL
2024-05-30,189.64718627929688,191.2899932861328,192.17999267578125,190.6300048828125,190.75999450683594,49889100,AAPL
2024-05-31,190.5989227294922,192.25,192.57000732421875,189.91000366210938,191.44000244140625,75158300,AAPL
2024-06-03,192.36366271972656,194.02999877929688,194.99000549316406,192.52000427246094,192.89999389648438,50080500,AAPL
2024-06-04,192.680908203125,194.35000610351562,195.32000732421875,193.02999877929688,194.63999938964844,47471400,AAPL
2024-06-05,194.18785095214844,195.8699951171875,196.89999389648438,194.8699951171875,195.39999389648438,54156800,AAPL
2024-06-06,192.80978393554688,194.47999572753906,196.5,194.1699981689453,195.69000244140625,41181800,AAPL
2024-06-07,195.19911193847656,196.88999938964844,196.94000244140625,194.13999938964844,194.64999389648438,53103900,AAPL
2024-06-10,191.4614715576172,193.1199951171875,197.3000030517578,192.14999389648438,196.89999389648438,97010200,AAPL
2024-06-11,205.37095642089844,207.14999389648438,207.16000366210938,193.6300048828125,193.64999389648438,172373300,AAPL
2024-06-12,211.24014282226562,213.07000732421875,220.1999969482422,206.89999389648438,207.3699951171875,198134300,AAPL
2024-06-13,212.4001007080078,214.24000549316406,216.75,211.60000610351562,214.74000549316406,97862700,AAPL
2024-06-14,210.66513061523438,212.49000549316406,215.1699981689453,211.3000030517578,213.85000610351562,70122700,AAPL
2024-06-17,214.80923461914062,216.6699981689453,218.9499969482422,212.72000122070312,213.3699951171875,93728300,AAPL
2024-06-18,212.4496612548828,214.2899932861328,218.6300048828125,213.0,217.58999633789062,79943300,AAPL
2024-06-20,207.87924194335938,209.67999267578125,214.24000549316406,208.85000610351562,213.92999267578125,86172500,AAPL
2024-06-21,205.70809936523438,207.49000549316406,211.88999938964844,207.11000061035156,210.38999938964844,241805100,AAPL
2024-06-24,206.3524932861328,208.13999938964844,212.6999969482422,206.58999633789062,207.72000122070312,80727000,AAPL
2024-06-25,207.27452087402344,209.07000732421875,211.3800048828125,208.61000061035156,209.14999389648438,55549700,AAPL
2024-06-26,211.41859436035156,213.25,214.86000061035156,210.63999938964844,211.5,66213200,AAPL
2024-06-27,212.26129150390625,214.10000610351562,215.74000549316406,212.35000610351562,214.69000244140625,49772700,AAPL
2024-06-28,208.81117248535156,210.6199951171875,216.07000732421875,210.3000030517578,215.77000427246094,82542700,AAPL
2024-07-01,214.88853454589844,216.75,217.50999450683594,211.9199981689453,212.08999633789062,60402900,AAPL
2024-07-02,218.37831115722656,220.27000427246094,220.3800048828125,215.10000610351562,216.14999389648438,58046200,AAPL
2024-07-03,219.6472930908203,221.5500030517578,221.5500030517578,219.02999877929688,220.0,37369800,AAPL
2024-07-05,224.3961639404297,226.33999633789062,226.4499969482422,221.64999389648438,221.64999389648438,60412400,AAPL
2024-07-08,225.8634796142578,227.82000732421875,227.85000610351562,223.25,227.08999633789062,59085900,AAPL
2024-07-09,226.71609497070312,228.67999267578125,229.39999389648438,226.3699951171875,227.92999267578125,48076100,AAPL
2024-07-10,230.97914123535156,232.97999572753906,233.0800018310547,229.25,229.3000030517578,62627700,AAPL
2024-07-11,225.6156463623047,227.57000732421875,232.38999938964844,225.77000427246094,231.38999938964844,64710600,AAPL
2024-07-12,228.5601043701172,230.5399932861328,232.63999938964844,228.67999267578125,228.9199981689453,53046500,AAPL
2024-07-15,232.386962890625,234.39999389648438,237.22999572753906,233.08999633789062,236.47999572753906,62631300,AAPL
2024-07-16,232.80335998535156,234.82000732421875,236.27000427246094,232.3300018310547,235.0,43234300,AAPL
2024-07-17,226.9143829345703,228.8800048828125,231.4600067138672,226.63999938964844,229.4499969482422,57345900,AAPL
2024-07-18,222.2547149658203,224.17999267578125,230.44000244140625,222.27000427246094,230.27999877929688,66034600,AAPL
2024-07-19,222.3836212158203,224.30999755859375,226.8000030517578,223.27999877929688,224.82000732421875,49151500,AAPL
2024-07-22,222.03665161132812,223.9600067138672,227.77999877929688,223.08999633789062,227.00999450683594,48201800,AAPL
2024-07-23,223.0775909423828,225.00999450683594,226.94000244140625,222.67999267578125,224.3699951171875,39960300,AAPL
2024-07-24,216.66314697265625,218.5399932861328,224.8000030517578,217.1300048828125,224.0,61777600,AAPL
2024-07-25,215.62220764160156,217.49000549316406,220.85000610351562,214.6199951171875,218.92999267578125,51391200,AAPL
2024-07-26,216.08816528320312,217.9600067138672,219.49000549316406,216.00999450683594,218.6999969482422,41601300,AAPL
2024-07-29,216.36575317382812,218.24000549316406,219.3000030517578,215.75,216.9600067138672,36311800,AAPL
2024-07-30,216.9209442138672,218.8000030517578,220.3300018310547,216.1199951171875,219.19000244140625,41643800,AAPL
2024-07-31,220.1727752685547,222.0800018310547,223.82000732421875,220.6300048828125,221.44000244140625,50036300,AAPL
2024-08-01,216.48471069335938,218.36000061035156,224.47999572753906,217.02000427246094,224.3699951171875,62501000,AAPL
2024-08-02,217.9718475341797,219.86000061035156,225.60000610351562,217.7100067138672,219.14999389648438,105568600,AAPL
2024-08-05,207.47279357910156,209.27000427246094,213.5,196.0,199.08999633789062,119548600,AAPL
2024-08-06,205.45028686523438,207.22999572753906,209.99000549316406,201.07000732421875,205.3000030517578,69660500,AAPL
2024-08-07,208.01806640625,209.82000732421875,213.63999938964844,206.38999938964844,206.89999389648438,63516400,AAPL
2024-08-08,211.47808837890625,213.30999755859375,214.1999969482422,208.8300018310547,213.11000061035156,47161100,AAPL
2024-08-09,214.3829345703125,216.24000549316406,216.77999877929688,211.97000122070312,212.10000610351562,42201600,AAPL
2024-08-12,215.9114532470703,217.52999877929688,219.50999450683594,215.60000610351562,216.07000732421875,38028100,AAPL
2024-08-13,219.62362670898438,221.27000427246094,221.88999938964844,219.00999450683594,219.00999450683594,44155300,AAPL
2024-08-14,220.07029724121094,221.72000122070312,223.02999877929688,219.6999969482422,220.57000732421875,41960600,AAPL
2024-08-15,223.0479736328125,224.72000122070312,225.35000610351562,222.75999450683594,224.60000610351562,46414000,AAPL
2024-08-16,224.3680877685547,226.0500030517578,226.8300018310547,223.64999389648438,223.9199981689453,44340200,AAPL
2024-08-19,224.2092742919922,225.88999938964844,225.99000549316406,223.0399932861328,225.72000122070312,40687800,AAPL
2024-08-20,224.8246307373047,226.50999450683594,227.1699981689453,225.4499969482422,225.77000427246094,30299000,AAPL
2024-08-21,224.71548461914062,226.39999389648438,227.97999572753906,225.0500030517578,226.52000427246094,34765500,AAPL
2024-08-22,222.85939025878906,224.52999877929688,228.33999633789062,223.89999389648438,227.7899932861328,43695300,AAPL
2024-08-23,225.15219116210938,226.83999633789062,228.22000122070312,224.3300018310547,225.66000366210938,38677300,AAPL
2024-08-26,225.48965454101562,227.17999267578125,227.27999877929688,223.88999938964844,226.75999450683594,30602200,AAPL
2024-08-27,226.3333282470703,228.02999877929688,228.85000610351562,224.88999938964844,226.0,35934600,AAPL
2024-08-28,224.8048095703125,226.49000549316406,229.86000061035156,225.67999267578125,227.9199981689453,38052200,AAPL
2024-08-29,228.0802459716797,229.7899932861328,232.9199981689453,228.8800048828125,230.10000610351562,51906300,AAPL
2024-08-30,227.29612731933594,229.0,230.39999389648438,227.47999572753906,230.19000244140625,52990800,AAPL
2024-09-03,221.11248779296875,222.77000427246094,229.0,221.1699981689453,228.5500030517578,50190600,AAPL
2024-09-04,219.20677185058594,220.85000610351562,221.77999877929688,217.47999572753906,221.66000366210938,43840200,AAPL
2024-09-05,220.7253875732422,222.3800048828125,225.47999572753906,221.52000427246094,221.6300048828125,36615400,AAPL
2024-09-06,219.177001953125,220.82000732421875,225.24000549316406,219.77000427246094,223.9499969482422,48423000,AAPL
2024-09-09,219.26632690429688,220.91000366210938,221.27000427246094,216.7100067138672,220.82000732421875,67180000,AAPL
2024-09-10,218.47227478027344,220.11000061035156,221.47999572753906,216.72999572753906,218.9199981689453,51591000,AAPL
2024-09-11,221.0032958984375,222.66000366210938,223.08999633789062,217.88999938964844,221.4600067138672,44587100,AAPL
2024-09-12,221.11248779296875,222.77000427246094,223.5500030517578,219.82000732421875,222.5,37455600,AAPL
2024-09-13,220.844482421875,222.5,224.0399932861328,221.91000366210938,223.5800018310547,36766600,AAPL
2024-09-16,214.7104949951172,216.32000732421875,217.22000122070312,213.9199981689453,216.5399932861328,59357400,AAPL
2024-09-17,215.17697143554688,216.7899932861328,216.89999389648438,214.5,215.75,45519300,AAPL
2024-09-18,219.04794311523438,220.69000244140625,222.7100067138672,217.5399932861328,217.5500030517578,59894900,AAPL
2024-09-19,227.1670684814453,228.8699951171875,229.82000732421875,224.6300048828125,224.99000549316406,66781300,AAPL
2024-09-20,226.5020751953125,228.1999969482422,233.08999633789062,227.6199951171875,229.97000122070312,318679900,AAPL
2024-09-23,224.78494262695312,226.47000122070312,229.4499969482422,225.80999755859375,227.33999633789062,54146000,AAPL
2024-09-24,225.6782684326172,227.3699951171875,229.35000610351562,225.72999572753906,228.64999389648438,43556100,AAPL
2024-09-25,224.68568420410156,226.3699951171875,227.2899932861328,224.02000427246094,224.92999267578125,42308700,AAPL
2024-09-26,225.82713317871094,227.52000427246094,228.5,225.41000366210938,227.3000030517578,36636700,AAPL
2024-09-27,226.09512329101562,227.7899932861328,229.52000427246094,227.3000030517578,228.4600067138672,34026000,AAPL
2024-09-30,231.26637268066406,233.0,233.0,229.64999389648438,230.0399932861328,54541900,AAPL
2024-10-01,224.5269012451172,226.2100067138672,229.64999389648438,223.74000549316406,229.52000427246094,63285000,AAPL
2024-10-02,225.09263610839844,226.77999877929688,227.3699951171875,223.02000427246094,225.88999938964844,32880600,AAPL
2024-10-03,223.9908905029297,225.6699981689453,226.80999755859375,223.32000732421875,225.13999938964844,34044200,AAPL
2024-10-04,225.11248779296875,226.8000030517578,228.0,224.1300048828125,227.89999389648438,37245100,AAPL
2024-10-07,220.04051208496094,221.69000244140625,225.69000244140625,221.3300018310547,224.5,39505400,AAPL
2024-10-08,224.0901641845703,225.77000427246094,225.97999572753906,223.25,224.3000030517578,31855700,AAPL
2024-10-09,227.83209228515625,229.5399932861328,229.75,224.8300018310547,225.22999572753906,33591100,AAPL
2024-10-10,227.33583068847656,229.0399932861328,229.5,227.1699981689453,227.77999877929688,28183500,AAPL
2024-10-11,225.85691833496094,227.5500030517578,229.41000366210938,227.33999633789062,229.3000030517578,31759200,AAPL
2024-10-14,229.57901000976562,231.3000030517578,231.72999572753906,228.60000610351562,228.6999969482422,39882100,AAPL
2024-10-15,232.11004638671875,233.85000610351562,237.49000549316406,232.3699951171875,233.61000061035156,64751400,AAPL
2024-10-16,230.05543518066406,231.77999877929688,232.1199951171875,229.83999633789062,231.60000610351562,34082200,AAPL
2024-10-17,230.42266845703125,232.14999389648438,233.85000610351562,230.52000427246094,233.42999267578125,32993800,AAPL
2024-10-18,233.25146484375,235.0,236.17999267578125,234.00999450683594,236.17999267578125,46431500,AAPL
2024-10-21,234.72047424316406,236.47999572753906,236.85000610351562,234.4499969482422,234.4499969482422,36254500,AAPL
2024-10-22,234.10508728027344,235.86000061035156,236.22000122070312,232.60000610351562,233.88999938964844,38846600,AAPL
2024-10-23,229.0430145263672,230.75999450683594,235.13999938964844,227.75999450683594,234.0800018310547,52287000,AAPL
2024-10-24,228.85446166992188,230.57000732421875,230.82000732421875,228.41000366210938,229.97999572753906,31109500,AAPL
2024-10-25,229.68820190429688,231.41000366210938,233.22000122070312,229.57000732421875,229.74000549316406,38802300,AAPL
2024-10-28,231.66336059570312,233.39999389648438,234.72999572753906,232.5500030517578,233.32000732421875,36087100,AAPL
2024-10-29,231.93136596679688,233.6699981689453,234.3300018310547,232.32000732421875,233.10000610351562,35417200,AAPL
2024-10-30,228.387939453125,230.10000610351562,233.47000122070312,229.5500030517578,232.61000061035156,47070900,AAPL
2024-10-31,224.22911071777344,225.91000366210938,229.8300018310547,225.3699951171875,229.33999633789062,64370100,AAPL
2024-11-01,221.25144958496094,222.91000366210938,225.35000610351562,220.27000427246094,220.97000122070312,65276700,AAPL
2024-11-04,220.35812377929688,222.00999450683594,222.7899932861328,219.7100067138672,220.99000549316406,44944500,AAPL
2024-11-05,221.7873992919922,223.4499969482422,223.9499969482422,221.13999938964844,221.8000030517578,28111300,AAPL
2024-11-06,221.06285095214844,222.72000122070312,226.07000732421875,221.19000244140625,222.61000061035156,54561100,AAPL
2024-11-07,225.78741455078125,227.47999572753906,227.8800048828125,224.57000732421875,224.6300048828125,42137700,AAPL
2024-11-08,225.51914978027344,226.9600067138672,228.66000366210938,226.41000366210938,227.1699981689453,38328800,AAPL
2024-11-11,222.80648803710938,224.22999572753906,225.6999969482422,221.5,225.0,42005600,AAPL
2024-11-12,222.80648803710938,224.22999572753906,225.58999633789062,223.36000061035156,224.5500030517578,40398300,AAPL
2024-11-13,223.69082641601562,225.1199951171875,226.64999389648438,222.75999450683594,224.00999450683594,48566200,AAPL
2024-11-14,226.77114868164062,228.22000122070312,228.8699951171875,225.0,225.02000427246094,44923900,AAPL
2024-11-15,223.57159423828125,225.0,226.9199981689453,224.27000427246094,226.39999389648438,47923700,AAPL
2024-11-18,226.57241821289062,228.02000427246094,229.74000549316406,225.1699981689453,225.25,44633700,AAPL
2024-11-19,226.8307647705078,228.27999877929688,230.16000366210938,226.66000366210938,226.97999572753906,36211800,AAPL
2024-11-20,227.5461883544922,229.0,229.92999267578125,225.88999938964844,228.05999755859375,35169600,AAPL
2024-11-21,227.06924438476562,228.52000427246094,230.16000366210938,225.7100067138672,228.8800048828125,42108300,AAPL
2024-11-22,228.41065979003906,229.8699951171875,230.72000122070312,228.05999755859375,228.05999755859375,38168300,AAPL
2024-11-25,231.39163208007812,232.8699951171875,233.25,229.74000549316406,231.4600067138672,90152800,AAPL
2024-11-26,233.56771850585938,235.05999755859375,235.57000732421875,233.3300018310547,233.3300018310547,45986200,AAPL
2024-11-27,233.4385223388672,234.92999267578125,235.69000244140625,233.80999755859375,234.47000122070312,33498400,AAPL
2024-11-29,235.82333374023438,237.3300018310547,237.80999755859375,233.97000122070312,234.80999755859375,28481400,AAPL
2024-12-02,238.0689697265625,239.58999633789062,240.7899932861328,237.16000366210938,237.27000427246094,48137100,AAPL
2024-12-03,241.10952758789062,242.64999389648438,242.75999450683594,238.89999389648438,239.80999755859375,38861000,AAPL
2024-12-04,241.4672393798828,243.00999450683594,244.11000061035156,241.25,242.8699951171875,44383900,AAPL
2024-12-05,241.49705505371094,243.0399932861328,244.5399932861328,242.1300048828125,243.99000549316406,40033900,AAPL
2024-12-06,241.29833984375,242.83999633789062,244.6300048828125,242.0800018310547,242.91000366210938,36870600,AAPL
2024-12-09,245.18350219726562,246.75,247.24000549316406,241.75,241.8300018310547,44649200,AAPL
2024-12-10,246.197021484375,247.77000427246094,248.2100067138672,245.33999633789062,246.88999938964844,36914800,AAPL
2024-12-11,244.9251708984375,246.49000549316406,250.8000030517578,246.25999450683594,247.9600067138672,45205800,AAPL
2024-12-12,246.3858184814453,247.9600067138672,248.74000549316406,245.67999267578125,246.88999938964844,32777500,AAPL
2024-12-13,246.55474853515625,248.1300048828125,249.2899932861328,246.24000549316406,247.82000732421875,33155300,AAPL
2024-12-16,249.4462432861328,251.0399932861328,251.3800048828125,247.64999389648438,247.99000549316406,51694800,AAPL
2024-12-17,251.8707733154297,253.47999572753906,253.8300018310547,249.77999877929688,250.0800018310547,51356400,AAPL
2024-12-18,246.47525024414062,248.0500030517578,254.27999877929688,247.74000549316406,252.16000366210938,56774100,AAPL
2024-12-19,248.2041778564453,249.7899932861328,252.0,247.08999633789062,247.5,60882300,AAPL
2024-12-20,252.87437438964844,254.49000549316406,255.0,245.69000244140625,248.0399932861328,147495300,AAPL
2024-12-23,253.6494140625,255.27000427246094,255.64999389648438,253.4499969482422,254.77000427246094,40858800,AAPL
2024-12-24,256.56085205078125,258.20001220703125,258.2099914550781,255.2899932861328,255.49000549316406,23234700,AAPL
2024-12-26,257.3755798339844,259.0199890136719,260.1000061035156,257.6300048828125,258.19000244140625,27237100,AAPL
2024-12-27,253.96737670898438,255.58999633789062,258.70001220703125,253.05999755859375,257.8299865722656,42355300,AAPL
2024-12-30,250.59890747070312,252.1999969482422,253.5,250.75,252.22999572753906,35557500,AAPL
2024-12-31,248.8302001953125,250.4199981689453,253.27999877929688,249.42999267578125,252.44000244140625,39480700,AAPL
2025-01-02,242.30194091796875,243.85000610351562,249.10000610351562,241.82000732421875,248.92999267578125,55740700,AAPL
2025-01-03,241.81503295898438,243.36000061035156,244.17999267578125,241.88999938964844,243.36000061035156,40244100,AAPL
2025-01-06,243.44461059570312,245.0,247.3300018310547,243.1999969482422,244.30999755859375,45045600,AAPL
2025-01-07,240.67233276367188,242.2100067138672,245.5500030517578,241.35000610351562,242.97999572753906,40856000,AAPL
2025-01-08,241.15921020507812,242.6999969482422,243.7100067138672,240.0500030517578,241.9199981689453,37628900,AAPL
2025-01-10,235.34637451171875,236.85000610351562,240.16000366210938,233.0,240.00999450683594,61710900,AAPL
2025-01-13,232.9119110107422,234.39999389648438,234.6699981689453,229.72000122070312,233.52999877929688,49630700,AAPL
2025-01-14,231.79904174804688,233.27999877929688,236.1199951171875,232.47000122070312,234.75,39435300,AAPL
2025-01-15,236.35987854003906,237.8699951171875,238.9600067138672,234.42999267578125,234.63999938964844,39832000,AAPL
2025-01-16,226.81088256835938,228.25999450683594,238.00999450683594,228.02999877929688,237.35000610351562,71759100,AAPL
2025-01-17,228.51998901367188,229.97999572753906,232.2899932861328,228.47999572753906,232.1199951171875,68488300,AAPL
2025-01-21,221.2265625,222.63999938964844,224.4199981689453,219.3800048828125,224.0,98070400,AAPL
2025-01-22,222.40902709960938,223.8300018310547,224.1199951171875,219.7899932861328,219.7899932861328,64126500,AAPL
2025-01-23,222.24009704589844,223.66000366210938,227.02999877929688,222.3000030517578,224.74000549316406,60234800,AAPL
2025-01-24,221.3656768798828,222.77999877929688,225.6300048828125,221.41000366210938,224.77999877929688,54697900,AAPL
2025-01-27,228.40072631835938,229.86000061035156,232.14999389648438,223.97999572753906,224.02000427246094,94863400,AAPL
2025-01-28,236.74740600585938,238.25999450683594,240.19000244140625,230.80999755859375,230.85000610351562,75707600,AAPL
2025-01-29,237.8404083251953,239.36000061035156,239.86000061035156,234.00999450683594,234.1199951171875,45486100,AAPL
2025-01-30,236.0816650390625,237.58999633789062,240.7899932861328,237.2100067138672,238.6699981689453,55658300,AAPL
2025-01-31,234.50177001953125,236.0,247.19000244140625,233.44000244140625,247.19000244140625,100959800,AAPL
2025-02-03,226.56246948242188,228.00999450683594,231.8300018310547,225.6999969482422,229.99000549316406,73063300,AAPL
2025-02-04,231.32208251953125,232.8000030517578,233.1300048828125,226.64999389648438,227.25,45067300,AAPL
2025-02-05,230.99417114257812,232.47000122070312,232.6699981689453,228.27000427246094,228.52999877929688,39620300,AAPL
2025-02-06,231.73941040039062,233.22000122070312,233.8000030517578,230.42999267578125,231.2899932861328,29925300,AAPL
2025-02-07,226.1848907470703,227.6300048828125,234.0,227.25999450683594,232.60000610351562,39707200,AAPL
2025-02-10,226.45346069335938,227.64999389648438,230.58999633789062,227.1999969482422,229.57000732421875,33115600,AAPL
2025-02-11,231.39735412597656,232.6199951171875,235.22999572753906,228.1300048828125,228.1999969482422,53718400,AAPL
2025-02-12,235.62501525878906,236.8699951171875,236.9600067138672,230.67999267578125,231.1999969482422,45243300,AAPL
2025-02-13,240.26051330566406,241.52999877929688,242.33999633789062,235.57000732421875,236.91000366210938,53614100,AAPL
2025-02-14,243.31439208984375,244.60000610351562,245.5500030517578,240.99000549316406,241.25,40896200,AAPL
2025-02-18,243.18507385253906,244.47000122070312,245.17999267578125,241.83999633789062,244.14999389648438,48822500,AAPL
2025-02-19,243.5829620361328,244.8699951171875,246.00999450683594,243.16000366210938,244.66000366210938,32204200,AAPL
2025-02-20,244.53793334960938,245.8300018310547,246.77999877929688,244.2899932861328,244.94000244140625,32316900,AAPL
2025-02-21,244.2593994140625,245.5500030517578,248.69000244140625,245.22000122070312,245.9499969482422,53197400,AAPL
2025-02-24,245.80125427246094,247.10000610351562,248.86000061035156,244.4199981689453,244.92999267578125,51326400,AAPL
2025-02-25,245.74154663085938,247.0399932861328,250.0,244.91000366210938,248.0,48013300,AAPL
2025-02-26,239.0966796875,240.36000061035156,244.97999572753906,239.1300048828125,244.3300018310547,44433600,AAPL
2025-02-27,236.05274963378906,237.3000030517578,242.4600067138672,237.05999755859375,239.41000366210938,41153600,AAPL
2025-02-28,240.5688934326172,241.83999633789062,242.08999633789062,230.1999969482422,236.9499969482422,56833400,AAPL
2025-03-03,236.77890014648438,238.02999877929688,244.02999877929688,236.11000061035156,241.7899932861328,47184000,AAPL
2025-03-04,234.68994140625,235.92999267578125,240.07000732421875,234.67999267578125,237.7100067138672,53798100,AAPL
2025-03-05,234.50096130371094,235.74000549316406,236.5500030517578,229.22999572753906,235.4199981689453,47227600,AAPL
2025-03-06,234.09312438964844,235.3300018310547,237.86000061035156,233.16000366210938,234.44000244140625,45170400,AAPL
2025-03-07,237.8134765625,239.07000732421875,241.3699951171875,234.75999450683594,235.11000061035156,46273600,AAPL
2025-03-10,226.2843780517578,227.47999572753906,236.16000366210938,224.22000122070312,235.5399932861328,72071200,AAPL
2025-03-11,219.6792755126953,220.83999633789062,225.83999633789062,217.4499969482422,223.80999755859375,76137400,AAPL
2025-03-12,215.8395538330078,216.97999572753906,221.75,214.91000366210938,220.13999938964844,62547500,AAPL
2025-03-13,208.57791137695312,209.67999267578125,216.83999633789062,208.4199981689453,215.9499969482422,61368300,AAPL
2025-03-14,212.36790466308594,213.49000549316406,213.9499969482422,209.5800018310547,211.25,60107600,AAPL
2025-03-17,212.87521362304688,214.0,215.22000122070312,209.97000122070312,213.30999755859375,48073400,AAPL
2025-03-18,211.57211303710938,212.69000244140625,215.14999389648438,211.49000549316406,214.16000366210938,42432400,AAPL
2025-03-19,214.10870361328125,215.24000549316406,218.75999450683594,213.75,214.22000122070312,54385400,AAPL
2025-03-20,212.97470092773438,214.10000610351562,217.49000549316406,212.22000122070312,213.99000549316406,48862900,AAPL
2025-03-21,217.12277221679688,218.27000427246094,218.83999633789062,211.27999877929688,211.55999755859375,94127800,AAPL
2025-03-24,219.56983947753906,220.72999572753906,221.47999572753906,218.5800018310547,221.0,44299500,AAPL
2025-03-25,222.573974609375,223.75,224.10000610351562,220.0800018310547,220.77000427246094,34493600,AAPL
2025-03-26,220.3656463623047,221.52999877929688,225.02000427246094,220.47000122070312,223.50999450683594,34466100,AAPL
2025-03-27,222.67344665527344,223.85000610351562,224.99000549316406,220.55999755859375,221.38999938964844,37094800,AAPL
2025-03-28,216.7547149658203,217.89999389648438,223.80999755859375,217.67999267578125,221.6699981689453,39818600,AAPL
2025-03-31,220.96249389648438,222.1300048828125,225.6199951171875,216.22999572753906,217.00999450683594,65299300,AAPL
2025-04-01,222.0169219970703,223.19000244140625,223.67999267578125,218.89999389648438,219.80999755859375,36412700,AAPL
2025-04-02,222.7132568359375,223.88999938964844,225.19000244140625,221.02000427246094,221.32000732421875,35905900,AAPL
2025-04-03,202.1220245361328,203.19000244140625,207.49000549316406,201.25,205.5399932861328,103419000,AAPL
2025-04-04,187.389892578125,188.3800048828125,199.8800048828125,187.33999633789062,193.88999938964844,125910900,AAPL
2025-04-07,180.50625610351562,181.4600067138672,194.14999389648438,174.6199951171875,177.1999969482422,160466300,AAPL
2025-04-08,171.51373291015625,172.4199981689453,190.33999633789062,169.2100067138672,186.6999969482422,120859500,AAPL
2025-04-09,197.8048553466797,198.85000610351562,200.61000061035156,171.88999938964844,171.9499969482422,184395900,AAPL
2025-04-10,189.4191436767578,190.4199981689453,194.77999877929688,183.0,189.07000732421875,121880000,AAPL
2025-04-11,197.1085205078125,198.14999389648438,199.5399932861328,186.05999755859375,186.10000610351562,87435900,AAPL
2025-04-14,201.45555114746094,202.52000427246094,212.94000244140625,201.16000366210938,211.44000244140625,101352900,AAPL
2025-04-15,201.07754516601562,202.13999938964844,203.50999450683594,199.8000030517578,201.86000061035156,51343900,AAPL
2025-04-16,193.2489013671875,194.27000427246094,200.6999969482422,192.3699951171875,198.36000061035156,59732400,AAPL
2025-04-17,195.94467163085938,196.97999572753906,198.8300018310547,194.4199981689453,197.1999969482422,52164700,AAPL
2025-04-21,192.14476013183594,193.16000366210938,193.8000030517578,189.80999755859375,193.27000427246094,46742500,AAPL
2025-04-22,198.69017028808594,199.74000549316406,201.58999633789062,195.97000122070312,196.1199951171875,52976400,AAPL
2025-04-23,203.52462768554688,204.60000610351562,208.0,202.8000030517578,206.0,52929200,AAPL
2025-04-24,207.27479553222656,208.3699951171875,208.8300018310547,202.94000244140625,204.88999938964844,47311000,AAPL
2025-04-25,208.18002319335938,209.27999877929688,209.75,206.1999969482422,206.3699951171875,38222300,AAPL
2025-04-28,209.03549194335938,210.13999938964844,211.5,207.4600067138672,210.0,38743100,AAPL
2025-04-29,210.0998992919922,211.2100067138672,212.24000549316406,208.3699951171875,208.69000244140625,36827600,AAPL
2025-04-30,211.38308715820312,212.5,213.5800018310547,206.6699981689453,209.3000030517578,52286500,AAPL
2025-05-01,212.19879150390625,213.32000732421875,214.55999755859375,208.89999389648438,209.0800018310547,57365700,AAPL
2025-05-02,204.27069091796875,205.35000610351562,206.99000549316406,202.16000366210938,206.08999633789062,101010600,AAPL
2025-05-05,197.84463500976562,198.88999938964844,204.10000610351562,198.2100067138672,203.10000610351562,69018500,AAPL
2025-05-06,197.4666290283203,198.50999450683594,200.64999389648438,197.02000427246094,198.2100067138672,51216500,AAPL
2025-05-07,195.218505859375,196.25,199.44000244140625,193.25,199.1699981689453,68536700,AAPL
2025-05-08,196.45201110839844,197.49000549316406,200.0500030517578,194.67999267578125,197.72000122070312,50478900,AAPL
2025-05-09,197.48654174804688,198.52999877929688,200.5399932861328,197.5399932861328,199.0,36453900,AAPL
2025-05-12,209.95706176757812,210.7899932861328,211.27000427246094,206.75,210.97000122070312,63775800,AAPL
2025-05-13,212.08859252929688,212.92999267578125,213.39999389648438,209.0,210.42999267578125,51909300,AAPL
2025-05-14,211.490966796875,212.3300018310547,213.94000244140625,210.5800018310547,212.42999267578125,49325800,AAPL
2025-05-15,210.6144561767578,211.4499969482422,212.9600067138672,209.5399932861328,210.9499969482422,45029500,AAPL
2025-05-16,210.42518615722656,211.25999450683594,212.57000732421875,209.77000427246094,212.36000061035156,54737900,AAPL
2025-05-19,207.9550018310547,208.77999877929688,209.47999572753906,204.25999450683594,207.91000366210938,46140500,AAPL
2025-05-20,206.04258728027344,206.86000061035156,208.47000122070312,205.02999877929688,207.6699981689453,42496600,AAPL
2025-05-21,201.2914276123047,202.08999633789062,207.0399932861328,200.7100067138672,205.1699981689453,59211800,AAPL
2025-05-22,200.56431579589844,201.36000061035156,202.75,199.6999969482422,200.7100067138672,46742400,AAPL
2025-05-23,194.49839782714844,195.27000427246094,197.6999969482422,193.4600067138672,193.6699981689453,78432900,AAPL
2025-05-27,199.4188690185547,200.2100067138672,200.74000549316406,197.42999267578125,198.3000030517578,56288500,AAPL
2025-05-28,199.62803649902344,200.4199981689453,202.72999572753906,199.89999389648438,200.58999633789062,45339700,AAPL
2025-05-29,199.15988159179688,199.9499969482422,203.80999755859375,198.50999450683594,203.5800018310547,51396800,AAPL
2025-05-30,200.05633544921875,200.85000610351562,201.9600067138672,196.77999877929688,199.3699951171875,70819900,AAPL
2025-06-02,200.90296936035156,201.6999969482422,202.1300048828125,200.1199951171875,200.27999877929688,35423300,AAPL
2025-06-03,202.46676635742188,203.27000427246094,203.77000427246094,200.9600067138672,201.35000610351562,46381600,AAPL
2025-06-04,202.01856994628906,202.82000732421875,206.24000549316406,202.10000610351562,202.91000366210938,43604000,AAPL
2025-06-05,199.8372039794922,200.6300048828125,204.75,200.14999389648438,203.5,55126100,AAPL
2025-06-06,203.11419677734375,203.9199981689453,205.6999969482422,202.0500030517578,203.0,46607700,AAPL
2025-06-09,200.65394592285156,201.4499969482422,206.0,200.02000427246094,204.38999938964844,72862600,AAPL
2025-06-10,201.869140625,202.6699981689453,204.35000610351562,200.57000732421875,200.60000610351562,54672600,AAPL
2025-06-11,197.9945068359375,198.77999877929688,204.5,198.41000366210938,203.5,60989900,AAPL
2025-06-12,198.41285705566406,199.1999969482422,199.67999267578125,197.36000061035156,199.0800018310547,43904600,AAPL
2025-06-13,195.67372131347656,196.4499969482422,200.3699951171875,195.6999969482422,199.72999572753906,51447300,AAPL
2025-06-16,197.63592529296875,198.4199981689453,198.69000244140625,196.55999755859375,197.3000030517578,43020700,AAPL
2025-06-17,194.86691284179688,195.63999938964844,198.38999938964844,195.2100067138672,197.1999969482422,38856200,AAPL
2025-06-18,195.80320739746094,196.5800018310547,197.57000732421875,195.07000732421875,195.94000244140625,45394700,AAPL
2025-06-20,200.20574951171875,201.0,201.6999969482422,196.86000061035156,198.24000549316406,96813500,AAPL
2025-06-23,200.70375061035156,201.5,202.3000030517578,198.9600067138672,201.6300048828125,55814300,AAPL
2025-06-24,199.50851440429688,200.3000030517578,203.44000244140625,200.1999969482422,202.58999633789062,54064000,AAPL
2025-06-25,200.7635498046875,201.55999755859375,203.6699981689453,200.6199951171875,201.4499969482422,39525700,AAPL
2025-06-26,200.20574951171875,201.0,202.63999938964844,199.4600067138672,201.42999267578125,50799100,AAPL
2025-06-27,200.28543090820312,201.0800018310547,203.22000122070312,200.0,201.88999938964844,73188600,AAPL
2025-06-30,204.3592529296875,205.1699981689453,207.38999938964844,199.25999450683594,202.00999450683594,91912800,AAPL
2025-07-01,206.99879455566406,207.82000732421875,210.19000244140625,206.13999938964844,206.6699981689453,78788900,AAPL
2025-07-02,211.60052490234375,212.44000244140625,213.33999633789062,208.13999938964844,208.91000366210938,67941800,AAPL
2025-07-03,212.70614624023438,213.5500030517578,214.64999389648438,211.80999755859375,212.14999389648438,34955800,AAPL
2025-07-07,209.120361328125,209.9499969482422,216.22999572753906,208.8000030517578,212.67999267578125,50229000,AAPL
2025-07-08,209.1801300048828,210.00999450683594,211.42999267578125,208.4499969482422,210.10000610351562,42848900,AAPL
2025-07-09,210.30567932128906,211.13999938964844,211.3300018310547,207.22000122070312,209.52999877929688,48749400,AAPL
2025-07-10,211.57064819335938,212.41000366210938,213.47999572753906,210.02999877929688,210.50999450683594,44443600,AAPL
2025-07-11,210.32557678222656,211.16000366210938,212.1300048828125,209.86000061035156,210.57000732421875,39765800,AAPL
2025-07-14,207.7956085205078,208.6199951171875,210.91000366210938,207.5399932861328,209.92999267578125,38840100,AAPL
2025-07-15,208.28369140625,209.11000061035156,211.88999938964844,208.9199981689453,209.22000122070312,42296300,AAPL
2025-07-16,209.32955932617188,210.16000366210938,212.39999389648438,208.63999938964844,210.3000030517578,47490500,AAPL
2025-07-17,209.1901092529297,210.02000427246094,211.8000030517578,209.58999633789062,210.57000732421875,48068100,AAPL
2025-07-18,210.3455047607422,211.17999267578125,211.7899932861328,209.6999969482422,210.8699951171875,48974600,AAPL
2025-07-21,211.640380859375,212.47999572753906,215.77999877929688,211.6300048828125,212.10000610351562,51377400,AAPL
2025-07-22,213.5527801513672,214.39999389648438,214.9499969482422,212.22999572753906,213.13999938964844,46404100,AAPL
2025-07-23,213.30377197265625,214.14999389648438,215.14999389648438,212.41000366210938,215.0,46989300,AAPL
2025-07-24,212.91531372070312,213.75999450683594,215.69000244140625,213.52999877929688,213.89999389648438,46022600,AAPL
2025-07-25,213.0348358154297,213.8800048828125,215.24000549316406,213.39999389648438,214.6999969482422,40268800,AAPL
2025-07-28,213.2041778564453,214.0500030517578,214.85000610351562,213.05999755859375,214.02999877929688,37858000,AAPL
2025-07-29,210.43515014648438,211.27000427246094,214.80999755859375,210.82000732421875,214.17999267578125,51411700,AAPL
2025-07-30,208.22393798828125,209.0500030517578,212.38999938964844,207.72000122070312,211.89999389648438,45512500,AAPL
2025-07-31,206.74978637695312,207.57000732421875,209.83999633789062,207.16000366210938,208.49000549316406,80698400,AAPL
2025-08-01,201.58030700683594,202.3800048828125,213.5800018310547,201.5,210.8699951171875,104434500,AAPL
2025-08-04,202.5464630126953,203.35000610351562,207.8800048828125,201.67999267578125,204.50999450683594,75109300,AAPL
2025-08-05,202.11814880371094,202.9199981689453,205.33999633789062,202.16000366210938,203.39999389648438,44155100,AAPL
2025-08-06,212.40733337402344,213.25,215.3800048828125,205.58999633789062,205.6300048828125,108483100,AAPL
2025-08-07,219.16053771972656,220.02999877929688,220.85000610351562,216.5800018310547,218.8800048828125,90224800,AAPL
2025-08-08,228.44371032714844,229.35000610351562,231.0,219.25,220.8300018310547,113854000,AAPL
2025-08-11,226.53909301757812,227.17999267578125,229.55999755859375,224.75999450683594,227.9199981689453,61806100,AAPL
2025-08-12,229.00213623046875,229.64999389648438,230.8000030517578,227.07000732421875,228.00999450683594,55626200,AAPL
2025-08-13,232.6717529296875,233.3300018310547,235.0,230.42999267578125,231.07000732421875,69878500,AAPL
2025-08-14,232.12330627441406,232.77999877929688,235.1199951171875,230.85000610351562,234.05999755859375,51916300,AAPL
2025-08-15,230.93666076660156,231.58999633789062,234.27999877929688,229.33999633789062,234.0,56038700,AAPL
2025-08-18,230.23863220214844,230.88999938964844,233.1199951171875,230.11000061035156,231.6999969482422,37476200,AAPL
2025-08-19,229.90956115722656,230.55999755859375,232.8699951171875,229.35000610351562,231.27999877929688,39402600,AAPL
2025-08-20,225.3723907470703,226.00999450683594,230.47000122070312,225.77000427246094,229.97999572753906,42263900,AAPL
2025-08-21,224.26551818847656,224.89999389648438,226.52000427246094,223.77999877929688,226.27000427246094,30621200,AAPL
2025-08-22,227.11746215820312,227.75999450683594,229.08999633789062,225.41000366210938,226.1699981689453,42477800,AAPL
2025-08-25,226.5191650390625,227.16000366210938,229.3000030517578,226.22999572753906,226.47999572753906,30983100,AAPL
2025-08-26,228.6630859375,229.30999755859375,229.49000549316406,224.69000244140625,226.8699951171875,54575100,AAPL
2025-08-27,229.83978271484375,230.49000549316406,230.89999389648438,228.25999450683594,228.61000061035156,31259500,AAPL
2025-08-28,231.90391540527344,232.55999755859375,233.41000366210938,229.33999633789062,230.82000732421875,38074700,AAPL
2025-08-29,231.485107421875,232.13999938964844,233.3800048828125,231.3699951171875,232.50999450683594,39418400,AAPL
2025-09-02,229.07192993164062,229.72000122070312,230.85000610351562,226.97000122070312,229.25,44075600,AAPL
2025-09-03,237.79725646972656,238.47000122070312,238.85000610351562,234.36000061035156,237.2100067138672,66427800,AAPL
2025-09-04,239.10353088378906,239.77999877929688,239.89999389648438,236.74000549316406,238.4499969482422,47549400,AAPL
2025-09-05,239.01380920410156,239.69000244140625,241.32000732421875,238.49000549316406,240.0,54870400,AAPL
2025-09-08,237.20892333984375,237.8800048828125,240.14999389648438,236.33999633789062,239.3000030517578,48999500,AAPL
2025-09-09,233.6888885498047,234.35000610351562,238.77999877929688,233.36000061035156,237.0,66313900,AAPL
2025-09-10,226.1501922607422,226.7899932861328,232.4199981689453,225.9499969482422,232.19000244140625,83440800,AAPL
2025-09-11,229.38107299804688,230.02999877929688,230.4499969482422,226.64999389648438,226.8800048828125,50208600,AAPL
2025-09-12,233.40968322753906,234.07000732421875,234.50999450683594,229.02000427246094,229.22000122070312,55824200,AAPL
2025-09-15,236.03224182128906,236.6999969482422,238.19000244140625,235.02999877929688,237.0,42699500,AAPL
2025-09-16,237.4781494140625,238.14999389648438,241.22000122070312,236.32000732421875,237.17999267578125,63421100,AAPL
2025-09-17,238.3157958984375,238.99000549316406,240.10000610351562,237.72999572753906,238.97000122070312,46508000,AAPL
2025-09-18,237.20892333984375,237.8800048828125,241.1999969482422,236.64999389648438,239.97000122070312,44249600,AAPL
2025-09-19,244.8074188232422,245.5,246.3000030517578,240.2100067138672,241.22999572753906,163741300,AAPL
2025-09-22,255.35755920410156,256.0799865722656,256.6400146484375,248.1199951171875,248.3000030517578,105517400,AAPL
2025-09-23,253.7122344970703,254.42999267578125,257.3399963378906,253.5800018310547,255.8800048828125,60275200,AAPL
2025-09-24,251.59820556640625,252.30999755859375,255.74000549316406,251.0399932861328,255.22000122070312,42303700,AAPL
2025-09-25,256.14532470703125,256.8699951171875,257.1700134277344,251.7100067138672,253.2100067138672,55202100,AAPL
2025-09-26,254.7393341064453,255.4600067138672,257.6000061035156,253.77999877929688,254.10000610351562,46076300,AAPL
2025-09-29,253.7122344970703,254.42999267578125,255.0,253.00999450683594,254.55999755859375,40127700,AAPL
2025-09-30,253.9116668701172,254.6300048828125,255.9199981689453,253.11000061035156,254.86000061035156,37704300,AAPL
2025-10-01,254.72933959960938,255.4499969482422,258.7900085449219,254.92999267578125,255.0399932861328,48713900,AAPL
2025-10-02,256.40460205078125,257.1300048828125,258.17999267578125,254.14999389648438,256.5799865722656,42630200,AAPL
2025-10-03,257.2920837402344,258.0199890136719,259.239990234375,253.9499969482422,254.6699981689453,49155600,AAPL
2025-10-06,255.9658660888672,256.69000244140625,259.07000732421875,255.0500030517578,257.989990234375,44664100,AAPL
2025-10-07,255.75645446777344,256.4800109863281,257.3999938964844,255.42999267578125,256.80999755859375,31955800,AAPL
2025-10-08,257.33197021484375,258.05999755859375,258.5199890136719,256.1099853515625,256.5199890136719,36496900,AAPL
2025-10-09,253.32330322265625,254.0399932861328,258.0,253.13999938964844,257.80999755859375,38322000,AAPL
2025-10-10,244.57806396484375,245.27000427246094,256.3800048828125,244.0,254.94000244140625,61999100,AAPL
2025-10-13,246.96133422851562,247.66000366210938,249.69000244140625,245.55999755859375,249.3800048828125,38142900,AAPL
2025-10-14,247.07101440429688,247.77000427246094,248.85000610351562,244.6999969482422,246.60000610351562,35478000,AAPL
2025-10-15,248.63658142089844,249.33999633789062,251.82000732421875,247.47000122070312,249.49000549316406,33893600,AAPL
2025-10-16,246.7519073486328,247.4499969482422,249.0399932861328,245.1300048828125,248.25,39777000,AAPL
2025-10-17,251.5782470703125,252.2899932861328,253.3800048828125,247.27000427246094,248.02000427246094,49147000,AAPL
2025-10-20,261.50018310546875,262.239990234375,264.3800048828125,255.6300048828125,255.88999938964844,90483000,AAPL
2025-10-21,262.0286865234375,262.7699890136719,265.2900085449219,261.8299865722656,261.8800048828125,46695900,AAPL
2025-10-22,257.7209167480469,258.45001220703125,262.8500061035156,255.42999267578125,262.6499938964844,45015300,AAPL
2025-10-23,258.8476867675781,259.5799865722656,260.6199951171875,258.010009765625,259.94000244140625,32754900,AAPL
2025-10-24,262.07855224609375,262.82000732421875,264.1300048828125,259.17999267578125,261.19000244140625,38253700,AAPL
2025-10-27,268.0516357421875,268.80999755859375,269.1199951171875,264.6499938964844,264.8800048828125,44888200,AAPL
2025-10-28,268.2410888671875,269.0,269.8900146484375,268.1499938964844,268.989990234375,41534800,AAPL
2025-10-29,268.93914794921875,269.70001220703125,271.4100036621094,267.1099853515625,269.2799987792969,51086700,AAPL
2025-10-30,270.63433837890625,271.3999938964844,274.1400146484375,268.4800109863281,271.989990234375,69886500,AAPL
2025-10-31,269.60723876953125,270.3699951171875,277.32000732421875,269.1600036621094,276.989990234375,86167100,AAPL
2025-11-03,268.2909851074219,269.04998779296875,270.8500061035156,266.25,270.4200134277344,50194600,AAPL
2025-11-04,269.2781982421875,270.0400085449219,271.489990234375,267.6199951171875,268.3299865722656,49274800,AAPL
2025-11-05,269.3778991699219,270.1400146484375,271.70001220703125,266.92999267578125,268.6099853515625,43683100,AAPL
2025-11-06,269.0089416503906,269.7699890136719,273.3999938964844,267.8900146484375,267.8900146484375,51204000,AAPL
2025-11-07,267.7126159667969,268.4700012207031,272.2900085449219,266.7699890136719,269.79998779296875,48227400,AAPL
2025-11-10,268.9303283691406,269.42999267578125,273.7300109863281,267.4599914550781,268.9599914550781,41312400,AAPL
2025-11-11,274.73956298828125,275.25,275.9100036621094,269.79998779296875,269.80999755859375,46208300,AAPL
2025-11-12,272.962890625,273.4700012207031,275.7300109863281,271.70001220703125,275.0,48398000,AAPL
2025-11-13,272.4438171386719,272.95001220703125,276.70001220703125,272.0899963378906,274.1099853515625,49602800,AAPL
2025-11-14,271.90484619140625,272.4100036621094,275.9599914550781,269.6000061035156,271.04998779296875,47431300,AAPL
2025-11-17,266.9639892578125,267.4599914550781,270.489990234375,265.7300109863281,268.82000732421875,45018300,AAPL
2025-11-18,266.94403076171875,267.44000244140625,270.7099914550781,265.32000732421875,269.989990234375,45677300,AAPL
2025-11-19,268.0619812011719,268.55999755859375,272.2099914550781,265.5,265.5299987792969,40424500,AAPL
2025-11-20,265.7562561035156,266.25,275.42999267578125,265.9200134277344,270.8299865722656,45823600,AAPL
2025-11-21,270.98651123046875,271.489990234375,273.3299865722656,265.6700134277344,265.95001220703125,59030800,AAPL
2025-11-24,275.4083557128906,275.9200134277344,277.0,270.8999938964844,270.8999938964844,65585800,AAPL
2025-11-25,276.45635986328125,276.9700012207031,280.3800048828125,275.25,275.2699890136719,46914200,AAPL
2025-11-26,277.0353088378906,277.54998779296875,279.5299987792969,276.6300048828125,276.9599914550781,33431400,AAPL
2025-11-28,278.3328857421875,278.8500061035156,279.0,275.989990234375,277.260009765625,20135600,AAPL
2025-12-01,282.57501220703125,283.1000061035156,283.4200134277344,276.1400146484375,278.010009765625,46587700,AAPL
2025-12-02,285.6592712402344,286.19000244140625,287.3999938964844,282.6300048828125,283.0,53669500,AAPL
2025-12-03,283.623046875,284.1499938964844,288.6199951171875,283.29998779296875,286.20001220703125,43538700,AAPL
2025-12-04,280.179443359375,280.70001220703125,284.7300109863281,278.5899963378906,284.1000061035156,43989100,AAPL
2025-12-05,278.26300048828125,278.7799987792969,281.1400146484375,278.04998779296875,280.5400085449219,47265800,AAPL
2025-12-08,277.3746643066406,277.8900146484375,279.6700134277344,276.1499938964844,278.1300048828125,38211800,AAPL
2025-12-09,276.6659851074219,277.17999267578125,280.0299987792969,276.9200134277344,278.1600036621094,32193300,AAPL
2025-12-10,278.26300048828125,278.7799987792969,279.75,276.44000244140625,277.75,33038300,AAPL
2025-12-11,277.514404296875,278.0299987792969,279.5899963378906,273.80999755859375,279.1000061035156,33248000,AAPL
2025-12-12,277.763916015625,278.2799987792969,279.2200012207031,276.82000732421875,277.8999938964844,39532900,AAPL
2025-12-15,273.6016540527344,274.1099853515625,280.1499938964844,272.8399963378906,280.1499938964844,50409100,AAPL
2025-12-16,274.1007385253906,274.6099853515625,275.5,271.7900085449219,272.82000732421875,37648600,AAPL
2025-12-17,271.33587646484375,271.8399963378906,276.1600036621094,271.6400146484375,275.010009765625,50138700,AAPL
2025-12-18,271.68524169921875,272.19000244140625,273.6300048828125,266.95001220703125,273.6099853515625,51630700,AAPL
2025-12-19,273.1625061035156,273.6700134277344,274.6000061035156,269.8999938964844,272.1499938964844,144632000,AAPL
2025-12-22,270.4674987792969,270.9700012207031,273.8800048828125,270.510009765625,272.8599853515625,36571800,AAPL
2025-12-23,271.85491943359375,272.3599853515625,272.5,269.55999755859375,270.8399963378906,29642000,AAPL
2025-12-24,273.3022155761719,273.80999755859375,275.42999267578125,272.20001220703125,272.3399963378906,17910600,AAPL
2025-12-26,272.89300537109375,273.3999938964844,275.3699951171875,272.8599853515625,274.1600036621094,21521800,AAPL
2025-12-29,273.2523498535156,273.760009765625,274.3599853515625,272.3500061035156,272.69000244140625,23715200,AAPL
2025-12-30,272.57354736328125,273.0799865722656,274.0799865722656,272.2799987792969,272.80999755859375,22139600,AAPL
2020-01-02,151.82955932617188,160.6199951171875,160.72999572753906,158.3300018310547,158.77999877929688,22622100,MSFT
2020-01-03,149.93899536132812,158.6199951171875,159.9499969482422,158.05999755859375,158.32000732421875,21116200,MSFT
2020-01-06,150.32656860351562,159.02999877929688,159.10000610351562,156.50999450683594,157.0800018310547,20813700,MSFT
2020-01-07,148.95591735839844,157.5800018310547,159.6699981689453,157.32000732421875,159.32000732421875,21634100,MSFT
2020-01-08,151.32858276367188,160.08999633789062,160.8000030517578,157.9499969482422,158.92999267578125,27746500,MSFT
2020-01-09,153.2191162109375,162.08999633789062,162.22000122070312,161.02999877929688,161.83999633789062,21385000,MSFT
2020-01-10,152.5101776123047,161.33999633789062,163.22000122070312,161.17999267578125,162.82000732421875,20725900,MSFT
2020-01-13,154.34397888183594,163.27999877929688,163.30999755859375,161.25999450683594,161.75999450683594,21626500,MSFT
2020-01-14,153.25692749023438,162.1300048828125,163.60000610351562,161.72000122070312,163.38999938964844,23477400,MSFT
2020-01-15,154.24942016601562,163.17999267578125,163.94000244140625,162.57000732421875,162.6199951171875,21417900,MSFT
2020-01-16,157.07577514648438,166.1699981689453,166.24000549316406,164.02999877929688,164.35000610351562,23865400,MSFT
2020-01-17,157.95492553710938,167.10000610351562,167.47000122070312,165.42999267578125,167.4199981689453,34371700,MSFT
2020-01-21,157.38775634765625,166.5,168.19000244140625,166.42999267578125,166.67999267578125,29517200,MSFT
2020-01-22,156.63153076171875,165.6999969482422,167.49000549316406,165.67999267578125,167.39999389648438,24138800,MSFT
2020-01-23,157.59573364257812,166.72000122070312,166.8000030517578,165.27000427246094,166.19000244140625,19680800,MSFT
2020-01-24,156.00762939453125,165.0399932861328,167.52999877929688,164.4499969482422,167.50999450683594,24918100,MSFT
2020-01-27,153.3987579345703,162.27999877929688,163.3800048828125,160.1999969482422,161.14999389648438,32078100,MSFT
2020-01-28,156.40467834472656,165.4600067138672,165.75999450683594,163.07000732421875,163.77999877929688,24899900,MSFT
2020-01-29,158.84344482421875,168.0399932861328,168.75,165.69000244140625,167.83999633789062,34754500,MSFT
2020-01-30,163.32406616210938,172.77999877929688,174.0500030517578,170.7899932861328,174.0500030517578,51597500,MSFT
2020-01-31,160.9136199951172,170.22999572753906,172.39999389648438,169.5800018310547,172.2100067138672,36142700,MSFT
2020-02-03,164.83653259277344,174.3800048828125,174.5,170.39999389648438,170.42999267578125,30107000,MSFT
2020-02-04,170.26239013671875,180.1199951171875,180.63999938964844,176.30999755859375,177.13999938964844,36433300,MSFT
2020-02-05,170.05438232421875,179.89999389648438,184.1999969482422,178.41000366210938,184.02999877929688,39186300,MSFT
2020-02-06,173.58023071289062,183.6300048828125,183.82000732421875,180.05999755859375,180.97000122070312,27751400,MSFT
2020-02-07,173.82603454589844,183.88999938964844,185.6300048828125,182.47999572753906,182.85000610351562,33529100,MSFT
2020-02-10,178.37281799316406,188.6999969482422,188.83999633789062,183.25,183.5800018310547,35844300,MSFT
2020-02-11,174.345947265625,184.44000244140625,190.6999969482422,183.5,190.64999389648438,53159900,MSFT
2020-02-12,174.60116577148438,184.7100067138672,185.85000610351562,181.85000610351562,185.5800018310547,47062900,MSFT
2020-02-13,173.65589904785156,183.7100067138672,186.22999572753906,182.8699951171875,183.0800018310547,35295800,MSFT
2020-02-14,175.20614624023438,185.35000610351562,185.41000366210938,182.64999389648438,183.25,23149500,MSFT
2020-02-18,176.98326110839844,187.22999572753906,187.6999969482422,185.5,185.61000061035156,27792200,MSFT
2020-02-19,177.51405334472656,187.27999877929688,188.17999267578125,186.47000122070312,188.05999755859375,29997500,MSFT
2020-02-20,174.8031768798828,184.4199981689453,187.25,181.10000610351562,186.9499969482422,36862400,MSFT
2020-02-21,169.2771759033203,178.58999633789062,183.5,177.25,183.1699981689453,48572600,MSFT
2020-02-24,161.9787139892578,170.88999938964844,174.5500030517578,163.22999572753906,167.77000427246094,68311100,MSFT
2020-02-25,159.30580139160156,168.07000732421875,174.83999633789062,167.64999389648438,174.1999969482422,68073300,MSFT
2020-02-26,161.29624938964844,170.1699981689453,173.25999450683594,168.2100067138672,169.7100067138672,56206100,MSFT
2020-02-27,149.9314422607422,158.17999267578125,167.02999877929688,157.97999572753906,163.32000732421875,93174900,MSFT
2020-02-28,153.56179809570312,162.00999450683594,163.7100067138672,152.0,152.41000366210938,97012700,MSFT
2020-03-02,163.7796173095703,172.7899932861328,172.9199981689453,162.30999755859375,165.30999755859375,71030800,MSFT
2020-03-03,155.93138122558594,164.50999450683594,175.0,162.25999450683594,173.8000030517578,71677000,MSFT
2020-03-04,161.65647888183594,170.5500030517578,170.6999969482422,165.6199951171875,168.49000549316406,49814400,MSFT
2020-03-05,157.599609375,166.27000427246094,170.8699951171875,165.69000244140625,166.0500030517578,47817300,MSFT
2020-03-06,153.14474487304688,161.57000732421875,163.11000061035156,156.0,162.61000061035156,72821100,MSFT
2020-03-09,142.7657012939453,150.6199951171875,157.75,150.0,151.0,70419300,MSFT
2020-03-10,152.52859497070312,160.9199981689453,161.02999877929688,152.5800018310547,158.16000366210938,65354400,MSFT
2020-03-11,145.61875915527344,153.6300048828125,157.6999969482422,151.14999389648438,157.1300048828125,56371600,MSFT
2020-03-12,131.8085174560547,139.05999755859375,153.47000122070312,138.5800018310547,145.3000030517578,93226400,MSFT
2020-03-13,150.547607421875,158.8300018310547,161.91000366210938,140.72999572753906,147.5,92727400,MSFT
2020-03-16,128.35836791992188,135.4199981689453,149.35000610351562,135.0,140.0,87905900,MSFT
2020-03-17,138.9269256591797,146.57000732421875,147.5,135.0,140.0,81059800,MSFT
2020-03-18,133.0786590576172,140.39999389648438,146.0,135.02000427246094,138.0,81593200,MSFT
2020-03-19,135.26821899414062,142.7100067138672,150.14999389648438,139.0,142.77000427246094,85922700,MSFT
2020-03-20,130.18771362304688,137.35000610351562,147.10000610351562,135.86000061035156,146.0,84866200,MSFT
2020-03-23,128.88912963867188,135.97999572753906,140.57000732421875,132.52000427246094,137.00999450683594,78975200,MSFT
2020-03-24,140.60459899902344,148.33999633789062,149.60000610351562,141.27000427246094,143.75,82516700,MSFT
2020-03-25,139.25863647460938,146.9199981689453,154.3300018310547,144.44000244140625,148.91000366210938,75638200,MSFT
2020-03-26,147.96949768066406,156.11000061035156,156.66000366210938,148.3699951171875,148.39999389648438,64568100,MSFT
2020-03-27,141.8937225341797,149.6999969482422,154.88999938964844,149.1999969482422,151.75,57042300,MSFT
2020-03-30,151.8745574951172,160.22999572753906,160.60000610351562,150.00999450683594,152.44000244140625,63420300,MSFT
2020-03-31,149.48597717285156,157.7100067138672,164.77999877929688,156.55999755859375,159.39999389648438,77927200,MSFT
2020-04-01,144.1780242919922,152.11000061035156,157.75,150.82000732421875,153.0,57969900,MSFT
2020-04-02,147.16375732421875,155.25999450683594,155.47999572753906,150.36000061035156,151.86000061035156,49630700,MSFT
2020-04-03,145.80831909179688,153.8300018310547,157.3800048828125,152.19000244140625,155.10000610351562,41243300,MSFT
2020-04-06,156.65176391601562,165.27000427246094,166.5,157.5800018310547,160.32000732421875,67111700,MSFT
2020-04-07,154.96461486816406,163.49000549316406,170.0,163.25999450683594,169.58999633789062,62769000,MSFT
2020-04-08,156.5190887451172,165.1300048828125,166.6699981689453,163.5,165.6699981689453,48318200,MSFT
2020-04-09,156.528564453125,165.13999938964844,167.3699951171875,163.3300018310547,166.36000061035156,51385100,MSFT
2020-04-13,156.87924194335938,165.50999450683594,165.57000732421875,162.3000030517578,164.35000610351562,41905300,MSFT
2020-04-14,164.64215087890625,173.6999969482422,173.75,168.0,169.0,52874300,MSFT
2020-04-15,162.91709899902344,171.8800048828125,173.57000732421875,169.24000549316406,171.1999969482422,40940800,MSFT
2020-04-16,167.8079833984375,177.0399932861328,177.27999877929688,172.89999389648438,174.3000030517578,50479600,MSFT
2020-04-17,169.28665161132812,178.60000610351562,180.0,175.8699951171875,179.5,52765600,MSFT
2020-04-20,165.9312744140625,175.05999755859375,178.75,174.99000549316406,176.6300048828125,36669600,MSFT
2020-04-21,159.0688018798828,167.82000732421875,173.6699981689453,166.11000061035156,173.5,56203700,MSFT
2020-04-22,164.47154235839844,173.52000427246094,174.0,170.82000732421875,171.38999938964844,34620200,MSFT
2020-04-23,162.4810791015625,171.4199981689453,175.05999755859375,170.91000366210938,174.11000061035156,32790800,MSFT
2020-04-24,165.44786071777344,174.5500030517578,174.55999755859375,170.7100067138672,172.05999755859375,34277600,MSFT
2020-04-27,164.9739227294922,174.0500030517578,176.89999389648438,173.3000030517578,176.58999633789062,33194400,MSFT
2020-04-28,160.9550323486328,169.80999755859375,175.6699981689453,169.38999938964844,175.58999633789062,34392700,MSFT
2020-04-29,168.17767333984375,177.42999267578125,177.67999267578125,171.8800048828125,173.22000122070312,51286600,MSFT
2020-04-30,169.86483764648438,179.2100067138672,180.39999389648438,176.22999572753906,180.0,53875900,MSFT
2020-05-01,165.46681213378906,174.57000732421875,178.63999938964844,174.00999450683594,175.8000030517578,39370500,MSFT
2020-05-04,169.5141143798828,178.83999633789062,179.0,173.8000030517578,174.49000549316406,30372900,MSFT
2020-05-05,171.333984375,180.75999450683594,183.64999389648438,179.89999389648438,180.6199951171875,36839200,MSFT
2020-05-06,173.02120971679688,182.5399932861328,184.1999969482422,181.6300048828125,182.0800018310547,32139300,MSFT
2020-05-07,174.0259246826172,183.60000610351562,184.5500030517578,182.5800018310547,184.1699981689453,28316000,MSFT
2020-05-08,175.04962158203125,184.67999267578125,185.0,183.36000061035156,184.97999572753906,30877800,MSFT
2020-05-11,177.00218200683594,186.74000549316406,187.50999450683594,182.85000610351562,183.14999389648438,30892700,MSFT
2020-05-12,172.9927978515625,182.50999450683594,187.0399932861328,182.3000030517578,186.8000030517578,32038200,MSFT
2020-05-13,170.376708984375,179.75,184.0500030517578,176.5399932861328,182.5500030517578,44711500,MSFT
2020-05-14,171.1160125732422,180.52999877929688,180.69000244140625,175.67999267578125,177.5399932861328,41873900,MSFT
2020-05-15,173.60887145996094,183.16000366210938,187.05999755859375,177.0,179.05999755859375,46610400,MSFT
2020-05-18,175.26763916015625,184.91000366210938,186.1999969482422,183.9600067138672,185.75,35264500,MSFT
2020-05-19,174.05438232421875,183.6300048828125,186.60000610351562,183.49000549316406,185.02999877929688,26799100,MSFT
2020-05-20,176.46864318847656,185.66000366210938,185.85000610351562,183.94000244140625,184.80999755859375,31261300,MSFT
2020-05-21,174.34901428222656,183.42999267578125,186.6699981689453,183.2899932861328,185.39999389648438,29119500,MSFT
2020-05-22,174.425048828125,183.50999450683594,184.4600067138672,182.5399932861328,183.19000244140625,20826900,MSFT
2020-05-26,172.5811004638672,181.57000732421875,186.5,181.10000610351562,186.33999633789062,36073600,MSFT
2020-05-27,172.80921936035156,181.80999755859375,181.99000549316406,176.60000610351562,180.1999969482422,39517100,MSFT
2020-05-28,172.4195098876953,181.39999389648438,184.14999389648438,180.3800048828125,180.74000549316406,33810200,MSFT
2020-05-29,174.17794799804688,183.25,184.27000427246094,180.41000366210938,182.72999572753906,42130400,MSFT
2020-06-01,173.7787322998047,182.8300018310547,183.0,181.4600067138672,182.5399932861328,22622400,MSFT
2020-06-02,175.7557373046875,184.91000366210938,185.0,181.35000610351562,184.25,30794600,MSFT
2020-06-03,176.18348693847656,185.36000061035156,185.94000244140625,183.5800018310547,184.82000732421875,27311000,MSFT
2020-06-04,173.8642578125,182.9199981689453,185.83999633789062,182.3000030517578,184.3000030517578,28761800,MSFT
2020-06-05,177.93240356445312,187.1999969482422,187.72999572753906,182.00999450683594,182.6199951171875,39893600,MSFT
2020-06-08,179.03497314453125,188.36000061035156,188.5500030517578,184.44000244140625,185.94000244140625,33211600,MSFT
2020-06-09,180.40365600585938,189.8000030517578,190.6999969482422,187.25999450683594,188.0,29783900,MSFT
2020-06-10,187.0951385498047,196.83999633789062,198.52000427246094,191.00999450683594,191.1300048828125,43872300,MSFT
2020-06-11,177.04840087890625,186.27000427246094,195.75999450683594,186.07000732421875,193.1300048828125,52854700,MSFT
2020-06-12,178.44569396972656,187.74000549316406,191.72000122070312,185.17999267578125,190.5399932861328,43373600,MSFT
2020-06-15,179.5862274169922,188.94000244140625,190.82000732421875,184.00999450683594,184.5800018310547,32770200,MSFT
2020-06-16,183.987060546875,193.57000732421875,195.5800018310547,191.4600067138672,192.88999938964844,42556700,MSFT
2020-06-17,184.6238555908203,194.24000549316406,196.32000732421875,193.69000244140625,195.02999877929688,25687800,MSFT
2020-06-18,186.6008758544922,196.32000732421875,196.49000549316406,194.0,194.0,23061600,MSFT
2020-06-19,185.48880004882812,195.14999389648438,199.2899932861328,194.3699951171875,198.58999633789062,44441100,MSFT
2020-06-22,190.6405029296875,200.57000732421875,200.75999450683594,195.22999572753906,195.7899932861328,32818900,MSFT
2020-06-23,191.9141387939453,201.91000366210938,203.9499969482422,201.42999267578125,202.08999633789062,30917400,MSFT
2020-06-24,188.045654296875,197.83999633789062,203.25,196.55999755859375,201.60000610351562,36740600,MSFT
2020-06-25,190.42184448242188,200.33999633789062,200.61000061035156,195.47000122070312,197.8000030517578,27803900,MSFT
2020-06-26,186.61036682128906,196.3300018310547,199.88999938964844,194.8800048828125,199.72999572753906,54675800,MSFT
2020-06-29,188.615966796875,198.44000244140625,198.52999877929688,193.5500030517578,195.77999877929688,26701600,MSFT
2020-06-30,193.4349365234375,203.50999450683594,204.39999389648438,197.74000549316406,197.8800048828125,34310300,MSFT
2020-07-01,194.5659942626953,204.6999969482422,206.35000610351562,201.77000427246094,203.13999938964844,32061200,MSFT
2020-07-02,196.0487823486328,206.25999450683594,208.02000427246094,205.0,205.67999267578125,29315800,MSFT
2020-07-06,200.26895141601562,210.6999969482422,211.1300048828125,208.08999633789062,208.8300018310547,31897600,MSFT
2020-07-07,197.94027709960938,208.25,214.6699981689453,207.99000549316406,210.4499969482422,33600700,MSFT
2020-07-08,202.29354858398438,212.8300018310547,213.25999450683594,208.69000244140625,210.07000732421875,33600000,MSFT
2020-07-09,203.70977783203125,214.32000732421875,216.3800048828125,211.47000122070312,216.3300018310547,33121700,MSFT
2020-07-10,203.09194946289062,213.6699981689453,214.0800018310547,211.0800018310547,213.6199951171875,26177600,MSFT
2020-07-13,196.8186798095703,207.07000732421875,215.8000030517578,206.5,214.47999572753906,38135600,MSFT
2020-07-14,198.03533935546875,208.35000610351562,208.85000610351562,202.02999877929688,206.1300048828125,37591800,MSFT
2020-07-15,197.74066162109375,208.0399932861328,211.3300018310547,205.02999877929688,209.55999755859375,32179400,MSFT
2020-07-16,193.82467651367188,203.9199981689453,205.6999969482422,202.30999755859375,205.39999389648438,29940700,MSFT
2020-07-17,192.83609008789062,202.8800048828125,205.0399932861328,201.38999938964844,204.47000122070312,31635300,MSFT
2020-07-20,201.12440490722656,211.60000610351562,212.3000030517578,203.00999450683594,205.0,36884800,MSFT
2020-07-21,198.41552734375,208.75,213.94000244140625,208.02999877929688,213.66000366210938,37990400,MSFT
2020-07-22,201.26695251464844,211.75,212.3000030517578,208.38999938964844,209.1999969482422,49605700,MSFT
2020-07-23,192.51290893554688,202.5399932861328,210.9199981689453,202.14999389648438,207.19000244140625,67457000,MSFT
2020-07-24,191.3343505859375,201.3000030517578,202.86000061035156,197.50999450683594,200.4199981689453,39827000,MSFT
2020-07-27,193.75811767578125,203.85000610351562,203.97000122070312,200.86000061035156,201.47000122070312,30160900,MSFT
2020-07-28,192.0187225341797,202.02000427246094,204.6999969482422,201.74000549316406,203.61000061035156,23251400,MSFT
2020-07-29,193.95770263671875,204.05999755859375,204.64999389648438,202.00999450683594,202.5,19632600,MSFT
2020-07-30,193.80563354492188,203.89999389648438,204.4600067138672,199.57000732421875,201.0,25079600,MSFT
2020-07-31,194.8606414794922,205.00999450683594,205.10000610351562,199.00999450683594,204.39999389648438,51044000,MSFT
2020-08-03,205.81988525390625,216.5399932861328,217.63999938964844,210.44000244140625,211.52000427246094,78983000,MSFT
2020-08-04,202.7307586669922,213.2899932861328,214.77000427246094,210.30999755859375,214.1699981689453,49280100,MSFT
2020-08-05,202.39808654785156,212.94000244140625,215.0,211.57000732421875,214.89999389648438,28806400,MSFT
2020-08-06,205.6392822265625,216.35000610351562,216.3699951171875,211.5500030517578,212.33999633789062,32656800,MSFT
2020-08-07,201.9608612060547,212.47999572753906,215.6999969482422,210.92999267578125,214.85000610351562,27820400,MSFT
2020-08-10,197.94027709960938,208.25,211.8800048828125,206.35000610351562,211.6699981689453,36716500,MSFT
2020-08-11,193.31141662597656,203.3800048828125,207.64999389648438,203.13999938964844,207.16000366210938,36446500,MSFT
2020-08-12,198.83370971679688,209.19000244140625,210.27999877929688,204.75,205.2899932861328,28013100,MSFT
2020-08-13,198.3679962158203,208.6999969482422,211.35000610351562,208.14999389648438,209.44000244140625,22588900,MSFT
2020-08-14,198.55809020996094,208.89999389648438,209.58999633789062,207.50999450683594,208.75999450683594,17958900,MSFT
2020-08-17,199.8697967529297,210.27999877929688,211.19000244140625,208.9199981689453,209.60000610351562,20184800,MSFT
2020-08-18,201.01988220214844,211.49000549316406,212.36000061035156,209.2100067138672,210.52999877929688,21336200,MSFT
2020-08-19,199.8003387451172,209.6999969482422,212.10000610351562,209.25,211.49000549316406,27627600,MSFT
2020-08-20,204.4499053955078,214.5800018310547,215.0,208.91000366210938,209.5399932861328,26981500,MSFT
2020-08-21,202.96359252929688,213.02000427246094,216.25,212.85000610351562,213.86000061035156,36249300,MSFT
2020-08-24,203.60194396972656,213.69000244140625,215.52000427246094,212.42999267578125,214.7899932861328,25460100,MSFT
2020-08-25,206.25067138671875,216.47000122070312,216.61000061035156,213.10000610351562,213.10000610351562,23043700,MSFT
2020-08-26,210.70974731445312,221.14999389648438,222.08999633789062,217.36000061035156,217.8800048828125,39600800,MSFT
2020-08-27,215.88340759277344,226.5800018310547,231.14999389648438,219.39999389648438,222.88999938964844,57602200,MSFT
2020-08-28,218.1034393310547,228.91000366210938,230.63999938964844,226.5800018310547,228.17999267578125,26292900,MSFT
2020-08-31,214.88299560546875,225.52999877929688,228.6999969482422,224.30999755859375,227.0,28774200,MSFT
2020-09-01,216.54083251953125,227.27000427246094,227.4499969482422,224.42999267578125,225.50999450683594,25725500,MSFT
2020-09-02,220.7140655517578,231.64999389648438,232.86000061035156,227.35000610351562,227.97000122070312,34080800,MSFT
2020-09-03,207.04147338867188,217.3000030517578,229.30999755859375,214.9600067138672,229.27000427246094,58400300,MSFT
2020-09-04,204.13551330566406,214.25,218.36000061035156,205.19000244140625,215.10000610351562,59664100,MSFT
2020-09-08,193.09266662597656,202.66000366210938,210.02999877929688,202.1999969482422,206.5,52924300,MSFT
2020-09-09,201.31524658203125,211.2899932861328,214.83999633789062,206.6999969482422,207.60000610351562,45679000,MSFT
2020-09-10,195.6746826171875,205.3699951171875,214.74000549316406,204.11000061035156,213.39999389648438,35461500,MSFT
2020-09-11,194.39794921875,204.02999877929688,208.6300048828125,201.24000549316406,207.1999969482422,33620100,MSFT
2020-09-14,195.71279907226562,205.41000366210938,209.1999969482422,204.02999877929688,204.24000549316406,30375800,MSFT
2020-09-15,198.92373657226562,208.77999877929688,209.77999877929688,206.92999267578125,208.4199981689453,21823900,MSFT
2020-09-16,195.36981201171875,205.0500030517578,210.64999389648438,204.63999938964844,210.6199951171875,26328100,MSFT
2020-09-17,193.33084106445312,202.91000366210938,204.3300018310547,199.9600067138672,200.0500030517578,34011300,MSFT
2020-09-18,190.9298095703125,200.38999938964844,203.64999389648438,196.25,202.8000030517578,55225300,MSFT
2020-09-21,192.97828674316406,202.5399932861328,202.7100067138672,196.3800048828125,197.19000244140625,39839700,MSFT
2020-09-22,197.62791442871094,207.4199981689453,208.10000610351562,202.0800018310547,205.05999755859375,33517100,MSFT
2020-09-23,191.12037658691406,200.58999633789062,208.10000610351562,200.02999877929688,207.89999389648438,30803800,MSFT
2020-09-24,193.59762573242188,203.19000244140625,205.57000732421875,199.1999969482422,199.85000610351562,31202500,MSFT
2020-09-25,198.00904846191406,207.82000732421875,209.0399932861328,202.5399932861328,203.5500030517578,29437300,MSFT
2020-09-28,199.55255126953125,209.44000244140625,212.57000732421875,208.05999755859375,210.8800048828125,32004900,MSFT
2020-09-29,197.47547912597656,207.25999450683594,210.07000732421875,206.80999755859375,209.35000610351562,24221900,MSFT
2020-09-30,200.4005584716797,210.3300018310547,211.97999572753906,206.5399932861328,207.72999572753906,33829100,MSFT
2020-10-01,202.4300079345703,212.4600067138672,213.99000549316406,211.32000732421875,213.49000549316406,27158400,MSFT
2020-10-02,196.4560089111328,206.19000244140625,210.99000549316406,205.5399932861328,208.0,33154800,MSFT
2020-10-05,200.44818115234375,210.3800048828125,210.41000366210938,206.97999572753906,207.22000122070312,21331600,MSFT
2020-10-06,196.18923950195312,205.91000366210938,210.17999267578125,204.82000732421875,208.82000732421875,28554300,MSFT
2020-10-07,199.92417907714844,209.8300018310547,210.11000061035156,206.72000122070312,207.05999755859375,25681100,MSFT
2020-10-08,200.63882446289062,210.5800018310547,211.19000244140625,208.32000732421875,210.50999450683594,19925800,MSFT
2020-10-09,205.62185668945312,215.80999755859375,215.86000061035156,211.22999572753906,211.22999572753906,26458000,MSFT
2020-10-12,210.9479522705078,221.39999389648438,223.86000061035156,216.80999755859375,218.7899932861328,40461400,MSFT
2020-10-13,212.3389892578125,222.86000061035156,225.2100067138672,220.42999267578125,222.72000122070312,28950800,MSFT
2020-10-14,210.43344116210938,220.86000061035156,224.22000122070312,219.1300048828125,223.0,23421700,MSFT
2020-10-15,209.29010009765625,219.66000366210938,220.36000061035156,216.00999450683594,217.10000610351562,22733100,MSFT
2020-10-16,209.29010009765625,219.66000366210938,222.2899932861328,219.32000732421875,220.14999389648438,26057900,MSFT
2020-10-19,204.10690307617188,214.22000122070312,222.3000030517578,213.72000122070312,220.4199981689453,27625800,MSFT
2020-10-20,204.5166015625,214.64999389648438,217.3699951171875,213.08999633789062,215.8000030517578,22753500,MSFT
2020-10-21,204.65956115722656,214.8000030517578,216.9199981689453,213.1199951171875,213.1199951171875,22724900,MSFT
2020-10-22,204.74530029296875,214.88999938964844,216.05999755859375,211.6999969482422,213.92999267578125,22351500,MSFT
2020-10-23,206.0220184326172,216.22999572753906,216.27999877929688,213.16000366210938,215.02999877929688,18879600,MSFT
2020-10-26,200.16238403320312,210.0800018310547,216.33999633789062,208.10000610351562,213.85000610351562,37111600,MSFT
2020-10-27,203.18267822265625,213.25,214.6699981689453,210.3300018310547,211.58999633789062,36700300,MSFT
2020-10-28,193.1116943359375,202.67999267578125,208.83999633789062,202.10000610351562,207.6699981689453,51195600,MSFT
2020-10-29,195.05538940429688,204.72000122070312,207.36000061035156,203.3699951171875,204.07000732421875,31432600,MSFT
2020-10-30,192.9115753173828,202.47000122070312,204.2899932861328,199.6199951171875,203.5,36953700,MSFT
2020-11-02,192.77825927734375,202.3300018310547,205.27999877929688,200.1199951171875,204.2899932861328,30842200,MSFT
2020-11-03,196.6846466064453,206.42999267578125,208.1199951171875,203.1199951171875,203.88999938964844,27512000,MSFT
2020-11-04,206.1744842529297,216.38999938964844,218.32000732421875,212.4199981689453,214.02000427246094,42311800,MSFT
2020-11-05,212.7487030029297,223.2899932861328,224.1199951171875,221.14999389648438,222.0399932861328,36080100,MSFT
2020-11-06,213.15843200683594,223.72000122070312,224.36000061035156,218.02999877929688,222.25999450683594,25231900,MSFT
2020-11-09,208.08004760742188,218.38999938964844,228.1199951171875,217.8800048828125,224.44000244140625,44395000,MSFT
2020-11-10,201.04847717285156,211.00999450683594,216.5,209.72000122070312,214.5,44045100,MSFT
2020-11-11,206.32693481445312,216.5500030517578,218.0399932861328,212.1999969482422,212.38999938964844,29440800,MSFT
2020-11-12,205.2693328857422,215.44000244140625,219.11000061035156,214.4600067138672,217.2100067138672,21593900,MSFT
2020-11-13,206.288818359375,216.50999450683594,217.4199981689453,214.16000366210938,216.36000061035156,18621100,MSFT
2020-11-16,206.97479248046875,217.22999572753906,217.74000549316406,214.52000427246094,214.8699951171875,24953300,MSFT
2020-11-17,204.3356170654297,214.4600067138672,217.67999267578125,214.0800018310547,216.10000610351562,24154100,MSFT
2020-11-18,201.64169311523438,211.0800018310547,215.1699981689453,210.92999267578125,213.64999389648438,28372800,MSFT
2020-11-19,202.92176818847656,212.4199981689453,213.02999877929688,209.92999267578125,211.3800048828125,24792700,MSFT
2020-11-20,200.9825439453125,210.38999938964844,213.2899932861328,210.0,212.1999969482422,22843100,MSFT
2020-11-23,200.71507263183594,210.11000061035156,212.2899932861328,208.16000366210938,210.9499969482422,25683500,MSFT
2020-11-24,204.29737854003906,213.86000061035156,214.25,208.86000061035156,209.58999633789062,33979700,MSFT
2020-11-25,204.3069305419922,213.8699951171875,215.2899932861328,212.4600067138672,215.11000061035156,21012900,MSFT
2020-11-27,205.60614013671875,215.22999572753906,216.27000427246094,214.0399932861328,214.85000610351562,14512200,MSFT
2020-11-30,204.49801635742188,214.07000732421875,214.75999450683594,210.83999633789062,214.10000610351562,33064800,MSFT
2020-12-01,206.54232788085938,216.2100067138672,217.32000732421875,213.35000610351562,214.50999450683594,30904500,MSFT
2020-12-02,205.73989868164062,215.3699951171875,215.47000122070312,212.8000030517578,214.8800048828125,23724500,MSFT
2020-12-03,204.66043090820312,214.24000549316406,216.3800048828125,213.64999389648438,214.61000061035156,25120900,MSFT
2020-12-04,204.77503967285156,214.36000061035156,215.3800048828125,213.17999267578125,214.22000122070312,24666000,MSFT
2020-12-07,204.70816040039062,214.2899932861328,215.5399932861328,212.99000549316406,214.3699951171875,24620000,MSFT
2020-12-08,206.35125732421875,216.00999450683594,216.9499969482422,212.88999938964844,213.97000122070312,23284100,MSFT
2020-12-09,202.32948303222656,211.8000030517578,215.22999572753906,211.2100067138672,215.16000366210938,32440600,MSFT
2020-12-10,201.1067657470703,210.52000427246094,213.0800018310547,210.36000061035156,211.77000427246094,26733300,MSFT
2020-12-11,203.72421264648438,213.25999450683594,213.32000732421875,209.11000061035156,210.0500030517578,30979400,MSFT
2020-12-14,204.6221923828125,214.1999969482422,216.2100067138672,212.8800048828125,213.10000610351562,28798400,MSFT
2020-12-15,204.55532836914062,214.1300048828125,215.4199981689453,212.24000549316406,215.1699981689453,27000600,MSFT
2020-12-16,209.47499084472656,219.27999877929688,220.11000061035156,214.72000122070312,214.75,35023300,MSFT
2020-12-17,209.6087646484375,219.4199981689453,220.88999938964844,217.9199981689453,219.8699951171875,32515800,MSFT
2020-12-18,208.81588745117188,218.58999633789062,219.69000244140625,216.02000427246094,218.58999633789062,63354900,MSFT
2020-12-21,212.6370391845703,222.58999633789062,224.0,217.27999877929688,217.5500030517578,37181900,MSFT
2020-12-22,213.9266815185547,223.94000244140625,225.6300048828125,221.85000610351562,222.69000244140625,22612200,MSFT
2020-12-23,211.1372528076172,221.02000427246094,223.55999755859375,220.8000030517578,223.11000061035156,18699600,MSFT
2020-12-24,212.78990173339844,222.75,223.61000061035156,221.1999969482422,221.4199981689453,10550600,MSFT
2020-12-28,214.9010772705078,224.9600067138672,226.02999877929688,223.02000427246094,224.4499969482422,17933500,MSFT
2020-12-29,214.1272735595703,224.14999389648438,227.17999267578125,223.5800018310547,226.30999755859375,17403200,MSFT
2020-12-30,211.76768493652344,221.67999267578125,225.6300048828125,221.47000122070312,225.22999572753906,20272300,MSFT
2020-12-31,212.4746551513672,222.4199981689453,223.0,219.67999267578125,221.6999969482422,20942100,MSFT
2021-01-04,207.95614624023438,217.69000244140625,223.0,214.80999755859375,222.52999877929688,37130100,MSFT
2021-01-05,208.15673828125,217.89999389648438,218.52000427246094,215.6999969482422,217.25999450683594,23823000,MSFT
2021-01-06,202.75938415527344,212.25,216.49000549316406,211.94000244140625,212.1699981689453,35930700,MSFT
2021-01-07,208.52931213378906,218.2899932861328,219.33999633789062,213.7100067138672,214.0399932861328,27694500,MSFT
2021-01-08,209.7998046875,219.6199951171875,220.5800018310547,217.02999877929688,218.67999267578125,22956200,MSFT
2021-01-11,207.7650909423828,217.49000549316406,218.91000366210938,216.72999572753906,218.47000122070312,23031300,MSFT
2021-01-12,205.3195037841797,214.92999267578125,217.10000610351562,213.32000732421875,216.5,23249300,MSFT
2021-01-13,206.66647338867188,216.33999633789062,216.75999450683594,213.92999267578125,214.02000427246094,20087100,MSFT
2021-01-14,203.49493408203125,213.02000427246094,217.4600067138672,212.74000549316406,215.91000366210938,29480800,MSFT
2021-01-15,203.1414794921875,212.64999389648438,214.50999450683594,212.02999877929688,213.52000427246094,31746500,MSFT
2021-01-19,206.76199340820312,216.44000244140625,216.97999572753906,212.6300048828125,213.75,30480900,MSFT
2021-01-20,214.30877685546875,224.33999633789062,225.7899932861328,217.2899932861328,217.6999969482422,37777300,MSFT
2021-01-21,214.91055297851562,224.97000122070312,226.3000030517578,222.4199981689453,224.6999969482422,30709400,MSFT
2021-01-22,215.8468017578125,225.9499969482422,230.07000732421875,225.8000030517578,227.0800018310547,30172700,MSFT
2021-01-25,219.26673889160156,229.52999877929688,229.77999877929688,224.22000122070312,229.1199951171875,33152100,MSFT
2021-01-26,221.94149780273438,232.3300018310547,234.17999267578125,230.0800018310547,231.86000061035156,49169600,MSFT
2021-01-27,222.4860382080078,232.89999389648438,240.44000244140625,230.13999938964844,238.0,69870600,MSFT
2021-01-28,228.24639892578125,238.92999267578125,242.63999938964844,235.08999633789062,235.61000061035156,49111200,MSFT
2021-01-29,221.58802795410156,231.9600067138672,238.02000427246094,231.35000610351562,235.99000549316406,42503100,MSFT
2021-02-01,228.9341583251953,239.64999389648438,242.5,232.42999267578125,235.05999755859375,33314200,MSFT
2021-02-02,228.80044555664062,239.50999450683594,242.30999755859375,238.69000244140625,241.3000030517578,25916300,MSFT
2021-02-03,232.13438415527344,243.0,245.08999633789062,239.25999450683594,239.57000732421875,27158100,MSFT
2021-02-04,231.1886749267578,242.00999450683594,243.24000549316406,240.3699951171875,242.66000366210938,25296100,MSFT
2021-02-05,231.3701629638672,242.1999969482422,243.27999877929688,240.4199981689453,242.22999572753906,18054800,MSFT
2021-02-08,231.6280975341797,242.47000122070312,243.67999267578125,240.80999755859375,243.14999389648438,22211900,MSFT
2021-02-09,232.8699951171875,243.77000427246094,244.75999450683594,241.3800048828125,241.8699951171875,23565000,MSFT
2021-02-10,231.96246337890625,242.82000732421875,245.9199981689453,240.88999938964844,245.0,22186700,MSFT
2021-02-11,233.55776977539062,244.49000549316406,245.14999389648438,242.14999389648438,244.77999877929688,15751100,MSFT
2021-02-12,234.03538513183594,244.99000549316406,245.3000030517578,242.72999572753906,243.92999267578125,16561100,MSFT
2021-02-16,232.80311584472656,243.6999969482422,246.1300048828125,242.9199981689453,245.02999877929688,26728500,MSFT
2021-02-17,233.81800842285156,244.1999969482422,244.30999755859375,240.94000244140625,241.32000732421875,21653500,MSFT
2021-02-18,233.4254608154297,243.7899932861328,243.92999267578125,240.86000061035156,241.8000030517578,16925600,MSFT
2021-02-19,230.72537231445312,240.97000122070312,243.86000061035156,240.17999267578125,243.75,25262600,MSFT
2021-02-22,224.53997802734375,234.50999450683594,237.92999267578125,232.39999389648438,237.4199981689453,36446900,MSFT
2021-02-23,223.3527374267578,233.27000427246094,234.8300018310547,228.72999572753906,230.3300018310547,30228700,MSFT
2021-02-24,224.57830810546875,234.5500030517578,235.1999969482422,229.0,230.00999450683594,26339700,MSFT
2021-02-25,219.25465393066406,228.99000549316406,234.58999633789062,227.8800048828125,232.0800018310547,39542200,MSFT
2021-02-26,222.5005645751953,232.3800048828125,235.3699951171875,229.5399932861328,231.52999877929688,37819200,MSFT
2021-03-01,226.86672973632812,236.94000244140625,237.47000122070312,233.14999389648438,235.89999389648438,25324000,MSFT
2021-03-02,223.92718505859375,233.8699951171875,237.3000030517578,233.4499969482422,237.00999450683594,22812500,MSFT
2021-03-03,217.88546752929688,227.55999755859375,233.5800018310547,227.25999450683594,232.16000366210938,34029500,MSFT
2021-03-04,217.09075927734375,226.72999572753906,232.49000549316406,224.25999450683594,226.74000549316406,44727800,MSFT
2021-03-05,221.7537384033203,231.60000610351562,233.27000427246094,226.4600067138672,229.52000427246094,41872800,MSFT
2021-03-08,217.72265625,227.38999938964844,233.3699951171875,227.1300048828125,231.3699951171875,35267400,MSFT
2021-03-09,223.84104919433594,233.77999877929688,235.3800048828125,231.6699981689453,232.8800048828125,33080500,MSFT
2021-03-10,222.5388641357422,232.4199981689453,237.0,232.0399932861328,237.0,29746800,MSFT
2021-03-11,227.04859924316406,237.1300048828125,239.1699981689453,234.30999755859375,234.9600067138672,29907600,MSFT
2021-03-12,225.72726440429688,235.75,235.82000732421875,233.22999572753906,234.00999450683594,22653700,MSFT
2021-03-15,224.8271942138672,234.80999755859375,235.19000244140625,231.80999755859375,234.9600067138672,26034900,MSFT
2021-03-16,227.60394287109375,237.7100067138672,240.05999755859375,235.94000244140625,236.27999877929688,28092200,MSFT
2021-03-17,226.96246337890625,237.0399932861328,238.5500030517578,233.22999572753906,236.14999389648438,29562100,MSFT
2021-03-18,220.91116333007812,230.72000122070312,234.19000244140625,230.3300018310547,232.55999755859375,34833000,MSFT
2021-03-19,220.55686950683594,230.35000610351562,232.47000122070312,229.35000610351562,231.02000427246094,46430700,MSFT
2021-03-22,225.9570770263672,235.99000549316406,236.89999389648438,230.13999938964844,230.27000427246094,30127000,MSFT
2021-03-23,227.47946166992188,237.5800018310547,241.0500030517578,237.07000732421875,237.49000549316406,31638400,MSFT
2021-03-24,225.44960021972656,235.4600067138672,238.0,235.32000732421875,237.85000610351562,25620100,MSFT
2021-03-25,222.4622344970703,232.33999633789062,236.94000244140625,231.57000732421875,235.3000030517578,34061900,MSFT
2021-03-26,226.42617797851562,236.47999572753906,236.7100067138672,231.5500030517578,231.5500030517578,25479900,MSFT
2021-03-29,225.23895263671875,235.24000549316406,236.8000030517578,231.8800048828125,236.58999633789062,25227500,MSFT
2021-03-30,221.99310302734375,231.85000610351562,233.85000610351562,231.10000610351562,233.52999877929688,24792000,MSFT
2021-03-31,225.74644470214844,235.77000427246094,239.10000610351562,232.38999938964844,232.91000366210938,43623500,MSFT
2021-04-01,232.04669189453125,242.35000610351562,242.83999633789062,238.0500030517578,238.47000122070312,30338000,MSFT
2021-04-05,238.48101806640625,249.07000732421875,249.9600067138672,242.6999969482422,242.75999450683594,36910600,MSFT
2021-04-06,237.32241821289062,247.86000061035156,249.39999389648438,246.8800048828125,247.61000061035156,22931900,MSFT
2021-04-07,239.2757110595703,249.89999389648438,250.92999267578125,247.19000244140625,247.80999755859375,22719800,MSFT
2021-04-08,242.48326110839844,253.25,254.13999938964844,252.0,252.77000427246094,23625200,MSFT
2021-04-09,244.97276306152344,255.85000610351562,255.99000549316406,252.44000244140625,252.8699951171875,24326800,MSFT
2021-04-12,245.03018188476562,255.91000366210938,257.6700134277344,254.6199951171875,254.7100067138672,27148700,MSFT
2021-04-13,247.50050354003906,258.489990234375,259.19000244140625,256.8299865722656,257.260009765625,23837500,MSFT
2021-04-14,244.7238006591797,255.58999633789062,258.8299865722656,255.16000366210938,257.4800109863281,23070900,MSFT
2021-04-15,248.46755981445312,259.5,259.92999267578125,257.7300109863281,257.92999267578125,25627500,MSFT
2021-04-16,249.6548614501953,260.739990234375,261.0,257.6000061035156,259.4700012207031,24878600,MSFT
2021-04-19,247.7398681640625,258.739990234375,261.4800109863281,257.82000732421875,260.19000244140625,23209300,MSFT
2021-04-20,247.2803192138672,258.260009765625,260.20001220703125,256.8399963378906,257.82000732421875,19722900,MSFT
2021-04-21,249.50160217285156,260.5799865722656,260.67999267578125,257.25,258.94000244140625,24030400,MSFT
2021-04-22,246.23663330078125,257.1700134277344,261.7799987792969,255.63999938964844,260.2099914550781,25606200,MSFT
2021-04-23,250.0474090576172,261.1499938964844,261.510009765625,257.2699890136719,257.8800048828125,21462600,MSFT
2021-04-26,250.430419921875,261.54998779296875,262.44000244140625,260.1700134277344,261.6600036621094,19763300,MSFT
2021-04-27,250.83253479003906,261.9700012207031,263.19000244140625,260.1199951171875,261.5799865722656,31014200,MSFT
2021-04-28,243.73757934570312,254.55999755859375,256.5400085449219,252.9499969482422,256.0799865722656,46903100,MSFT
2021-04-29,241.7747344970703,252.50999450683594,256.1000061035156,249.0,255.4600067138672,40589000,MSFT
2021-04-30,241.458740234375,252.17999267578125,253.0800018310547,249.60000610351562,249.74000549316406,30945100,MSFT
2021-05-03,241.15237426757812,251.86000061035156,254.35000610351562,251.1199951171875,253.39999389648438,19626600,MSFT
2021-05-04,237.2554168701172,247.7899932861328,251.2100067138672,245.75999450683594,250.97000122070312,32756100,MSFT
2021-05-05,235.99156188964844,246.47000122070312,249.5,245.82000732421875,249.05999755859375,21901300,MSFT
2021-05-06,239.11289978027344,249.72999572753906,249.86000061035156,244.69000244140625,246.4499969482422,26491100,MSFT
2021-05-07,241.72689819335938,252.4600067138672,254.3000030517578,251.1699981689453,252.14999389648438,27032900,MSFT
2021-05-10,236.67137145996094,247.17999267578125,251.72999572753906,247.1199951171875,250.8699951171875,29299900,MSFT
2021-05-11,235.76173400878906,246.22999572753906,246.60000610351562,242.57000732421875,244.5500030517578,33641600,MSFT
2021-05-12,228.83908081054688,239.0,244.3800048828125,238.07000732421875,242.1699981689453,36684400,MSFT
2021-05-13,232.69778442382812,243.02999877929688,245.60000610351562,241.4199981689453,241.8000030517578,29624300,MSFT
2021-05-14,237.60008239746094,248.14999389648438,249.17999267578125,245.49000549316406,245.5800018310547,23901100,MSFT
2021-05-17,234.7563934326172,245.17999267578125,246.58999633789062,243.52000427246094,246.5500030517578,24970200,MSFT
2021-05-18,232.74566650390625,243.0800018310547,246.41000366210938,242.89999389648438,246.27000427246094,20168000,MSFT
2021-05-19,233.32147216796875,243.1199951171875,243.22999572753906,238.60000610351562,239.30999755859375,25739800,MSFT
2021-05-20,236.54603576660156,246.47999572753906,247.9499969482422,243.86000061035156,243.9600067138672,21800700,MSFT
2021-05-21,235.2888641357422,245.1699981689453,248.3300018310547,244.74000549316406,247.57000732421875,21863100,MSFT
2021-05-24,240.6727752685547,250.77999877929688,251.16000366210938,247.50999450683594,247.7899932861328,21411500,MSFT
2021-05-25,241.57489013671875,251.72000122070312,252.75,250.82000732421875,251.77000427246094,17704300,MSFT
2021-05-26,241.3541717529297,251.49000549316406,252.94000244140625,250.75,251.42999267578125,17771600,MSFT
2021-05-27,239.26199340820312,249.30999755859375,251.47999572753906,249.25,251.1699981689453,24426200,MSFT
2021-05-28,239.61705017089844,249.67999267578125,252.0800018310547,249.55999755859375,251.0,18270200,MSFT
2021-06-01,237.428955078125,247.39999389648438,251.2899932861328,246.9600067138672,251.22999572753906,23213300,MSFT
2021-06-02,237.33302307128906,247.3000030517578,249.27000427246094,245.83999633789062,248.1300048828125,19406700,MSFT
2021-06-03,235.8070831298828,245.7100067138672,246.33999633789062,243.0,245.22000122070312,25307700,MSFT
2021-06-04,240.68234252929688,250.7899932861328,251.64999389648438,247.50999450683594,247.75999450683594,25281100,MSFT
2021-06-07,243.5806121826172,253.80999755859375,254.08999633789062,249.80999755859375,249.97999572753906,23079200,MSFT
2021-06-08,242.390625,252.57000732421875,256.010009765625,252.50999450683594,255.16000366210938,22455000,MSFT
2021-06-09,243.36949157714844,253.58999633789062,255.52999877929688,253.2100067138672,253.80999755859375,17937600,MSFT
2021-06-10,246.87237548828125,257.239990234375,257.4599914550781,253.6699981689453,254.2899932861328,24563600,MSFT
2021-06-11,247.49620056152344,257.8900146484375,258.489990234375,256.6099853515625,257.989990234375,18999700,MSFT
2021-06-14,249.41561889648438,259.8900146484375,259.95001220703125,256.79998779296875,257.8999938964844,19150500,MSFT
2021-06-15,247.9472198486328,258.3599853515625,259.989990234375,257.67999267578125,259.7699890136719,18038900,MSFT
2021-06-16,247.00672912597656,257.3800048828125,260.5799865722656,254.4199981689453,259.3999938964844,27220000,MSFT
2021-06-17,250.38482666015625,260.8999938964844,261.75,256.010009765625,256.07000732421875,27565500,MSFT
2021-06-18,248.97412109375,259.42999267578125,262.29998779296875,258.75,259.6300048828125,37202200,MSFT
2021-06-21,252.04518127441406,262.6300048828125,263.5199890136719,257.9200134277344,259.82000732421875,26696100,MSFT
2021-06-22,254.8091278076172,265.510009765625,265.7900085449219,262.3999938964844,262.7200012207031,24694100,MSFT
2021-06-23,254.57884216308594,265.2699890136719,266.8299865722656,264.42999267578125,265.989990234375,19518700,MSFT
2021-06-24,255.9416046142578,266.69000244140625,267.8500061035156,265.4700012207031,266.1600036621094,21446900,MSFT
2021-06-25,254.33877563476562,265.0199890136719,267.25,264.760009765625,266.2300109863281,25611100,MSFT
2021-06-28,257.8897399902344,268.7200012207031,268.8999938964844,265.9100036621094,266.19000244140625,19590000,MSFT
2021-06-29,260.4616394042969,271.3999938964844,271.6499938964844,267.9800109863281,268.8699951171875,19937800,MSFT
2021-06-30,259.9818115234375,270.8999938964844,271.3599853515625,269.6000061035156,270.69000244140625,21656500,MSFT
2021-07-01,260.6536560058594,271.6000061035156,271.8399963378906,269.6000061035156,269.6099853515625,16725300,MSFT
2021-07-02,266.45977783203125,277.6499938964844,278.0,272.5,272.82000732421875,26458000,MSFT
2021-07-06,266.4693908691406,277.6600036621094,279.3699951171875,274.29998779296875,278.0299987792969,31565600,MSFT
2021-07-07,268.6479187011719,279.92999267578125,280.69000244140625,277.1499938964844,279.3999938964844,23260000,MSFT
2021-07-08,266.23907470703125,277.4200134277344,278.7300109863281,274.8699951171875,276.8999938964844,24618600,MSFT
2021-07-09,266.7381286621094,277.94000244140625,278.04998779296875,275.32000732421875,275.7200012207031,23916700,MSFT
2021-07-12,266.14312744140625,277.32000732421875,279.7699890136719,276.5799865722656,279.1600036621094,18931700,MSFT
2021-07-13,269.65557861328125,280.9800109863281,282.8500061035156,277.3900146484375,277.5199890136719,26120100,MSFT
2021-07-14,271.1238708496094,282.510009765625,283.6600036621094,280.54998779296875,282.3500061035156,23113700,MSFT
2021-07-15,269.70355224609375,281.0299987792969,282.510009765625,279.8299865722656,282.0,22604200,MSFT
2021-07-16,269.43475341796875,280.75,284.1000061035156,279.4599914550781,282.07000732421875,26186800,MSFT
2021-07-19,265.8455810546875,277.010009765625,280.3699951171875,274.45001220703125,278.92999267578125,32935600,MSFT
2021-07-20,268.0625,279.32000732421875,280.9700012207031,276.260009765625,278.0299987792969,26259700,MSFT
2021-07-21,270.0586242675781,281.3999938964844,281.5199890136719,277.2900085449219,278.8999938964844,24364300,MSFT
2021-07-22,274.6076965332031,286.1400146484375,286.4200134277344,283.4200134277344,283.8399963378906,23384100,MSFT
2021-07-23,277.995361328125,289.6700134277344,289.989990234375,286.5,287.3699951171875,22768100,MSFT
2021-07-26,277.400390625,289.04998779296875,289.69000244140625,286.6400146484375,289.0,23176100,MSFT
2021-07-27,274.9914855957031,286.5400085449219,289.5799865722656,282.95001220703125,289.42999267578125,33604100,MSFT
2021-07-28,274.6844177246094,286.2200012207031,290.1499938964844,283.8299865722656,288.989990234375,33566900,MSFT
2021-07-29,274.9530944824219,286.5,288.6199951171875,286.0799865722656,286.239990234375,18168300,MSFT
2021-07-30,273.42724609375,284.9100036621094,286.6600036621094,283.9100036621094,285.1700134277344,20944800,MSFT
2021-08-02,273.3408203125,284.82000732421875,286.7699890136719,283.739990234375,286.3599853515625,16267400,MSFT
2021-08-03,275.5481262207031,287.1199951171875,287.2300109863281,284.0,285.4200134277344,17879000,MSFT
2021-08-04,274.96270751953125,286.510009765625,287.5899963378906,284.6499938964844,286.2200012207031,16191300,MSFT
2021-08-05,277.8513488769531,289.5199890136719,289.6300048828125,286.1000061035156,286.8800048828125,13900200,MSFT
2021-08-06,277.7937316894531,289.4599914550781,289.5,287.6199951171875,288.510009765625,16589300,MSFT
2021-08-09,276.7093811035156,288.3299865722656,291.54998779296875,287.80999755859375,289.75,16117600,MSFT
2021-08-10,274.8955383300781,286.44000244140625,289.25,285.20001220703125,288.79998779296875,18616600,MSFT
2021-08-11,275.38494873046875,286.95001220703125,288.6600036621094,285.8599853515625,287.2099914550781,13955900,MSFT
2021-08-12,278.1296691894531,289.80999755859375,289.9700012207031,286.3399963378906,286.6300048828125,14561300,MSFT
2021-08-13,281.04718017578125,292.8500061035156,292.8999938964844,289.29998779296875,289.4800109863281,18249000,MSFT
2021-08-16,282.7267150878906,294.6000061035156,294.82000732421875,290.0199890136719,293.19000244140625,22507600,MSFT
2021-08-17,281.2678527832031,293.0799865722656,293.42999267578125,291.0799865722656,292.3900146484375,20075300,MSFT
2021-08-18,279.5467529296875,290.7300109863281,294.82000732421875,290.2699890136719,292.0400085449219,21813000,MSFT
2021-08-19,285.3544616699219,296.7699890136719,297.4700012207031,288.6400146484375,288.69000244140625,29850500,MSFT
2021-08-20,292.6524353027344,304.3599853515625,305.8399963378906,298.05999755859375,299.7200012207031,40817600,MSFT
2021-08-23,292.9312744140625,304.6499938964844,305.3999938964844,301.8500061035156,303.25,22830200,MSFT
2021-08-24,290.97943115234375,302.6199951171875,305.6499938964844,302.0,305.0199890136719,18175800,MSFT
2021-08-25,290.3928527832031,302.010009765625,304.5899963378906,300.4200134277344,304.29998779296875,20006100,MSFT
2021-08-26,287.5851745605469,299.0899963378906,302.42999267578125,298.95001220703125,300.989990234375,17666100,MSFT
2021-08-27,288.1910095214844,299.7200012207031,300.8699951171875,296.8299865722656,298.989990234375,22605700,MSFT
2021-08-30,291.9120788574219,303.5899963378906,304.2200012207031,301.05999755859375,301.1199951171875,16348100,MSFT
2021-08-31,290.26788330078125,301.8800048828125,304.5,301.5,304.4200134277344,26285300,MSFT
2021-09-01,290.2197265625,301.8299865722656,305.19000244140625,301.489990234375,302.8699951171875,18983800,MSFT
2021-09-02,289.56597900390625,301.1499938964844,303.3599853515625,300.17999267578125,302.20001220703125,16285600,MSFT
2021-09-03,289.55633544921875,301.1400146484375,302.6000061035156,300.260009765625,300.989990234375,14747900,MSFT
2021-09-07,288.63330078125,300.17999267578125,301.0899963378906,298.20001220703125,301.010009765625,17180400,MSFT
2021-09-08,288.662109375,300.2099914550781,300.6099853515625,297.4700012207031,299.7799987792969,15046800,MSFT
2021-09-09,285.8159484863281,297.25,302.1400146484375,297.0,300.82000732421875,19927000,MSFT
2021-09-10,284.33514404296875,295.7099914550781,299.9200134277344,295.3800048828125,298.4200134277344,19633400,MSFT
2021-09-13,285.56597900390625,296.989990234375,298.5400085449219,294.0799865722656,297.54998779296875,23652900,MSFT
2021-09-14,288.2582702636719,299.7900085449219,301.3900146484375,298.1000061035156,299.55999755859375,21853400,MSFT
2021-09-15,293.0947265625,304.82000732421875,305.32000732421875,301.82000732421875,303.260009765625,28356300,MSFT
2021-09-16,293.47943115234375,305.2200012207031,305.30999755859375,300.760009765625,303.760009765625,19550800,MSFT
2021-09-17,288.335205078125,299.8699951171875,304.5,299.5299987792969,304.1700134277344,41372500,MSFT
2021-09-20,282.9794616699219,294.29998779296875,298.7200012207031,289.5199890136719,296.3299865722656,38278700,MSFT
2021-09-21,283.4601745605469,294.79998779296875,297.5400085449219,294.07000732421875,295.69000244140625,22364100,MSFT
2021-09-22,287.09478759765625,298.5799865722656,300.2200012207031,294.510009765625,296.7300109863281,26626300,MSFT
2021-09-23,288.037109375,299.55999755859375,300.8999938964844,297.5299987792969,298.8500061035156,18604600,MSFT
2021-09-24,287.8352355957031,299.3500061035156,299.79998779296875,296.92999267578125,298.2300109863281,14999000,MSFT
2021-09-27,282.85443115234375,294.1700134277344,296.4700012207031,292.94000244140625,296.1400146484375,23571700,MSFT
2021-09-28,272.6141052246094,283.5199890136719,290.7799987792969,282.75,289.79998779296875,43186200,MSFT
2021-09-29,273.0755920410156,284.0,286.7699890136719,283.010009765625,285.1000061035156,26353700,MSFT
2021-09-30,271.07568359375,281.9200134277344,287.8299865722656,281.6199951171875,285.7099914550781,32343600,MSFT
2021-10-01,277.9795227050781,289.1000061035156,289.9800109863281,281.2900085449219,282.1199951171875,30086300,MSFT
2021-10-04,272.2198486328125,283.1099853515625,287.75,280.25,287.3999938964844,31350700,MSFT
2021-10-05,277.652587890625,288.760009765625,290.3999938964844,284.04998779296875,284.04998779296875,24993000,MSFT
2021-10-06,281.8351745605469,293.1099853515625,293.6300048828125,285.510009765625,285.7799987792969,28002600,MSFT
2021-10-07,283.50830078125,294.8500061035156,296.6400146484375,293.9200134277344,295.17999267578125,20430500,MSFT
2021-10-08,283.50830078125,294.8500061035156,296.6400146484375,293.760009765625,296.2200012207031,17685700,MSFT
2021-10-11,282.912109375,294.2300109863281,297.9700012207031,292.75,292.9200134277344,19298600,MSFT
2021-10-12,281.6141052246094,292.8800048828125,295.44000244140625,292.3500061035156,295.3399963378906,17974100,MSFT
2021-10-13,284.9121398925781,296.30999755859375,297.2799987792969,293.489990234375,294.9100036621094,23416300,MSFT
2021-10-14,291.1043701171875,302.75,303.2699890136719,297.8299865722656,299.2099914550781,27262900,MSFT
2021-10-15,292.50823974609375,304.2099914550781,304.45001220703125,300.5199890136719,302.3399963378906,25384800,MSFT
2021-10-18,295.46978759765625,307.2900085449219,308.2099914550781,302.69000244140625,303.57000732421875,22729300,MSFT
2021-10-19,296.3736572265625,308.2300109863281,309.29998779296875,307.2200012207031,308.3500061035156,17682100,MSFT
2021-10-20,295.5850524902344,307.4100036621094,309.70001220703125,306.1099853515625,309.2099914550781,16537100,MSFT
2021-10-21,298.8063659667969,310.760009765625,311.0199890136719,306.3599853515625,307.1700134277344,16918100,MSFT
2021-10-22,297.267822265625,309.1600036621094,311.0899963378906,307.79998779296875,310.3999938964844,17449300,MSFT
2021-10-25,296.27740478515625,308.1300048828125,309.3999938964844,306.4599914550781,309.3599853515625,17554500,MSFT
2021-10-26,298.18133544921875,310.1099853515625,312.3999938964844,308.6000061035156,311.0,28107300,MSFT
2021-10-27,310.7389221191406,323.1700134277344,326.1000061035156,316.0,316.0,52588700,MSFT
2021-10-28,311.8736267089844,324.3500061035156,324.8699951171875,321.3599853515625,324.3299865722656,26297900,MSFT
2021-10-29,318.8638916015625,331.6199951171875,332.0,323.8999938964844,324.1300048828125,34766000,MSFT
2021-11-01,316.700439453125,329.3699951171875,331.489990234375,326.3699951171875,331.3599853515625,27073200,MSFT
2021-11-02,320.3158874511719,333.1300048828125,333.45001220703125,330.0,330.30999755859375,26487100,MSFT
2021-11-03,321.1523132324219,334.0,334.8999938964844,330.6499938964844,333.8999938964844,21500100,MSFT
2021-11-04,323.49853515625,336.44000244140625,336.5400085449219,329.510009765625,332.8900146484375,23992200,MSFT
2021-11-05,323.1330871582031,336.05999755859375,338.7900085449219,334.4200134277344,338.510009765625,22570100,MSFT
2021-11-08,324.02734375,336.989990234375,337.6499938964844,334.44000244140625,337.29998779296875,20897000,MSFT
2021-11-09,323.02734375,335.95001220703125,338.7200012207031,334.5299987792969,337.1099853515625,21307400,MSFT
2021-11-10,318.07537841796875,330.79998779296875,334.6300048828125,329.9200134277344,334.57000732421875,25500900,MSFT
2021-11-11,319.6427307128906,332.42999267578125,333.7699890136719,330.510009765625,331.25,16849800,MSFT
2021-11-12,323.7677001953125,336.7200012207031,337.2300109863281,333.7900085449219,333.9200134277344,23831000,MSFT
2021-11-15,323.1427917480469,336.07000732421875,337.8800048828125,334.0299987792969,337.5400085449219,16723000,MSFT
2021-11-16,326.450439453125,339.510009765625,340.6700134277344,335.510009765625,335.67999267578125,20886800,MSFT
2021-11-17,326.67193603515625,339.1199951171875,342.19000244140625,338.0,338.94000244140625,19053400,MSFT
2021-11-18,328.7430114746094,341.2699890136719,342.45001220703125,337.1199951171875,338.17999267578125,22463500,MSFT
2021-11-19,330.5155029296875,343.1099853515625,345.1000061035156,342.20001220703125,342.6400146484375,21963400,MSFT
2021-11-22,327.35589599609375,339.8299865722656,349.6700134277344,339.54998779296875,344.6199951171875,31031100,MSFT
2021-11-23,325.2848205566406,337.67999267578125,339.45001220703125,333.55999755859375,337.04998779296875,30427600,MSFT
2021-11-24,325.50634765625,337.9100036621094,338.1600036621094,333.9100036621094,336.2799987792969,21661300,MSFT
2021-11-26,317.5785217285156,329.67999267578125,337.92999267578125,328.1199951171875,334.3500061035156,24217200,MSFT
2021-11-29,324.2734069824219,336.6300048828125,339.0299987792969,334.739990234375,334.94000244140625,28563500,MSFT
2021-11-30,318.4550476074219,330.5899963378906,337.7799987792969,328.989990234375,335.32000732421875,42885600,MSFT
2021-12-01,317.9638366699219,330.0799865722656,339.2799987792969,329.3900146484375,335.1300048828125,33337600,MSFT
2021-12-02,317.3954162597656,329.489990234375,333.489990234375,327.79998779296875,330.29998779296875,30766000,MSFT
2021-12-03,311.15325927734375,323.010009765625,332.70001220703125,318.0299987792969,331.989990234375,41779300,MSFT
2021-12-06,314.2165832519531,326.19000244140625,327.45001220703125,319.2300109863281,323.95001220703125,30032600,MSFT
2021-12-07,322.6260681152344,334.9200134277344,335.79998779296875,330.1000061035156,331.6400146484375,31021900,MSFT
2021-12-08,322.6742248535156,334.9700012207031,335.5,330.79998779296875,335.30999755859375,24761000,MSFT
2021-12-09,320.8730163574219,333.1000061035156,336.489990234375,332.1199951171875,334.4100036621094,22214200,MSFT
2021-12-10,329.9664306640625,342.5400085449219,343.0,334.7900085449219,334.9800109863281,38095700,MSFT
2021-12-13,326.9417419433594,339.3999938964844,343.7900085449219,339.0799865722656,340.67999267578125,28899400,MSFT
2021-12-14,316.28765869140625,328.3399963378906,334.6400146484375,324.1099853515625,333.2200012207031,44438700,MSFT
2021-12-15,322.36602783203125,334.6499938964844,335.19000244140625,324.5,328.6099853515625,35381100,MSFT
2021-12-16,312.9739685058594,324.8999938964844,336.760009765625,323.0199890136719,335.7099914550781,35034800,MSFT
2021-12-17,311.9141845703125,323.79998779296875,324.9200134277344,317.25,320.8800048828125,47750300,MSFT
2021-12-20,308.16705322265625,319.9100036621094,322.79998779296875,317.57000732421875,320.04998779296875,28326500,MSFT
2021-12-21,315.27618408203125,327.2900085449219,327.7300109863281,319.79998779296875,323.2900085449219,24740600,MSFT
2021-12-22,320.9692687988281,333.20001220703125,333.6099853515625,325.75,328.29998779296875,24831500,MSFT
2021-12-23,322.40460205078125,334.69000244140625,336.3900146484375,332.7300109863281,332.75,19617800,MSFT
2021-12-27,329.8797302246094,342.45001220703125,342.4800109863281,335.42999267578125,335.4599914550781,19947000,MSFT
2021-12-28,328.7237854003906,341.25,343.80999755859375,340.32000732421875,343.1499938964844,15661500,MSFT
2021-12-29,329.3981018066406,341.95001220703125,344.29998779296875,339.67999267578125,341.29998779296875,15042000,MSFT
2021-12-30,326.8645935058594,339.32000732421875,343.1300048828125,338.82000732421875,341.9100036621094,15994500,MSFT
2021-12-31,323.9747619628906,336.32000732421875,339.3599853515625,335.8500061035156,338.510009765625,18000800,MSFT
2022-01-03,322.46234130859375,334.75,338.0,329.7799987792969,335.3500061035156,28865100,MSFT
2022-01-04,316.93304443359375,329.010009765625,335.20001220703125,326.1199951171875,334.8299865722656,32674300,MSFT
2022-01-05,304.7666015625,316.3800048828125,326.07000732421875,315.9800109863281,325.8599853515625,40054300,MSFT
2022-01-06,302.3584899902344,313.8800048828125,318.70001220703125,311.489990234375,313.1499938964844,39646100,MSFT
2022-01-07,302.5125427246094,314.0400085449219,316.5,310.0899963378906,314.1499938964844,32720000,MSFT
2022-01-10,302.73406982421875,314.2699890136719,314.7200012207031,304.69000244140625,309.489990234375,44289500,MSFT
2022-01-11,303.4180603027344,314.9800109863281,316.6099853515625,309.8900146484375,313.3800048828125,29386800,MSFT
2022-01-12,306.5873718261719,318.2699890136719,323.4100036621094,317.0799865722656,319.6700134277344,34372200,MSFT
2022-01-13,293.6117858886719,304.79998779296875,320.8800048828125,304.0,320.4700012207031,45366000,MSFT
2022-01-14,298.8134460449219,310.20001220703125,310.82000732421875,303.75,304.25,39846400,MSFT
2022-01-18,291.54058837890625,302.6499938964844,309.79998779296875,301.739990234375,304.07000732421875,42333200,MSFT
2022-01-19,292.1956481933594,303.3299865722656,313.9100036621094,302.70001220703125,306.2900085449219,45933900,MSFT
2022-01-20,290.52923583984375,301.6000061035156,311.6499938964844,301.1400146484375,309.07000732421875,35380700,MSFT
2022-01-21,285.16363525390625,296.0299987792969,304.1099853515625,295.6099853515625,302.69000244140625,57984400,MSFT
2022-01-24,285.49114990234375,296.3699951171875,297.1099853515625,276.04998779296875,292.20001220703125,85731500,MSFT
2022-01-25,277.9004211425781,288.489990234375,294.989990234375,285.1700134277344,291.5199890136719,72848600,MSFT
2022-01-26,285.8186950683594,296.7099914550781,308.5,293.0299987792969,307.989990234375,90428900,MSFT
2022-01-27,288.8338317871094,299.8399963378906,307.29998779296875,297.92999267578125,302.6600036621094,53481300,MSFT
2022-01-28,296.94476318359375,308.260009765625,308.4800109863281,294.45001220703125,300.2300109863281,49743700,MSFT
2022-01-31,299.56494140625,310.9800109863281,312.3800048828125,306.3699951171875,308.95001220703125,46444500,MSFT
2022-02-01,297.42645263671875,308.760009765625,310.6300048828125,305.1300048828125,310.4100036621094,40950400,MSFT
2022-02-02,301.9538269042969,313.4599914550781,315.1199951171875,308.8800048828125,309.6300048828125,36636000,MSFT
2022-02-03,290.1920166015625,301.25,311.2300109863281,299.9599914550781,309.489990234375,43730000,MSFT
2022-02-04,294.7098693847656,305.94000244140625,308.79998779296875,299.9700012207031,300.2099914550781,35096500,MSFT
2022-02-07,289.90301513671875,300.95001220703125,307.8399963378906,299.8999938964844,306.1700134277344,28533300,MSFT
2022-02-08,293.3805847167969,304.55999755859375,305.55999755859375,299.95001220703125,301.25,32421200,MSFT
2022-02-09,299.7864074707031,311.2099914550781,311.92999267578125,307.3900146484375,309.8699951171875,31284700,MSFT
2022-02-10,291.2805480957031,302.3800048828125,309.1199951171875,300.70001220703125,304.0400085449219,45386200,MSFT
2022-02-11,284.21002197265625,295.0400085449219,304.2900085449219,294.2200012207031,303.19000244140625,39175600,MSFT
2022-02-14,284.17144775390625,295.0,296.760009765625,291.3500061035156,293.7699890136719,36359500,MSFT
2022-02-15,289.44073486328125,300.4700012207031,300.79998779296875,297.0199890136719,300.010009765625,27058300,MSFT
2022-02-16,289.102783203125,299.5,300.8699951171875,293.67999267578125,298.3699951171875,29982100,MSFT
2022-02-17,280.63726806640625,290.7300109863281,296.79998779296875,290.0,296.3599853515625,32461600,MSFT
2022-02-18,277.9345703125,287.92999267578125,293.8599853515625,286.30999755859375,293.04998779296875,34264000,MSFT
2022-02-22,277.7317810058594,287.7200012207031,291.5400085449219,284.5,285.0,41736100,MSFT
2022-02-23,270.5404052734375,280.2699890136719,291.70001220703125,280.1000061035156,290.17999267578125,37811200,MSFT
2022-02-24,284.36334228515625,294.5899963378906,295.1600036621094,271.5199890136719,272.510009765625,56989700,MSFT
2022-02-25,286.9888610839844,297.30999755859375,297.6300048828125,291.6499938964844,295.1400146484375,32546700,MSFT
2022-02-28,288.4175109863281,298.7900085449219,299.1400146484375,293.0,294.30999755859375,34627500,MSFT
2022-03-01,284.71075439453125,294.95001220703125,299.9700012207031,292.1499938964844,296.3999938964844,31217800,MSFT
2022-03-02,289.7689208984375,300.19000244140625,301.4700012207031,293.70001220703125,295.3599853515625,31873000,MSFT
2022-03-03,285.6470947265625,295.9200134277344,303.1300048828125,294.04998779296875,302.8900146484375,27314500,MSFT
2022-03-04,279.79742431640625,289.8599853515625,295.6600036621094,287.1700134277344,294.2900085449219,32356500,MSFT
2022-03-07,269.2276306152344,278.9100036621094,289.69000244140625,278.5299987792969,288.5299987792969,43157200,MSFT
2022-03-08,266.2738037109375,275.8500061035156,283.9599914550781,270.0,277.79998779296875,48159500,MSFT
2022-03-09,278.4847106933594,288.5,289.6000061035156,280.7799987792969,283.44000244140625,35204500,MSFT
2022-03-10,275.67572021484375,285.5899963378906,286.6000061035156,280.5799865722656,283.0199890136719,30628000,MSFT
2022-03-11,270.347412109375,280.07000732421875,289.510009765625,279.42999267578125,287.9599914550781,27209300,MSFT
2022-03-14,266.8433837890625,276.44000244140625,285.3999938964844,275.82000732421875,280.3399963378906,30660700,MSFT
2022-03-15,277.1815490722656,287.1499938964844,287.82000732421875,278.7300109863281,280.3500061035156,34245100,MSFT
2022-03-16,284.1702880859375,294.3900146484375,294.57000732421875,283.20001220703125,289.1099853515625,37826300,MSFT
2022-03-17,284.971435546875,295.2200012207031,295.6099853515625,289.3699951171875,293.2900085449219,30816600,MSFT
2022-03-18,290.0005187988281,300.42999267578125,301.0,292.7300109863281,295.3699951171875,43390600,MSFT
2022-03-21,288.77459716796875,299.1600036621094,300.1400146484375,294.8999938964844,298.8900146484375,28351200,MSFT
2022-03-22,293.5045471191406,304.05999755859375,305.0,298.7699890136719,299.79998779296875,27599700,MSFT
2022-03-23,289.09320068359375,299.489990234375,303.2300109863281,297.7200012207031,300.510009765625,25715400,MSFT
2022-03-24,293.54315185546875,304.1000061035156,304.20001220703125,298.32000732421875,299.1400146484375,24484500,MSFT
2022-03-25,293.1377868652344,303.67999267578125,305.5,299.2900085449219,305.2300109863281,22566500,MSFT
2022-03-28,299.9140930175781,310.70001220703125,310.79998779296875,304.3299865722656,304.3299865722656,29578200,MSFT
2022-03-29,304.4604797363281,315.4100036621094,315.82000732421875,309.04998779296875,313.9100036621094,30393400,MSFT
2022-03-30,302.96435546875,313.8599853515625,315.95001220703125,311.5799865722656,313.760009765625,28163600,MSFT
2022-03-31,297.60699462890625,308.30999755859375,315.1400146484375,307.8900146484375,313.8999938964844,33422100,MSFT
2022-04-01,298.6784362792969,309.4200134277344,310.1300048828125,305.5400085449219,309.3699951171875,27110500,MSFT
2022-04-04,304.03582763671875,314.9700012207031,315.1099853515625,309.7099914550781,310.0899963378906,24289600,MSFT
2022-04-05,300.0877990722656,310.8800048828125,314.8699951171875,309.8699951171875,313.2699890136719,23156700,MSFT
2022-04-06,289.102783203125,299.5,307.0,296.7099914550781,305.19000244140625,40110400,MSFT
2022-04-07,290.90789794921875,301.3699951171875,303.6499938964844,296.3500061035156,296.6600036621094,31411200,MSFT
2022-04-08,286.66070556640625,296.9700012207031,301.1199951171875,296.2799987792969,300.44000244140625,24361900,MSFT
2022-04-11,275.3571472167969,285.260009765625,292.6099853515625,285.0,291.7900085449219,34569300,MSFT
2022-04-12,272.2682800292969,282.05999755859375,290.739990234375,280.489990234375,289.239990234375,30966700,MSFT
2022-04-13,277.63525390625,287.6199951171875,288.5799865722656,281.29998779296875,282.7300109863281,21907200,MSFT
2022-04-14,270.1156311035156,279.8299865722656,288.30999755859375,279.32000732421875,288.0899963378906,28221600,MSFT
2022-04-18,270.7816162109375,280.5199890136719,282.4599914550781,278.3399963378906,278.9100036621094,20778000,MSFT
2022-04-19,275.3958435058594,285.29998779296875,286.1700134277344,278.4100036621094,279.3800048828125,22297700,MSFT
2022-04-20,276.41900634765625,286.3599853515625,289.70001220703125,285.3699951171875,289.3999938964844,22906700,MSFT
2022-04-21,271.0617370605469,280.80999755859375,293.29998779296875,280.05999755859375,288.5799865722656,29454600,MSFT
2022-04-22,264.5170593261719,274.0299987792969,283.20001220703125,273.3800048828125,281.67999267578125,29405800,MSFT
2022-04-25,270.9748229980469,280.7200012207031,281.1099853515625,270.7699890136719,273.2900085449219,35678900,MSFT
2022-04-26,260.83929443359375,270.2200012207031,278.3599853515625,270.0,277.5,46518400,MSFT
2022-04-27,273.3880615234375,283.2200012207031,290.9700012207031,279.1600036621094,282.1000061035156,63477700,MSFT
2022-04-28,279.5754699707031,289.6300048828125,290.9800109863281,281.4599914550781,285.19000244140625,33646600,MSFT
2022-04-29,267.8858947753906,277.5199890136719,289.8800048828125,276.5,288.6099853515625,37073900,MSFT
2022-05-02,274.5946044921875,284.4700012207031,284.94000244140625,276.2200012207031,277.7099914550781,35151100,MSFT
2022-05-03,271.99798583984375,281.7799987792969,284.1300048828125,280.1499938964844,283.9599914550781,25978600,MSFT
2022-05-04,279.9133605957031,289.9800109863281,290.8800048828125,276.7300109863281,282.5899963378906,33599300,MSFT
2022-05-05,267.7217712402344,277.3500061035156,286.3500061035156,274.3399963378906,285.5400085449219,43260400,MSFT
2022-05-06,265.1927185058594,274.7300109863281,279.25,271.2699890136719,274.80999755859375,37780300,MSFT
2022-05-09,255.3950653076172,264.5799865722656,272.3599853515625,263.32000732421875,270.05999755859375,47726000,MSFT
2022-05-10,260.1443176269531,269.5,273.75,265.07000732421875,271.69000244140625,39336400,MSFT
2022-05-11,251.5050048828125,260.54998779296875,271.3599853515625,259.29998779296875,265.67999267578125,48975900,MSFT
2022-05-12,246.4855194091797,255.35000610351562,259.8800048828125,250.02000427246094,257.69000244140625,51033800,MSFT
2022-05-13,252.05519104003906,261.1199951171875,263.0400085449219,255.35000610351562,257.3500061035156,34925100,MSFT
2022-05-16,252.42202758789062,261.5,265.82000732421875,255.77999877929688,259.9599914550781,32550900,MSFT
2022-05-17,257.5572509765625,266.82000732421875,268.3299865722656,262.4599914550781,266.1099853515625,28828800,MSFT
2022-05-18,245.8308563232422,254.0800018310547,263.6000061035156,252.77000427246094,263.0,31356000,MSFT
2022-05-19,244.92135620117188,253.13999938964844,257.6700134277344,251.8800048828125,253.89999389648438,32692300,MSFT
2022-05-20,244.36016845703125,252.55999755859375,258.5400085449219,246.44000244140625,257.239990234375,39199300,MSFT
2022-05-23,252.18756103515625,260.6499938964844,261.5,253.42999267578125,255.49000549316406,33175400,MSFT
2022-05-24,251.19097900390625,259.6199951171875,261.3299865722656,253.5,257.8900146484375,29043900,MSFT
2022-05-25,253.9967498779297,262.5199890136719,264.5799865722656,257.1300048828125,258.1400146484375,28547900,MSFT
2022-05-26,257.26702880859375,265.8999938964844,267.1099853515625,261.42999267578125,262.2699890136719,25002100,MSFT
2022-05-27,264.36871337890625,273.239990234375,273.3399963378906,267.55999755859375,268.4800109863281,26910800,MSFT
2022-05-31,263.04327392578125,271.8699951171875,274.7699890136719,268.92999267578125,272.5299987792969,37827700,MSFT
2022-06-01,263.575439453125,272.4200134277344,277.69000244140625,270.0400085449219,275.20001220703125,25292200,MSFT
2022-06-02,265.66522216796875,274.5799865722656,274.6499938964844,261.6000061035156,264.45001220703125,44008200,MSFT
2022-06-03,261.2532958984375,270.0199890136719,273.45001220703125,268.4100036621094,270.30999755859375,28059000,MSFT
2022-06-06,260.0245056152344,268.75,274.17999267578125,267.2200012207031,272.05999755859375,22400300,MSFT
2022-06-07,263.6528625488281,272.5,273.1300048828125,265.94000244140625,266.6400146484375,22860700,MSFT
2022-06-08,261.630615234375,270.4100036621094,273.0,269.6099853515625,271.7099914550781,17372300,MSFT
2022-06-09,256.193115234375,264.7900085449219,272.7099914550781,264.6300048828125,267.7799987792969,26439700,MSFT
2022-06-10,244.77622985839844,252.99000549316406,260.5799865722656,252.52999877929688,260.5799865722656,31422800,MSFT
2022-06-13,234.39459228515625,242.25999450683594,249.02000427246094,241.52999877929688,245.11000061035156,46135800,MSFT
2022-06-14,236.5521697998047,244.49000549316406,245.74000549316406,241.50999450683594,243.86000061035156,28651500,MSFT
2022-06-15,243.58612060546875,251.75999450683594,255.3000030517578,246.4199981689453,248.30999755859375,33111700,MSFT
2022-06-16,237.01658630371094,244.97000122070312,247.4199981689453,243.02000427246094,245.97999572753906,33169200,MSFT
2022-06-17,239.60955810546875,247.64999389648438,250.5,244.02999877929688,244.6999969482422,43084800,MSFT
2022-06-21,245.5018768310547,253.74000549316406,254.75,249.50999450683594,250.25999450683594,29928300,MSFT
2022-06-22,244.91171264648438,253.1300048828125,257.1700134277344,250.3699951171875,251.88999938964844,25939900,MSFT
2022-06-23,250.45562744140625,258.8599853515625,259.3699951171875,253.6300048828125,255.57000732421875,25861400,MSFT
2022-06-24,259.00860595703125,267.70001220703125,267.9800109863281,261.7200012207031,261.80999755859375,33923200,MSFT
2022-06-27,256.289794921875,264.8900146484375,268.29998779296875,263.2799987792969,268.2099914550781,24615100,MSFT
2022-06-28,248.1529083251953,256.4800109863281,266.9100036621094,256.32000732421875,263.9800109863281,27295500,MSFT
2022-06-29,251.81015014648438,260.260009765625,261.9700012207031,255.75999450683594,257.5899963378906,20069800,MSFT
2022-06-30,248.49151611328125,256.8299865722656,259.5299987792969,252.89999389648438,257.04998779296875,31730900,MSFT
2022-07-01,251.1522674560547,259.5799865722656,259.7699890136719,254.61000061035156,256.3900146484375,22837700,MSFT
2022-07-05,254.31610107421875,262.8500061035156,262.9800109863281,254.74000549316406,256.1600036621094,22941000,MSFT
2022-07-06,257.5669860839844,266.2099914550781,267.989990234375,262.3999938964844,263.75,23824400,MSFT
2022-07-07,259.6859436035156,268.3999938964844,269.05999755859375,265.0199890136719,265.1199951171875,20859900,MSFT
2022-07-08,258.9699401855469,267.6600036621094,268.1000061035156,263.2900085449219,264.7900085449219,19658800,MSFT
2022-07-11,255.92218017578125,264.510009765625,266.5299987792969,262.17999267578125,265.6499938964844,19455200,MSFT
2022-07-12,245.4341278076172,253.6699981689453,265.94000244140625,252.0399932861328,265.8800048828125,35868500,MSFT
2022-07-13,244.51498413085938,252.72000122070312,253.5500030517578,248.11000061035156,250.19000244140625,29497400,MSFT
2022-07-14,245.8308563232422,254.0800018310547,255.13999938964844,245.94000244140625,250.57000732421875,25102800,MSFT
2022-07-15,248.3851318359375,256.7200012207031,260.3699951171875,254.77000427246094,255.72000122070312,29774100,MSFT
2022-07-18,245.9953155517578,254.25,260.8399963378906,253.3000030517578,259.75,20975000,MSFT
2022-07-19,251.1038818359375,259.5299987792969,259.7200012207031,253.67999267578125,257.5799865722656,25012600,MSFT
2022-07-20,253.7548828125,262.2699890136719,264.8699951171875,258.9100036621094,259.8999938964844,22788300,MSFT
2022-07-21,256.2415771484375,264.8399963378906,264.8900146484375,257.0299987792969,259.7900085449219,22404700,MSFT
2022-07-22,251.9069061279297,260.3599853515625,265.3299865722656,259.07000732421875,265.239990234375,21881300,MSFT
2022-07-25,250.4265594482422,258.8299865722656,261.5,256.80999755859375,261.0,21056000,MSFT
2022-07-26,243.7216339111328,251.89999389648438,259.8800048828125,249.57000732421875,259.8599853515625,39348000,MSFT
2022-07-27,260.014892578125,268.739990234375,270.04998779296875,258.8500061035156,261.1600036621094,45994000,MSFT
2022-07-28,267.4358215332031,276.4100036621094,277.8399963378906,267.8699951171875,269.75,33459300,MSFT
2022-07-29,271.6252746582031,280.739990234375,282.0,276.6300048828125,277.70001220703125,32152800,MSFT
2022-08-01,268.9839172363281,278.010009765625,281.2799987792969,275.8399963378906,277.82000732421875,21539600,MSFT
2022-08-02,265.89752197265625,274.82000732421875,277.8900146484375,272.3800048828125,276.0,22754200,MSFT
2022-08-03,273.299072265625,282.4700012207031,283.5,276.6099853515625,276.760009765625,23518900,MSFT
2022-08-04,274.4407958984375,283.6499938964844,283.79998779296875,280.1700134277344,281.79998779296875,18098700,MSFT
2022-08-05,273.7248229980469,282.9100036621094,283.6499938964844,278.67999267578125,279.1499938964844,16774600,MSFT
2022-08-08,271.2189025878906,280.32000732421875,285.9200134277344,279.32000732421875,284.04998779296875,18739200,MSFT
2022-08-09,273.1346435546875,282.29998779296875,283.0799865722656,277.6099853515625,279.6400146484375,23405200,MSFT
2022-08-10,279.7718505859375,289.1600036621094,289.80999755859375,286.94000244140625,288.1700134277344,24687800,MSFT
2022-08-11,277.7012939453125,287.0199890136719,291.2099914550781,286.510009765625,290.8500061035156,20065900,MSFT
2022-08-12,282.4326477050781,291.9100036621094,291.9100036621094,286.94000244140625,288.4800109863281,22619700,MSFT
2022-08-15,283.94195556640625,293.4700012207031,294.17999267578125,290.1099853515625,291.0,18085700,MSFT
2022-08-16,283.2066345214844,292.7099914550781,294.0400085449219,290.4200134277344,291.989990234375,18102900,MSFT
2022-08-17,282.4599914550781,291.32000732421875,293.3500061035156,289.4700012207031,289.739990234375,18253400,MSFT
2022-08-18,281.34503173828125,290.1700134277344,291.9100036621094,289.0799865722656,290.19000244140625,17186200,MSFT
2022-08-19,277.44732666015625,286.1499938964844,289.25,285.55999755859375,288.8999938964844,20570000,MSFT
2022-08-22,269.3027648925781,277.75,282.4599914550781,277.2200012207031,282.0799865722656,25061100,MSFT
2022-08-23,268.0325622558594,276.44000244140625,278.8599853515625,275.3999938964844,276.44000244140625,17527400,MSFT
2022-08-24,267.4023742675781,275.7900085449219,277.2300109863281,275.1099853515625,275.4100036621094,18137000,MSFT
2022-08-25,270.369384765625,278.8500061035156,279.0199890136719,274.5199890136719,277.3299865722656,16583400,MSFT
2022-08-26,259.9365234375,268.0899963378906,280.3399963378906,267.9800109863281,279.0799865722656,27549300,MSFT
2022-08-29,257.16351318359375,265.2300109863281,267.3999938964844,263.8500061035156,265.8500061035156,20338500,MSFT
2022-08-30,254.97225952148438,262.9700012207031,267.04998779296875,260.6600036621094,266.6700134277344,22767100,MSFT
2022-08-31,253.51785278320312,261.4700012207031,267.1099853515625,261.3299865722656,265.3900146484375,24791800,MSFT
2022-09-01,252.48040771484375,260.3999938964844,260.8900146484375,255.41000366210938,258.8699951171875,23263400,MSFT
2022-09-02,248.2724151611328,256.05999755859375,264.739990234375,254.47000122070312,261.70001220703125,22855400,MSFT
2022-09-06,245.5478515625,253.25,257.8299865722656,251.94000244140625,256.20001220703125,21328200,MSFT
2022-09-07,250.24066162109375,258.0899963378906,258.8299865722656,253.22000122070312,254.6999969482422,24126700,MSFT
2022-09-08,250.6575927734375,258.5199890136719,260.42999267578125,254.7899932861328,257.510009765625,20319900,MSFT
2022-09-09,256.4169616699219,264.4599914550781,265.2300109863281,260.2900085449219,260.5,22084700,MSFT
2022-09-12,258.54034423828125,266.6499938964844,267.45001220703125,265.1600036621094,265.7799987792969,18747700,MSFT
2022-09-13,244.32618713378906,251.99000549316406,260.3999938964844,251.58999633789062,258.8399963378906,33353300,MSFT
2022-09-14,244.54920959472656,252.22000122070312,254.22999572753906,249.86000061035156,253.52999877929688,23913000,MSFT
2022-09-15,237.917236328125,245.3800048828125,251.39999389648438,244.02000427246094,249.77000427246094,31530900,MSFT
2022-09-16,237.2967071533203,244.74000549316406,245.3000030517578,242.05999755859375,244.25999450683594,39791800,MSFT
2022-09-19,237.08338928222656,244.52000427246094,245.13999938964844,240.85000610351562,242.47000122070312,26826900,MSFT
2022-09-20,235.07635498046875,242.4499969482422,243.50999450683594,239.63999938964844,242.07000732421875,26660300,MSFT
2022-09-21,231.68276977539062,238.9499969482422,247.66000366210938,238.89999389648438,244.27000427246094,28625600,MSFT
2022-09-22,233.65103149414062,240.97999572753906,243.86000061035156,237.57000732421875,237.8699951171875,31061200,MSFT
2022-09-23,230.68409729003906,237.9199981689453,241.1300048828125,235.1999969482422,239.5399932861328,34176000,MSFT
2022-09-26,230.22840881347656,237.4499969482422,241.4499969482422,236.89999389648438,237.0500030517578,27694200,MSFT
2022-09-27,229.22003173828125,236.41000366210938,241.8000030517578,234.5,239.97999572753906,27018700,MSFT
2022-09-28,233.73829650878906,241.07000732421875,242.3300018310547,234.72999572753906,236.80999755859375,29029700,MSFT
2022-09-29,230.27687072753906,237.5,239.9499969482422,234.41000366210938,238.88999938964844,27484200,MSFT
2022-09-30,225.81678771972656,232.89999389648438,240.5399932861328,232.72999572753906,238.2899932861328,35694800,MSFT
2022-10-03,233.41836547851562,240.74000549316406,241.61000061035156,234.66000366210938,235.41000366210938,28880400,MSFT
2022-10-04,241.31080627441406,248.8800048828125,250.36000061035156,244.97999572753906,245.08999633789062,34888400,MSFT
2022-10-05,241.62106323242188,249.1999969482422,250.5800018310547,244.10000610351562,245.99000549316406,20347100,MSFT
2022-10-06,239.28433227539062,246.7899932861328,250.33999633789062,246.0800018310547,247.92999267578125,20239900,MSFT
2022-10-07,227.11602783203125,234.24000549316406,241.32000732421875,233.1699981689453,240.89999389648438,37769600,MSFT
2022-10-10,222.27774047851562,229.25,234.55999755859375,226.72999572753906,233.0500030517578,29743600,MSFT
2022-10-11,218.55459594726562,225.41000366210938,229.05999755859375,224.11000061035156,227.6199951171875,30474000,MSFT
2022-10-12,218.8842010498047,225.75,227.86000061035156,223.9600067138672,225.39999389648438,21903900,MSFT
2022-10-13,227.11602783203125,234.24000549316406,236.10000610351562,219.1300048828125,219.85000610351562,42551800,MSFT
2022-10-14,221.6087646484375,228.55999755859375,237.24000549316406,228.33999633789062,235.5399932861328,30198600,MSFT
2022-10-17,230.30593872070312,237.52999877929688,238.9600067138672,235.13999938964844,235.82000732421875,28142300,MSFT
2022-10-18,231.24649047851562,238.5,243.92999267578125,235.3699951171875,243.24000549316406,26329600,MSFT
2022-10-19,229.2878875732422,236.47999572753906,239.61000061035156,234.2899932861328,237.0399932861328,19985700,MSFT
2022-10-20,228.9679412841797,236.14999389648438,241.30999755859375,234.8699951171875,235.77000427246094,21811000,MSFT
2022-10-21,234.7563934326172,242.1199951171875,243.0,234.5,234.74000549316406,26299700,MSFT
2022-10-24,239.73036193847656,247.25,247.83999633789062,241.3000030517578,243.75999450683594,24911200,MSFT
2022-10-25,243.03665161132812,250.66000366210938,251.0399932861328,245.8300018310547,247.25999450683594,34775500,MSFT
2022-10-26,224.2848358154297,231.32000732421875,238.3000030517578,230.05999755859375,231.1699981689453,82543200,MSFT
2022-10-27,219.8538055419922,226.75,233.69000244140625,225.77999877929688,231.0399932861328,40424600,MSFT
2022-10-28,228.69644165039062,235.8699951171875,236.60000610351562,226.0500030517578,226.24000549316406,40647700,MSFT
2022-10-31,225.07022094726562,232.1300048828125,234.9199981689453,231.14999389648438,233.75999450683594,28357300,MSFT
2022-11-01,221.23060607910156,228.1699981689453,235.74000549316406,227.3300018310547,234.60000610351562,30592300,MSFT
2022-11-02,213.40609741210938,220.10000610351562,231.3000030517578,220.0399932861328,229.4600067138672,38407000,MSFT
2022-11-03,207.7339630126953,214.25,220.41000366210938,213.97999572753906,220.08999633789062,36633900,MSFT
2022-11-04,214.65684509277344,221.38999938964844,221.58999633789062,213.42999267578125,217.5500030517578,36789100,MSFT
2022-11-07,220.93972778320312,227.8699951171875,228.41000366210938,221.27999877929688,221.99000549316406,33498000,MSFT
2022-11-08,221.90931701660156,228.8699951171875,231.64999389648438,225.83999633789062,228.6999969482422,28192500,MSFT
2022-11-09,217.6819610595703,224.50999450683594,228.6300048828125,224.3300018310547,227.3699951171875,27852900,MSFT
2022-11-10,235.5902099609375,242.97999572753906,243.3300018310547,235.0,235.42999267578125,46268000,MSFT
2022-11-11,239.5946044921875,247.11000061035156,247.99000549316406,241.92999267578125,242.99000549316406,34620200,MSFT
2022-11-14,234.20367431640625,241.5500030517578,243.91000366210938,239.2100067138672,241.99000549316406,31123300,MSFT
2022-11-15,234.61093139648438,241.97000122070312,247.0,240.02999877929688,245.66000366210938,31390100,MSFT
2022-11-16,235.0387420654297,241.72999572753906,243.8000030517578,240.4199981689453,242.7899932861328,24093300,MSFT
2022-11-17,234.9901123046875,241.67999267578125,243.25,237.6300048828125,237.77999877929688,23123500,MSFT
2022-11-18,234.54286193847656,241.22000122070312,243.74000549316406,239.02999877929688,243.50999450683594,27613500,MSFT
2022-11-21,235.34986877441406,242.0500030517578,244.6699981689453,241.19000244140625,241.42999267578125,26394700,MSFT
2022-11-22,238.24737548828125,245.02999877929688,245.30999755859375,240.7100067138672,243.58999633789062,19665700,MSFT
2022-11-23,240.72683715820312,247.5800018310547,248.27999877929688,244.27000427246094,245.11000061035156,19508500,MSFT
2022-11-25,240.63931274414062,247.49000549316406,248.6999969482422,246.72999572753906,247.30999755859375,9200800,MSFT
2022-11-28,235.06790161132812,241.75999450683594,246.64999389648438,240.8000030517578,246.0800018310547,24778200,MSFT
2022-11-29,233.67750549316406,240.3300018310547,242.7899932861328,238.2100067138672,241.39999389648438,17956300,MSFT
2022-11-30,248.07752990722656,255.13999938964844,255.3300018310547,239.86000061035156,240.57000732421875,47594200,MSFT
2022-12-01,247.64002990722656,254.69000244140625,256.1199951171875,250.9199981689453,253.8699951171875,26041500,MSFT
2022-12-02,247.96087646484375,255.02000427246094,256.05999755859375,249.69000244140625,249.82000732421875,21528500,MSFT
2022-12-05,243.27426147460938,250.1999969482422,253.82000732421875,248.05999755859375,252.00999450683594,23435300,MSFT
2022-12-06,238.3349151611328,245.1199951171875,251.86000061035156,243.77999877929688,250.82000732421875,22463700,MSFT
2022-12-07,237.6056365966797,244.3699951171875,246.16000366210938,242.2100067138672,244.8300018310547,20481500,MSFT
2022-12-08,240.55177307128906,247.39999389648438,248.74000549316406,243.05999755859375,244.83999633789062,22611800,MSFT
2022-12-09,238.62661743164062,245.4199981689453,248.30999755859375,244.16000366210938,244.6999969482422,20609700,MSFT
2022-12-12,245.52035522460938,252.50999450683594,252.5399932861328,247.1699981689453,247.4499969482422,30665100,MSFT
2022-12-13,249.8082733154297,256.9200134277344,263.9200134277344,253.07000732421875,261.69000244140625,42196900,MSFT
2022-12-14,250.09999084472656,257.2200012207031,262.5899963378906,254.30999755859375,257.1300048828125,35410900,MSFT
2022-12-15,242.11721801757812,249.00999450683594,254.1999969482422,247.33999633789062,253.72000122070312,35560400,MSFT
2022-12-16,237.9168243408203,244.69000244140625,249.83999633789062,243.50999450683594,248.5500030517578,86102000,MSFT
2022-12-19,233.7941436767578,240.4499969482422,245.2100067138672,238.7100067138672,244.86000061035156,29696400,MSFT
2022-12-20,235.10684204101562,241.8000030517578,242.91000366210938,238.4199981689453,239.39999389648438,25150800,MSFT
2022-12-21,237.66400146484375,244.42999267578125,245.6199951171875,240.11000061035156,241.69000244140625,23690600,MSFT
2022-12-22,231.5967254638672,238.19000244140625,241.99000549316406,233.8699951171875,241.25999450683594,28651700,MSFT
2022-12-23,232.1217803955078,238.72999572753906,238.8699951171875,233.94000244140625,236.11000061035156,21207000,MSFT
2022-12-27,230.40081787109375,236.9600067138672,238.92999267578125,235.8300018310547,238.6999969482422,16688600,MSFT
2022-12-28,228.03807067871094,234.52999877929688,239.72000122070312,234.1699981689453,236.88999938964844,17457100,MSFT
2022-12-29,234.3386688232422,241.00999450683594,241.9199981689453,235.64999389648438,235.64999389648438,19770700,MSFT
2022-12-30,233.18162536621094,239.82000732421875,239.9600067138672,236.66000366210938,238.2100067138672,21938500,MSFT
2023-01-03,232.9482421875,239.5800018310547,245.75,237.39999389648438,243.0800018310547,25740000,MSFT
2023-01-04,222.7583770751953,229.10000610351562,232.8699951171875,225.9600067138672,232.27999877929688,50623400,MSFT
2023-01-05,216.1562957763672,222.30999755859375,227.5500030517578,221.75999450683594,227.1999969482422,39585600,MSFT
2023-01-06,218.7037811279297,224.92999267578125,225.75999450683594,219.35000610351562,223.0,43613600,MSFT
2023-01-09,220.8331298828125,227.1199951171875,231.24000549316406,226.41000366210938,226.4499969482422,27369800,MSFT
2023-01-10,222.5152587890625,228.85000610351562,231.30999755859375,227.3300018310547,227.75999450683594,27033900,MSFT
2023-01-11,229.2437286376953,235.77000427246094,235.9499969482422,231.11000061035156,231.2899932861328,28669300,MSFT
2023-01-12,231.9078826904297,238.50999450683594,239.89999389648438,233.55999755859375,235.25999450683594,27269500,MSFT
2023-01-13,232.6079559326172,239.22999572753906,239.3699951171875,234.9199981689453,237.0,21333300,MSFT
2023-01-17,233.69696044921875,240.35000610351562,240.91000366210938,237.08999633789062,237.97000122070312,29831300,MSFT
2023-01-18,229.28260803222656,235.80999755859375,242.3800048828125,235.52000427246094,241.57000732421875,30028700,MSFT
2023-01-19,225.51004028320312,231.92999267578125,235.52000427246094,230.67999267578125,233.77999877929688,28623000,MSFT
2023-01-20,233.57058715820312,240.22000122070312,240.74000549316406,234.50999450683594,234.86000061035156,35389800,MSFT
2023-01-23,235.86521911621094,242.5800018310547,245.1699981689453,239.64999389648438,241.10000610351562,31934000,MSFT
2023-01-24,235.3401641845703,242.0399932861328,243.9499969482422,240.44000244140625,242.5,40234400,MSFT
2023-01-25,233.9497528076172,240.61000061035156,243.3000030517578,230.89999389648438,234.47999572753906,66526600,MSFT
2023-01-26,241.13519287109375,248.0,248.30999755859375,242.0,243.64999389648438,33454500,MSFT
2023-01-27,241.29075622558594,248.16000366210938,249.8300018310547,246.8300018310547,248.99000549316406,26498900,MSFT
2023-01-30,235.9916229248047,242.7100067138672,245.60000610351562,242.1999969482422,244.50999450683594,25867400,MSFT
2023-01-31,240.95046997070312,247.80999755859375,247.9499969482422,242.9499969482422,243.4499969482422,26541100,MSFT
2023-02-01,245.75369262695312,252.75,255.17999267578125,245.47000122070312,248.0,31259900,MSFT
2023-02-02,257.2757263183594,264.6000061035156,264.69000244140625,257.25,258.82000732421875,39940400,MSFT
2023-02-03,251.19869995117188,258.3500061035156,264.20001220703125,257.1000061035156,259.5400085449219,29077300,MSFT
2023-02-06,249.66241455078125,256.7699890136719,258.29998779296875,254.77999877929688,257.44000244140625,22518000,MSFT
2023-02-07,260.15374755859375,267.55999755859375,268.7699890136719,260.0799865722656,260.5299987792969,50841400,MSFT
2023-02-08,259.34674072265625,266.7300109863281,276.760009765625,266.2099914550781,273.20001220703125,54686000,MSFT
2023-02-09,256.32281494140625,263.6199951171875,273.9800109863281,262.79998779296875,273.79998779296875,42375100,MSFT
2023-02-10,255.81723022460938,263.1000061035156,264.0899963378906,260.6600036621094,261.5299987792969,25818500,MSFT
2023-02-13,263.8096923828125,271.32000732421875,274.6000061035156,267.1499938964844,267.6400146484375,44630900,MSFT
2023-02-14,264.6361389160156,272.1700134277344,274.9700012207031,269.2799987792969,272.6700134277344,37047900,MSFT
2023-02-15,262.52093505859375,269.32000732421875,270.7300109863281,266.17999267578125,268.32000732421875,28922400,MSFT
2023-02-16,255.53189086914062,262.1499938964844,266.739990234375,261.8999938964844,264.0199890136719,29603600,MSFT
2023-02-17,251.54519653320312,258.05999755859375,260.0899963378906,256.0,259.3900146484375,30000100,MSFT
2023-02-21,246.29129028320312,252.6699981689453,255.49000549316406,251.58999633789062,254.47999572753906,28397400,MSFT
2023-02-22,245.16053771972656,251.50999450683594,254.33999633789062,250.33999633789062,254.08999633789062,22491100,MSFT
2023-02-23,248.3382568359375,254.77000427246094,256.8399963378906,250.47999572753906,255.55999755859375,29219100,MSFT
2023-02-24,242.92837524414062,249.22000122070312,251.0,248.10000610351562,249.9600067138672,24990900,MSFT
2023-02-27,243.84463500976562,250.16000366210938,252.82000732421875,249.38999938964844,252.4600067138672,21190000,MSFT
2023-02-28,243.12332153320312,249.4199981689453,251.49000549316406,248.72999572753906,249.07000732421875,22491000,MSFT
2023-03-01,240.0528564453125,246.27000427246094,250.92999267578125,245.7899932861328,250.75999450683594,27565300,MSFT
2023-03-02,244.77064514160156,251.11000061035156,251.39999389648438,245.61000061035156,246.5500030517578,24808200,MSFT
2023-03-03,248.84510803222656,255.2899932861328,255.6199951171875,251.38999938964844,252.19000244140625,30760100,MSFT
2023-03-06,250.38523864746094,256.8699951171875,260.1199951171875,255.97999572753906,256.42999267578125,24109800,MSFT
2023-03-07,247.73388671875,254.14999389648438,257.69000244140625,253.38999938964844,256.29998779296875,21473200,MSFT
2023-03-08,247.29525756835938,253.6999969482422,254.5399932861328,250.80999755859375,254.0399932861328,17340200,MSFT
2023-03-09,245.95010375976562,252.32000732421875,259.55999755859375,251.5800018310547,255.82000732421875,26653400,MSFT
2023-03-10,242.31427001953125,248.58999633789062,252.7899932861328,247.60000610351562,251.0800018310547,28333900,MSFT
2023-03-13,247.5097198486328,253.9199981689453,257.9100036621094,245.72999572753906,247.39999389648438,33339700,MSFT
2023-03-14,254.206298828125,260.7900085449219,261.07000732421875,255.86000061035156,256.75,33620300,MSFT
2023-03-15,258.7388916015625,265.44000244140625,266.4800109863281,259.2099914550781,259.9800109863281,46028000,MSFT
2023-03-16,269.2272644042969,276.20001220703125,276.55999755859375,263.2799987792969,265.2099914550781,54768800,MSFT
2023-03-17,272.3757019042969,279.42999267578125,283.3299865722656,276.32000732421875,278.260009765625,69527400,MSFT
2023-03-20,265.3574523925781,272.2300109863281,277.4800109863281,269.8500061035156,276.9800109863281,43466600,MSFT
2023-03-21,266.8683166503906,273.7799987792969,275.0,269.5199890136719,274.8800048828125,34558700,MSFT
2023-03-22,265.4159240722656,272.2900085449219,281.0400085449219,272.17999267578125,273.3999938964844,34873300,MSFT
2023-03-23,270.650390625,277.6600036621094,281.05999755859375,275.20001220703125,277.94000244140625,36610900,MSFT
2023-03-24,273.4869079589844,280.57000732421875,280.6300048828125,275.2799987792969,277.239990234375,28172000,MSFT
2023-03-27,269.4027404785156,276.3800048828125,281.4599914550781,275.5199890136719,280.5,26840200,MSFT
2023-03-28,268.2817077636719,275.2300109863281,276.1400146484375,272.04998779296875,275.7900085449219,21878600,MSFT
2023-03-29,273.4284362792969,280.510009765625,281.1400146484375,278.4100036621094,278.9599914550781,25087000,MSFT
2023-03-30,276.879150390625,284.04998779296875,284.4599914550781,281.4800109863281,284.2300109863281,25053400,MSFT
2023-03-31,281.0217590332031,288.29998779296875,289.2699890136719,283.0,283.7300109863281,32766000,MSFT
2023-04-03,279.9787902832031,287.2300109863281,288.2699890136719,283.95001220703125,286.5199890136719,24883300,MSFT
2023-04-04,279.9300231933594,287.17999267578125,290.45001220703125,285.6700134277344,287.2300109863281,25824300,MSFT
2023-04-05,277.1617126464844,284.3399963378906,287.1499938964844,282.9200134277344,285.8500061035156,22064800,MSFT
2023-04-06,284.2384338378906,291.6000061035156,292.0799865722656,282.0299987792969,283.2099914550781,29770300,MSFT
2023-04-10,282.0843200683594,289.3900146484375,289.6000061035156,284.7099914550781,289.2099914550781,23103000,MSFT
2023-04-11,275.6898193359375,282.8299865722656,285.9800109863281,281.6400146484375,285.75,27276600,MSFT
2023-04-12,276.33319091796875,283.489990234375,287.010009765625,281.9599914550781,284.7900085449219,27403400,MSFT
2023-04-13,282.52288818359375,289.8399963378906,289.8999938964844,283.1700134277344,283.5899963378906,24222700,MSFT
2023-04-14,278.9162902832031,286.1400146484375,288.4800109863281,283.69000244140625,287.0,20987900,MSFT
2023-04-17,281.50909423828125,288.79998779296875,291.6000061035156,286.1600036621094,289.92999267578125,23836200,MSFT
2023-04-18,281.0899963378906,288.3699951171875,291.760009765625,287.010009765625,291.57000732421875,20161800,MSFT
2023-04-19,281.16802978515625,288.45001220703125,289.04998779296875,284.5400085449219,285.989990234375,17150300,MSFT
2023-04-20,278.88702392578125,286.1099853515625,289.0299987792969,285.0799865722656,285.25,23244400,MSFT
2023-04-21,278.5459289550781,285.760009765625,286.2699890136719,283.05999755859375,285.010009765625,21676400,MSFT
2023-04-24,274.6565856933594,281.7699890136719,284.95001220703125,278.7200012207031,282.0899963378906,26611000,MSFT
2023-04-25,268.4669494628906,275.4200134277344,281.6000061035156,275.3699951171875,279.510009765625,45772200,MSFT
2023-04-26,287.91326904296875,295.3699951171875,299.57000732421875,292.7300109863281,296.70001220703125,64599200,MSFT
2023-04-27,297.1345520019531,304.8299865722656,305.20001220703125,295.25,295.9700012207031,46462600,MSFT
2023-04-28,299.5030517578125,307.260009765625,308.92999267578125,303.30999755859375,304.010009765625,36469600,MSFT
2023-05-01,297.84600830078125,305.55999755859375,308.6000061035156,305.1499938964844,306.9700012207031,21294100,MSFT
2023-05-02,297.6997985839844,305.4100036621094,309.17999267578125,303.9100036621094,307.760009765625,26404400,MSFT
2023-05-03,296.71533203125,304.3999938964844,308.6099853515625,304.0899963378906,306.6199951171875,22360800,MSFT
2023-05-04,297.6997985839844,305.4100036621094,307.760009765625,303.3999938964844,306.239990234375,22519900,MSFT
2023-05-05,302.8075256347656,310.6499938964844,311.9700012207031,304.2699890136719,305.7200012207031,28197100,MSFT
2023-05-08,300.8580322265625,308.6499938964844,310.20001220703125,306.0899963378906,310.1300048828125,21318600,MSFT
2023-05-09,299.2496643066406,307.0,310.0400085449219,306.30999755859375,308.0,21340800,MSFT
2023-05-10,304.4256286621094,312.30999755859375,313.0,307.6700134277344,308.6199951171875,30078000,MSFT
2023-05-11,302.2811584472656,310.1099853515625,311.1199951171875,306.260009765625,310.1000061035156,31680200,MSFT
2023-05-12,301.16998291015625,308.9700012207031,310.6499938964844,306.6000061035156,310.54998779296875,19774700,MSFT
2023-05-15,301.6476135253906,309.4599914550781,309.8999938964844,307.5899963378906,309.1000061035156,16336500,MSFT
2023-05-16,303.8699951171875,311.739990234375,313.7099914550781,309.8299865722656,309.8299865722656,26730300,MSFT
2023-05-17,306.7420654296875,314.0,314.42999267578125,310.739990234375,312.2900085449219,24315000,MSFT
2023-05-18,311.1575927734375,318.5199890136719,319.0400085449219,313.7200012207031,314.5299987792969,27276000,MSFT
2023-05-19,310.9817810058594,318.3399963378906,318.75,316.3699951171875,316.739990234375,27546700,MSFT
2023-05-22,313.756103515625,321.17999267578125,322.5899963378906,318.010009765625,318.6000061035156,24115700,MSFT
2023-05-23,307.9729919433594,315.260009765625,322.7200012207031,315.25,320.0299987792969,30797200,MSFT
2023-05-24,306.59552001953125,313.8500061035156,316.5,312.6099853515625,314.7300109863281,23384900,MSFT
2023-05-25,318.3865661621094,325.9200134277344,326.8999938964844,320.0,323.239990234375,43301700,MSFT
2023-05-26,325.1954650878906,332.8900146484375,333.3999938964844,323.8800048828125,324.0199890136719,36630600,MSFT
2023-05-30,323.55426025390625,331.2099914550781,335.739990234375,330.5199890136719,335.2300109863281,29503100,MSFT
2023-05-31,320.79949951171875,328.3900146484375,335.94000244140625,327.3299865722656,332.2900085449219,45950600,MSFT
2023-06-01,324.892578125,332.5799865722656,333.5299987792969,324.7200012207031,325.92999267578125,26773900,MSFT
2023-06-02,327.64739990234375,335.3999938964844,337.5,332.54998779296875,334.25,25873800,MSFT
2023-06-05,328.1749572753906,335.94000244140625,338.55999755859375,334.6600036621094,335.2200012207031,21307100,MSFT
2023-06-06,325.9671630859375,333.67999267578125,335.3699951171875,332.1700134277344,335.3299865722656,20396200,MSFT
2023-06-07,315.90521240234375,323.3800048828125,334.489990234375,322.5,331.6499938964844,40717100,MSFT
2023-06-08,317.74176025390625,325.260009765625,326.6400146484375,323.3500061035156,323.94000244140625,23277700,MSFT
2023-06-09,319.2364501953125,326.7900085449219,329.989990234375,324.4100036621094,324.989990234375,22529000,MSFT
2023-06-12,324.1794738769531,331.8500061035156,332.1000061035156,325.1600036621094,328.5799865722656,24260300,MSFT
2023-06-13,326.5631408691406,334.2900085449219,336.9800109863281,330.3900146484375,334.4700012207031,22951300,MSFT
2023-06-14,329.5426025390625,337.3399963378906,339.0400085449219,332.80999755859375,334.3399963378906,26003800,MSFT
2023-06-15,340.0538635253906,348.1000061035156,349.8399963378906,337.20001220703125,337.4800109863281,38899100,MSFT
2023-06-16,334.417236328125,342.3299865722656,351.4700012207031,341.95001220703125,351.32000732421875,46552000,MSFT
2023-06-20,330.2361755371094,338.04998779296875,342.0799865722656,335.8599853515625,339.30999755859375,26375400,MSFT
2023-06-21,325.8499450683594,333.55999755859375,337.7300109863281,332.07000732421875,336.3699951171875,25117800,MSFT
2023-06-22,331.8578186035156,339.7099914550781,340.1199951171875,333.3399963378906,334.1199951171875,23556800,MSFT
2023-06-23,327.2762145996094,335.0199890136719,337.9599914550781,333.45001220703125,334.3599853515625,23146900,MSFT
2023-06-26,321.00457763671875,328.6000061035156,336.1099853515625,328.489990234375,333.7200012207031,21520600,MSFT
2023-06-27,326.8366394042969,334.57000732421875,336.1499938964844,329.29998779296875,331.8599853515625,24354100,MSFT
2023-06-28,328.0870056152344,335.8500061035156,337.9800109863281,333.80999755859375,334.6600036621094,20259500,MSFT
2023-06-29,327.30548095703125,335.04998779296875,336.1099853515625,332.6199951171875,334.7099914550781,16997000,MSFT
2023-06-30,332.6686096191406,340.5400085449219,342.7300109863281,337.20001220703125,337.75,26832800,MSFT
2023-07-03,330.1775207519531,337.989990234375,340.8999938964844,336.57000732421875,339.19000244140625,12508700,MSFT
2023-07-05,330.3338928222656,338.1499938964844,341.6499938964844,334.7300109863281,335.0899963378906,18172400,MSFT
2023-07-06,333.3817138671875,341.2699890136719,342.989990234375,335.5,337.29998779296875,28161200,MSFT
2023-07-07,329.42535400390625,337.2200012207031,341.7900085449219,337.0,339.32000732421875,21214800,MSFT
2023-07-10,324.159912109375,331.8299865722656,335.2300109863281,327.5899963378906,334.6000061035156,32791400,MSFT
2023-07-11,324.7851257324219,332.4700012207031,332.8599853515625,327.0,331.05999755859375,26698200,MSFT
2023-07-12,329.4058532714844,337.20001220703125,341.6499938964844,335.6700134277344,336.6000061035156,29995300,MSFT
2023-07-13,334.7395935058594,342.6600036621094,343.739990234375,339.0199890136719,339.55999755859375,20567200,MSFT
2023-07-14,337.25994873046875,345.239990234375,351.42999267578125,344.30999755859375,347.5899963378906,28352700,MSFT
2023-07-17,337.7386474609375,345.7300109863281,346.989990234375,342.20001220703125,345.67999267578125,20363900,MSFT
2023-07-18,351.1806335449219,359.489990234375,366.7799987792969,342.1700134277344,345.8299865722656,64738600,MSFT
2023-07-19,346.87249755859375,355.0799865722656,362.4599914550781,352.44000244140625,361.75,39732900,MSFT
2023-07-20,338.8522644042969,346.8699951171875,357.9700012207031,345.3699951171875,353.57000732421875,33778400,MSFT
2023-07-21,335.8240051269531,343.7699890136719,350.29998779296875,339.8299865722656,349.1499938964844,69405400,MSFT
2023-07-24,337.1329345703125,345.1099853515625,346.9200134277344,342.30999755859375,345.8500061035156,26678100,MSFT
2023-07-25,342.8673400878906,350.9800109863281,351.8900146484375,345.07000732421875,347.1099853515625,41637700,MSFT
2023-07-26,329.962646484375,337.7699890136719,344.6700134277344,333.1099853515625,341.44000244140625,58383700,MSFT
2023-07-27,323.0755615234375,330.7200012207031,341.3299865722656,329.04998779296875,340.4800109863281,39635300,MSFT
2023-07-28,330.5487976074219,338.3699951171875,340.010009765625,333.1700134277344,333.6700134277344,28484900,MSFT
2023-07-31,328.1554260253906,335.9200134277344,337.70001220703125,333.3599853515625,336.9200134277344,25446000,MSFT
2023-08-01,328.5656433105469,336.3399963378906,338.5400085449219,333.70001220703125,335.19000244140625,18311900,MSFT
2023-08-02,319.92999267578125,327.5,333.6300048828125,326.3599853515625,333.6300048828125,27761300,MSFT
2023-08-03,319.10943603515625,326.6600036621094,329.8800048828125,325.95001220703125,326.0,18253700,MSFT
2023-08-04,320.2035217285156,327.7799987792969,335.1400146484375,327.239990234375,331.8800048828125,23741500,MSFT
2023-08-07,322.47967529296875,330.1099853515625,331.1099853515625,327.5199890136719,328.3699951171875,17741500,MSFT
2023-08-08,318.51348876953125,326.04998779296875,328.75,323.0,326.9599914550781,22327600,MSFT
2023-08-09,314.7818298339844,322.2300109863281,327.1099853515625,321.04998779296875,326.4700012207031,22373300,MSFT
2023-08-10,315.4656677246094,322.92999267578125,328.260009765625,321.17999267578125,326.0199890136719,20113700,MSFT
2023-08-11,313.59002685546875,321.010009765625,322.4100036621094,319.2099914550781,320.260009765625,24355500,MSFT
2023-08-14,316.550048828125,324.0400085449219,324.05999755859375,320.0799865722656,321.3900146484375,18836100,MSFT
2023-08-15,314.4203796386719,321.8599853515625,325.0899963378906,320.8999938964844,323.0,16966300,MSFT
2023-08-16,313.65679931640625,320.3999938964844,324.4200134277344,319.79998779296875,320.79998779296875,20698900,MSFT
2023-08-17,310.2109680175781,316.8800048828125,321.8699951171875,316.2099914550781,320.5400085449219,21257200,MSFT
2023-08-18,309.81927490234375,316.4800109863281,318.3800048828125,311.54998779296875,314.489990234375,24755000,MSFT
2023-08-21,315.10565185546875,321.8800048828125,322.7699890136719,317.0400085449219,317.92999267578125,24040000,MSFT
2023-08-22,315.6734313964844,322.4599914550781,326.0799865722656,321.4599914550781,325.5,16084600,MSFT
2023-08-23,320.117919921875,327.0,329.20001220703125,323.4599914550781,323.82000732421875,21166400,MSFT
2023-08-24,313.23583984375,319.9700012207031,332.9800109863281,319.9599914550781,332.8500061035156,23281400,MSFT
2023-08-25,316.1824951171875,322.9800109863281,325.3599853515625,318.79998779296875,321.4700012207031,21684100,MSFT
2023-08-28,316.8873596191406,323.70001220703125,326.1499938964844,321.7200012207031,325.6600036621094,14808500,MSFT
2023-08-29,321.4981994628906,328.4100036621094,328.9800109863281,321.8800048828125,321.8800048828125,19284600,MSFT
2023-08-30,321.8702392578125,328.7900085449219,329.80999755859375,326.45001220703125,328.6700134277344,15222100,MSFT
2023-08-31,320.8619079589844,327.760009765625,330.9100036621094,326.7799987792969,329.20001220703125,26411000,MSFT
2023-09-01,321.7429504394531,328.6600036621094,331.989990234375,326.7799987792969,331.30999755859375,14942000,MSFT
2023-09-05,326.530029296875,333.54998779296875,334.8500061035156,328.6600036621094,329.0,18553900,MSFT
2023-09-06,325.8741760253906,332.8800048828125,334.4599914550781,330.17999267578125,333.3800048828125,17535800,MSFT
2023-09-07,322.9665832519531,329.9100036621094,333.0799865722656,329.0299987792969,331.2900085449219,18381000,MSFT
2023-09-08,327.2348937988281,334.2699890136719,336.1600036621094,329.4599914550781,330.0899963378906,19530100,MSFT
2023-09-11,330.82769775390625,337.94000244140625,338.4200134277344,335.42999267578125,337.239990234375,16583300,MSFT
2023-09-12,324.78753662109375,331.7699890136719,336.7900085449219,331.4800109863281,335.82000732421875,17565500,MSFT
2023-09-13,328.9871826171875,336.05999755859375,336.8500061035156,331.1700134277344,331.30999755859375,16544400,MSFT
2023-09-14,331.5716552734375,338.70001220703125,340.8599853515625,336.57000732421875,339.1499938964844,20267000,MSFT
2023-09-15,323.2701416015625,330.2200012207031,337.3999938964844,329.6499938964844,336.9200134277344,37679800,MSFT
2023-09-18,322.13458251953125,329.05999755859375,330.3999938964844,326.3599853515625,327.79998779296875,16834200,MSFT
2023-09-19,321.7331848144531,328.6499938964844,329.3900146484375,324.510009765625,326.1700134277344,16505900,MSFT
2023-09-20,314.01904296875,320.7699890136719,329.5899963378906,320.510009765625,329.510009765625,21436500,MSFT
2023-09-21,312.8050842285156,319.5299987792969,325.3500061035156,315.0,319.260009765625,35560400,MSFT
2023-09-22,310.3381652832031,317.010009765625,321.45001220703125,316.1499938964844,321.32000732421875,21447900,MSFT
2023-09-25,310.8570251464844,317.5400085449219,317.6700134277344,315.0,316.5899963378906,17836000,MSFT
2023-09-26,305.5706787109375,312.1400146484375,315.8800048828125,310.0199890136719,315.1300048828125,26297600,MSFT
2023-09-27,306.20697021484375,312.7900085449219,314.29998779296875,309.69000244140625,312.29998779296875,19410100,MSFT
2023-09-28,307.03912353515625,313.6400146484375,315.4800109863281,309.45001220703125,310.989990234375,19683600,MSFT
2023-09-29,309.1047058105469,315.75,319.4700012207031,314.9800109863281,317.75,24147300,MSFT
2023-10-02,315.02728271484375,321.79998779296875,321.8900146484375,315.17999267578125,316.2799987792969,20570000,MSFT
2023-10-03,306.79437255859375,313.3900146484375,321.3900146484375,311.2099914550781,320.8299865722656,21033500,MSFT
2023-10-04,312.24713134765625,318.9599914550781,320.0400085449219,314.0,314.0299987792969,20720100,MSFT
2023-10-05,312.6386413574219,319.3599853515625,319.9800109863281,314.8999938964844,319.0899963378906,16965600,MSFT
2023-10-06,320.3724060058594,327.260009765625,329.19000244140625,316.29998779296875,316.54998779296875,25673600,MSFT
2023-10-09,322.8785095214844,329.82000732421875,330.29998779296875,323.17999267578125,324.75,19891200,MSFT
2023-10-10,321.47869873046875,328.3900146484375,331.1000061035156,327.6700134277344,330.9599914550781,20557100,MSFT
2023-10-11,325.423828125,332.4200134277344,332.82000732421875,329.1400146484375,331.2099914550781,20063200,MSFT
2023-10-12,324.1903991699219,331.1600036621094,333.6300048828125,328.7200012207031,330.57000732421875,19313100,MSFT
2023-10-13,320.8325500488281,327.7300109863281,333.8299865722656,326.3599853515625,332.3800048828125,21072400,MSFT
2023-10-16,325.63922119140625,332.6400146484375,336.1400146484375,330.6000061035156,331.04998779296875,22158000,MSFT
2023-10-17,325.0714111328125,332.05999755859375,333.4599914550781,327.4100036621094,329.5899963378906,18338500,MSFT
2023-10-18,323.1624450683594,330.1099853515625,335.5899963378906,328.29998779296875,332.489990234375,23153600,MSFT
2023-10-19,324.3469543457031,331.32000732421875,336.8800048828125,330.9100036621094,332.1499938964844,25052100,MSFT
2023-10-20,319.7948303222656,326.6700134277344,331.9200134277344,325.45001220703125,331.7200012207031,25027700,MSFT
2023-10-23,322.38909912109375,329.32000732421875,332.7300109863281,324.3900146484375,325.4700012207031,24374700,MSFT
2023-10-24,323.57354736328125,330.5299987792969,331.8399963378906,327.6000061035156,331.29998779296875,31153600,MSFT
2023-10-25,333.5002136230469,340.6700134277344,346.20001220703125,337.6199951171875,345.0199890136719,55053800,MSFT
2023-10-26,320.9891662597656,327.8900146484375,341.6300048828125,326.94000244140625,340.5400085449219,37828500,MSFT
2023-10-27,322.8687744140625,329.80999755859375,336.7200012207031,328.3999938964844,330.42999267578125,29856500,MSFT
2023-10-30,330.2109375,337.30999755859375,339.45001220703125,331.8299865722656,333.4100036621094,22828100,MSFT
2023-10-31,330.99407958984375,338.1099853515625,339.0,334.69000244140625,338.8500061035156,20265300,MSFT
2023-11-01,338.7865905761719,346.07000732421875,347.4200134277344,339.6499938964844,339.7900085449219,28158800,MSFT
2023-11-02,340.9892272949219,348.32000732421875,348.8299865722656,344.7699890136719,347.239990234375,24348100,MSFT
2023-11-03,345.3748779296875,352.79998779296875,354.3900146484375,347.3299865722656,349.6300048828125,23637700,MSFT
2023-11-06,349.02642822265625,356.5299987792969,357.5400085449219,353.3500061035156,353.45001220703125,23828300,MSFT
2023-11-07,352.9422302246094,360.5299987792969,362.4599914550781,357.6300048828125,359.3999938964844,25833900,MSFT
2023-11-08,355.5560607910156,363.20001220703125,363.8699951171875,360.54998779296875,361.67999267578125,26767800,MSFT
2023-11-09,353.0989074707031,360.69000244140625,364.7900085449219,360.3599853515625,362.29998779296875,24847300,MSFT
2023-11-10,361.88983154296875,369.6700134277344,370.1000061035156,361.07000732421875,361.489990234375,28042100,MSFT
2023-11-13,358.9627685546875,366.67999267578125,368.4700012207031,365.8999938964844,368.2200012207031,19986500,MSFT
2023-11-14,362.4772033691406,370.2699890136719,371.95001220703125,367.3500061035156,371.010009765625,27683900,MSFT
2023-11-15,362.6243591308594,369.6700134277344,373.1300048828125,367.1099853515625,371.2799987792969,26860100,MSFT
2023-11-16,369.0005187988281,376.1700134277344,376.3500061035156,370.17999267578125,370.9599914550781,27182300,MSFT
2023-11-17,362.8009948730469,369.8500061035156,374.3699951171875,367.0,373.6099853515625,40157000,MSFT
2023-11-20,370.246337890625,377.44000244140625,378.8699951171875,371.0,371.2200012207031,52465100,MSFT
2023-11-21,365.9595947265625,373.07000732421875,376.2200012207031,371.1199951171875,375.6700134277344,28423100,MSFT
2023-11-22,370.64849853515625,377.8500061035156,379.7900085449219,374.9700012207031,378.0,23345300,MSFT
2023-11-24,370.2364196777344,377.42999267578125,377.9700012207031,375.1400146484375,377.3299865722656,10176600,MSFT
2023-11-27,371.3939514160156,378.6099853515625,380.6400146484375,376.20001220703125,376.7799987792969,22179200,MSFT
2023-11-28,375.406005859375,382.70001220703125,383.0,378.1600036621094,378.3500061035156,20453100,MSFT
2023-11-29,371.6294250488281,378.8500061035156,384.29998779296875,377.44000244140625,383.760009765625,28963400,MSFT
2023-11-30,371.68829345703125,378.9100036621094,380.0899963378906,375.4700012207031,378.489990234375,30554400,MSFT
2023-12-01,367.3721618652344,374.510009765625,378.1600036621094,371.30999755859375,376.760009765625,33040500,MSFT
2023-12-04,362.1045227050781,369.1400146484375,369.5199890136719,362.8999938964844,369.1000061035156,32063300,MSFT
2023-12-05,365.4200134277344,372.5199890136719,373.0799865722656,365.6199951171875,366.45001220703125,23065000,MSFT
2023-12-06,361.7709655761719,368.79998779296875,374.17999267578125,368.0299987792969,373.5400085449219,21182100,MSFT
2023-12-07,363.88006591796875,370.95001220703125,371.45001220703125,366.32000732421875,368.2300109863281,23118900,MSFT
2023-12-08,367.0974426269531,374.2300109863281,374.4599914550781,368.2300109863281,369.20001220703125,20154400,MSFT
2023-12-11,364.2232666015625,371.29998779296875,371.6000061035156,366.1000061035156,368.4800109863281,27708800,MSFT
2023-12-12,367.2445983886719,374.3800048828125,374.4200134277344,370.4599914550781,370.8500061035156,24838300,MSFT
2023-12-13,367.2348327636719,374.3699951171875,377.6400146484375,370.7699890136719,376.0199890136719,30955500,MSFT
2023-12-14,358.9557189941406,365.92999267578125,373.760009765625,364.1300048828125,373.30999755859375,43277500,MSFT
2023-12-15,363.6642150878906,370.7300109863281,372.3999938964844,366.2799987792969,366.8500061035156,78502300,MSFT
2023-12-18,365.5475769042969,372.6499938964844,373.0,368.67999267578125,369.45001220703125,21802900,MSFT
2023-12-19,366.1459655761719,373.260009765625,373.260009765625,369.8399963378906,371.489990234375,20603700,MSFT
2023-12-20,363.5562744140625,370.6199951171875,376.0299987792969,370.5299987792969,375.0,26316700,MSFT
2023-12-21,366.420654296875,373.5400085449219,374.4100036621094,370.0400085449219,372.55999755859375,17708000,MSFT
2023-12-22,367.4407653808594,374.5799865722656,375.17999267578125,372.7099914550781,373.67999267578125,17107500,MSFT
2023-12-26,367.519287109375,374.6600036621094,376.94000244140625,373.5,375.0,12673100,MSFT
2023-12-27,366.9405822753906,374.07000732421875,375.05999755859375,372.80999755859375,373.69000244140625,14905400,MSFT
2023-12-28,368.1274719238281,375.2799987792969,376.4599914550781,374.1600036621094,375.3699951171875,14327000,MSFT
2023-12-29,368.8729553222656,376.0400085449219,377.1600036621094,373.4800109863281,376.0,18730800,MSFT
2024-01-02,363.8014831542969,370.8699951171875,375.8999938964844,366.7699890136719,373.8599853515625,25258600,MSFT
2024-01-03,363.53668212890625,370.6000061035156,373.260009765625,368.510009765625,369.010009765625,23083500,MSFT
2024-01-04,360.9273681640625,367.94000244140625,373.1000061035156,367.1700134277344,370.6700134277344,20901500,MSFT
2024-01-05,360.740966796875,367.75,372.05999755859375,366.5,368.9700012207031,21004600,MSFT
2024-01-08,367.5486755371094,374.69000244140625,375.20001220703125,369.010009765625,369.29998779296875,23134000,MSFT
2024-01-09,368.6277160644531,375.7900085449219,375.989990234375,371.19000244140625,372.010009765625,20830000,MSFT
2024-01-10,375.47467041015625,382.7699890136719,384.1700134277344,376.32000732421875,376.3699951171875,25514200,MSFT
2024-01-11,377.2992858886719,384.6300048828125,390.67999267578125,380.3800048828125,386.0,27850800,MSFT
2024-01-12,381.0660400390625,388.4700012207031,388.67999267578125,384.6499938964844,385.489990234375,21661200,MSFT
2024-01-16,382.83172607421875,390.2699890136719,394.0299987792969,387.6199951171875,393.6600036621094,27202300,MSFT
2024-01-17,382.04705810546875,389.4700012207031,390.1099853515625,384.80999755859375,387.9800109863281,22234100,MSFT
2024-01-18,386.36309814453125,393.8699951171875,393.989990234375,390.1199951171875,391.7200012207031,23392100,MSFT
2024-01-19,391.0716552734375,398.6700134277344,398.6700134277344,393.5,395.760009765625,29331100,MSFT
2024-01-22,388.952880859375,396.510009765625,400.6199951171875,393.5899963378906,400.0199890136719,27016900,MSFT
2024-01-23,391.2972717285156,398.8999938964844,399.3800048828125,393.92999267578125,395.75,20525900,MSFT
2024-01-24,394.88751220703125,402.55999755859375,405.6300048828125,400.45001220703125,401.5400085449219,24867000,MSFT
2024-01-25,397.15350341796875,404.8699951171875,407.010009765625,402.5299987792969,404.32000732421875,21021200,MSFT
2024-01-26,396.2314147949219,403.92999267578125,406.1700134277344,402.42999267578125,404.3699951171875,17803300,MSFT
2024-01-29,401.9110107421875,409.7200012207031,409.9800109863281,404.3299865722656,406.05999755859375,24510200,MSFT
2024-01-30,400.8025817871094,408.5899963378906,413.04998779296875,406.45001220703125,412.260009765625,33477600,MSFT
2024-01-31,390.0024719238281,397.5799865722656,415.32000732421875,397.2099914550781,406.9599914550781,47871100,MSFT
2024-02-01,396.08428955078125,403.7799987792969,408.0,401.79998779296875,401.8299865722656,30657700,MSFT
2024-02-02,403.3824768066406,411.2200012207031,412.6499938964844,403.55999755859375,403.80999755859375,28256700,MSFT
2024-02-05,397.9185485839844,405.6499938964844,411.1600036621094,403.989990234375,409.8999938964844,25352300,MSFT
2024-02-06,397.7616882324219,405.489990234375,407.9700012207031,402.9100036621094,405.8800048828125,18382600,MSFT
2024-02-07,406.1585388183594,414.04998779296875,414.29998779296875,407.3999938964844,407.44000244140625,22340500,MSFT
2024-02-08,406.2173767089844,414.1099853515625,415.55999755859375,412.5299987792969,414.04998779296875,21225300,MSFT
2024-02-09,412.53466796875,420.54998779296875,420.82000732421875,415.0899963378906,415.25,22032800,MSFT
2024-02-12,407.3454284667969,415.260009765625,420.739990234375,414.75,420.55999755859375,21202900,MSFT
2024-02-13,398.57586669921875,406.32000732421875,410.07000732421875,403.3900146484375,404.94000244140625,27824900,MSFT
2024-02-14,402.4282531738281,409.489990234375,409.8399963378906,404.57000732421875,408.07000732421875,20401200,MSFT
2024-02-15,399.5487976074219,406.55999755859375,409.1300048828125,404.2900085449219,408.1400146484375,21825500,MSFT
2024-02-16,397.09185791015625,404.05999755859375,408.2900085449219,403.44000244140625,407.9599914550781,22296500,MSFT
2024-02-20,395.8438415527344,402.7900085449219,404.489990234375,398.010009765625,403.239990234375,24307900,MSFT
2024-02-21,395.2442626953125,402.17999267578125,402.2900085449219,397.2200012207031,400.1700134277344,18518900,MSFT
2024-02-22,404.551025390625,411.6499938964844,412.8299865722656,408.57000732421875,410.19000244140625,27009900,MSFT
2024-02-23,403.26361083984375,410.3399963378906,415.8599853515625,408.9700012207031,415.6700134277344,16295900,MSFT
2024-02-26,400.5118713378906,407.5400085449219,412.1600036621094,407.3599853515625,411.4599914550781,16193500,MSFT
2024-02-27,400.4529724121094,407.4800109863281,408.32000732421875,403.8500061035156,407.989990234375,14835800,MSFT
2024-02-28,400.68878173828125,407.7200012207031,409.29998779296875,405.32000732421875,408.17999267578125,13183100,MSFT
2024-02-29,406.5066833496094,413.6400146484375,414.20001220703125,405.9200134277344,408.6400146484375,31947300,MSFT
2024-03-01,408.3346252441406,415.5,415.8699951171875,410.8800048828125,411.2699890136719,17823400,MSFT
2024-03-04,407.7646789550781,414.9200134277344,417.3500061035156,412.32000732421875,413.44000244140625,17596000,MSFT
2024-03-05,395.7061462402344,402.6499938964844,414.25,400.6400146484375,413.9599914550781,26919200,MSFT
2024-03-06,395.1558532714844,402.0899963378906,405.1600036621094,398.3900146484375,402.9700012207031,22344100,MSFT
2024-03-07,402.08428955078125,409.1400146484375,409.7799987792969,402.239990234375,406.1199951171875,18718500,MSFT
2024-03-08,399.21466064453125,406.2200012207031,410.4200134277344,404.3299865722656,407.9599914550781,18002200,MSFT
2024-03-11,397.5439758300781,404.5199890136719,405.67999267578125,401.260009765625,403.760009765625,16120800,MSFT
2024-03-12,408.11834716796875,415.2799987792969,415.57000732421875,406.7900085449219,407.6199951171875,22457000,MSFT
2024-03-13,407.9414978027344,415.1000061035156,418.17999267578125,411.45001220703125,418.1000061035156,17115900,MSFT
2024-03-14,417.8869934082031,425.2200012207031,427.82000732421875,417.989990234375,420.239990234375,34157300,MSFT
2024-03-15,409.23876953125,416.4200134277344,422.6000061035156,412.7900085449219,419.2900085449219,45079900,MSFT
2024-03-18,410.12322998046875,417.32000732421875,420.7300109863281,413.7799987792969,414.25,20106000,MSFT
2024-03-19,414.1427001953125,421.4100036621094,421.6700134277344,415.54998779296875,417.8299865722656,19837900,MSFT
2024-03-20,417.89678955078125,425.2300109863281,425.9599914550781,420.6600036621094,422.0,17860100,MSFT
2024-03-21,421.96539306640625,429.3699951171875,430.82000732421875,427.1600036621094,429.8299865722656,21296200,MSFT
2024-03-22,421.3462829589844,428.739990234375,429.8599853515625,426.07000732421875,429.70001220703125,17648500,MSFT
2024-03-25,415.5676574707031,422.8599853515625,427.4100036621094,421.6099853515625,425.239990234375,18060500,MSFT
2024-03-26,414.3785095214844,421.6499938964844,425.989990234375,421.3500061035156,425.6099853515625,16725600,MSFT
2024-03-27,414.16229248046875,421.42999267578125,424.45001220703125,419.010009765625,424.44000244140625,16705000,MSFT
2024-03-28,413.4645690917969,420.7200012207031,421.8699951171875,419.1199951171875,420.9599914550781,21871200,MSFT
2024-04-01,417.2481689453125,424.57000732421875,427.8900146484375,422.2200012207031,423.95001220703125,16316000,MSFT
2024-04-02,414.1722412109375,421.44000244140625,422.3800048828125,417.8399963378906,420.1099853515625,17912000,MSFT
2024-04-03,413.1992492675781,420.45001220703125,423.260009765625,419.0899963378906,419.7300109863281,16502300,MSFT
2024-04-04,410.6736145019531,417.8800048828125,428.6700134277344,417.57000732421875,424.989990234375,19370900,MSFT
2024-04-05,418.18182373046875,425.5199890136719,426.510009765625,418.32000732421875,420.010009765625,16554800,MSFT
2024-04-08,417.2678527832031,424.5899963378906,427.2799987792969,423.29998779296875,425.1700134277344,14272400,MSFT
2024-04-09,418.9286804199219,426.2799987792969,427.739990234375,421.6199951171875,426.44000244140625,12496900,MSFT
2024-04-10,415.9608154296875,423.260009765625,424.0299987792969,419.70001220703125,422.19000244140625,16216600,MSFT
2024-04-11,420.5502624511719,427.92999267578125,429.3699951171875,422.3599853515625,425.82000732421875,17966400,MSFT
2024-04-12,414.624267578125,421.8999938964844,425.17999267578125,419.7699890136719,424.04998779296875,19253800,MSFT
2024-04-15,406.5066833496094,413.6400146484375,426.82000732421875,413.42999267578125,426.6000061035156,20273500,MSFT
2024-04-16,407.4305114746094,414.5799865722656,418.3999938964844,413.7300109863281,414.57000732421875,16765600,MSFT
2024-04-17,404.7377624511719,411.8399963378906,418.8800048828125,410.3299865722656,417.25,15855500,MSFT
2024-04-18,397.2983093261719,404.2699890136719,411.8900146484375,403.95001220703125,410.6300048828125,21029900,MSFT
2024-04-19,392.23712158203125,399.1199951171875,405.4800109863281,397.7699890136719,404.0299987792969,30565800,MSFT
2024-04-22,394.04534912109375,400.9599914550781,402.8500061035156,395.75,400.0799865722656,20286900,MSFT
2024-04-23,400.5413513183594,407.57000732421875,408.20001220703125,403.05999755859375,404.239990234375,15734500,MSFT
2024-04-24,402.00567626953125,409.05999755859375,412.4700012207031,406.7799987792969,409.55999755859375,15065300,MSFT
2024-04-25,392.1584777832031,399.0400085449219,399.8900146484375,388.0299987792969,394.0299987792969,40586500,MSFT
2024-04-26,399.31292724609375,406.32000732421875,413.0,405.760009765625,412.1700134277344,29694700,MSFT
2024-04-29,395.3131408691406,402.25,406.32000732421875,399.19000244140625,405.25,19582100,MSFT
2024-04-30,382.61590576171875,389.3299865722656,402.1600036621094,389.1700134277344,401.489990234375,28781400,MSFT
2024-05-01,388.1291809082031,394.94000244140625,401.7200012207031,390.30999755859375,392.6099853515625,23562500,MSFT
2024-05-02,390.9791564941406,397.8399963378906,399.92999267578125,394.6499938964844,397.6600036621094,17709400,MSFT
2024-05-03,399.64703369140625,406.6600036621094,407.1499938964844,401.8599853515625,402.2799987792969,17446700,MSFT
2024-05-06,406.4084167480469,413.5400085449219,413.92999267578125,406.3699951171875,408.760009765625,16996600,MSFT
2024-05-07,402.28082275390625,409.3399963378906,414.6700134277344,409.0899963378906,414.6600036621094,20018200,MSFT
2024-05-08,403.46014404296875,410.5400085449219,412.2300109863281,406.7099914550781,408.1700134277344,11792300,MSFT
2024-05-09,405.20947265625,412.32000732421875,412.7200012207031,409.1000061035156,410.57000732421875,14689700,MSFT
2024-05-10,407.587646484375,414.739990234375,415.3800048828125,411.79998779296875,412.94000244140625,13402300,MSFT
2024-05-13,406.5853271484375,413.7200012207031,418.3500061035156,410.82000732421875,418.010009765625,15440200,MSFT
2024-05-14,409.3763122558594,416.55999755859375,417.489990234375,411.54998779296875,412.0199890136719,15109300,MSFT
2024-05-15,416.5338439941406,423.0799865722656,423.80999755859375,417.2699890136719,417.8999938964844,22239500,MSFT
2024-05-16,414.47613525390625,420.989990234375,425.4200134277344,420.3500061035156,421.79998779296875,17530100,MSFT
2024-05-17,413.7082214355469,420.2099914550781,422.9200134277344,418.0299987792969,422.5400085449219,15352200,MSFT
2024-05-20,418.7589111328125,425.3399963378906,426.7699890136719,419.989990234375,420.2099914550781,16272100,MSFT
2024-05-21,422.40167236328125,429.0400085449219,432.9700012207031,424.8500061035156,426.8299865722656,21453300,MSFT
2024-05-22,423.8587646484375,430.5199890136719,432.4100036621094,427.1300048828125,430.0899963378906,18073700,MSFT
2024-05-23,420.3932189941406,427.0,433.6000061035156,425.4200134277344,432.9700012207031,17211700,MSFT
2024-05-24,423.5042724609375,430.1600036621094,431.05999755859375,424.4100036621094,427.19000244140625,11855300,MSFT
2024-05-28,423.6618957519531,430.32000732421875,430.82000732421875,426.6000061035156,429.6300048828125,15718000,MSFT
2024-05-29,422.5296325683594,429.1700134277344,430.94000244140625,425.69000244140625,425.69000244140625,15517100,MSFT
2024-05-30,408.2539978027344,414.6700134277344,424.29998779296875,414.239990234375,424.29998779296875,28394500,MSFT
2024-05-31,408.70684814453125,415.1300048828125,416.75,404.510009765625,416.75,47995300,MSFT
2024-06-03,407.1217346191406,413.5199890136719,416.42999267578125,408.9200134277344,415.5299987792969,17484700,MSFT
2024-06-04,409.63232421875,416.07000732421875,416.44000244140625,409.67999267578125,412.42999267578125,14348900,MSFT
2024-06-05,417.4494934082031,424.010009765625,424.0799865722656,416.29998779296875,417.80999755859375,16988000,MSFT
2024-06-06,417.9515075683594,424.5199890136719,425.30999755859375,420.5799865722656,424.010009765625,14861300,MSFT
2024-06-07,417.29193115234375,423.8500061035156,426.2799987792969,423.0,426.20001220703125,13621700,MSFT
2024-06-10,421.24969482421875,427.8699951171875,428.0799865722656,423.8900146484375,424.70001220703125,13982900,MSFT
2024-06-11,425.9853210449219,432.67999267578125,432.82000732421875,425.25,425.4800109863281,14551100,MSFT
2024-06-12,434.23565673828125,441.05999755859375,443.3999938964844,433.25,435.32000732421875,22366200,MSFT
2024-06-13,434.7475891113281,441.5799865722656,443.3900146484375,439.3699951171875,440.8500061035156,15960600,MSFT
2024-06-14,435.7223205566406,442.57000732421875,443.1400146484375,436.7200012207031,438.2799987792969,13582000,MSFT
2024-06-17,441.4325256347656,448.3699951171875,450.94000244140625,440.7200012207031,442.5899963378906,20790000,MSFT
2024-06-18,439.4339904785156,446.3399963378906,450.1400146484375,444.8900146484375,449.7099914550781,17112500,MSFT
2024-06-20,438.80389404296875,445.70001220703125,446.5299987792969,441.2699890136719,446.29998779296875,19877400,MSFT
2024-06-21,442.82073974609375,449.7799987792969,450.5799865722656,446.510009765625,447.3800048828125,34187100,MSFT
2024-06-24,440.7434387207031,447.6700134277344,452.75,446.4100036621094,449.79998779296875,15913700,MSFT
2024-06-25,443.9726257324219,450.95001220703125,451.4200134277344,446.75,448.25,16413400,MSFT
2024-06-26,445.1639404296875,452.1600036621094,453.6000061035156,448.19000244140625,449.0,16507000,MSFT
2024-06-27,445.84326171875,452.8500061035156,456.1700134277344,451.7699890136719,452.17999267578125,14806300,MSFT
2024-06-28,440.0345764160156,446.95001220703125,455.3800048828125,446.4100036621094,453.07000732421875,28362300,MSFT
2024-07-01,449.6631774902344,456.7300109863281,457.3699951171875,445.6600036621094,448.6600036621094,17662800,MSFT
2024-07-02,452.1737060546875,459.2799987792969,459.5899963378906,453.1099853515625,453.20001220703125,13979800,MSFT
2024-07-03,453.640625,460.7699890136719,461.0199890136719,457.8800048828125,458.19000244140625,9932800,MSFT
2024-07-05,460.3256530761719,467.55999755859375,468.3500061035156,458.9700012207031,459.6099853515625,16000300,MSFT
2024-07-08,459.0260314941406,466.239990234375,467.70001220703125,464.4599914550781,466.54998779296875,12962300,MSFT
2024-07-09,452.42974853515625,459.5400085449219,467.3299865722656,458.0,467.0,17207200,MSFT
2024-07-10,459.0359191894531,466.25,466.4599914550781,458.8599853515625,461.2200012207031,18196100,MSFT
2024-07-11,447.66461181640625,454.70001220703125,464.7799987792969,451.54998779296875,462.9800109863281,23111200,MSFT
2024-07-12,446.5323791503906,453.54998779296875,456.3599853515625,450.6499938964844,454.3299865722656,16324300,MSFT
2024-07-15,446.93603515625,453.9599914550781,457.260009765625,451.42999267578125,453.29998779296875,14429400,MSFT
2024-07-16,442.5647888183594,449.5199890136719,454.29998779296875,446.6600036621094,454.2200012207031,17175700,MSFT
2024-07-17,436.6575927734375,443.5199890136719,444.8500061035156,439.17999267578125,442.5899963378906,21778000,MSFT
2024-07-18,433.55633544921875,440.3699951171875,444.6499938964844,434.3999938964844,444.3399963378906,20794800,MSFT
2024-07-19,430.34674072265625,437.1099853515625,441.1400146484375,432.0,433.1000061035156,20940400,MSFT
2024-07-22,436.08660888671875,442.94000244140625,444.6000061035156,438.9100036621094,441.7900085449219,15808800,MSFT
2024-07-23,437.9670104980469,444.8500061035156,448.3900146484375,443.1000061035156,443.8999938964844,13107100,MSFT
2024-07-24,422.2637939453125,428.8999938964844,441.4800109863281,427.5899963378906,440.45001220703125,26805800,MSFT
2024-07-25,411.9262390136719,418.3999938964844,429.79998779296875,417.510009765625,428.79998779296875,29943800,MSFT
2024-07-26,418.6899719238281,425.2699890136719,428.9200134277344,417.2699890136719,418.20001220703125,23583800,MSFT
2024-07-29,420.12738037109375,426.7300109863281,432.1499938964844,424.70001220703125,431.5799865722656,15125800,MSFT
2024-07-30,416.3763427734375,422.9200134277344,429.04998779296875,417.3599853515625,427.7200012207031,32687600,MSFT
2024-07-31,411.8770446777344,418.3500061035156,421.7799987792969,412.2099914550781,420.5,42891400,MSFT
2024-08-01,410.65618896484375,417.1099853515625,427.4599914550781,413.0899963378906,420.7900085449219,30296400,MSFT
2024-08-02,402.1695861816406,408.489990234375,415.0,404.3399963378906,412.489990234375,29437900,MSFT
2024-08-05,389.0360107421875,395.1499938964844,401.0400085449219,385.5799865722656,389.1700134277344,40709200,MSFT
2024-08-06,393.427001953125,399.6099853515625,405.6700134277344,398.5,400.0,24946500,MSFT
2024-08-07,392.2652282714844,398.42999267578125,410.0799865722656,397.4700012207031,408.6400146484375,20650900,MSFT
2024-08-08,396.4593811035156,402.69000244140625,405.8599853515625,399.94000244140625,402.44000244140625,20203000,MSFT
2024-08-09,399.73779296875,406.0199890136719,408.04998779296875,402.260009765625,404.0299987792969,19276700,MSFT
2024-08-12,400.515625,406.80999755859375,408.760009765625,404.239990234375,407.05999755859375,16762900,MSFT
2024-08-13,407.6041564941406,414.010009765625,414.95001220703125,409.57000732421875,409.5899963378906,19414300,MSFT
2024-08-14,410.4101257324219,416.8599853515625,417.7200012207031,412.45001220703125,414.79998779296875,18267000,MSFT
2024-08-15,415.2627258300781,421.0299987792969,421.1099853515625,417.6600036621094,419.79998779296875,20752100,MSFT
2024-08-16,412.73779296875,418.4700012207031,421.3399963378906,417.29998779296875,420.6000061035156,22775600,MSFT
2024-08-19,415.7558288574219,421.5299987792969,421.75,416.4599914550781,418.9599914550781,15234000,MSFT
2024-08-20,418.9810485839844,424.79998779296875,425.8599853515625,421.6400146484375,421.70001220703125,16387600,MSFT
2024-08-21,418.3301086425781,424.1400146484375,426.3999938964844,421.7200012207031,424.0799865722656,16067300,MSFT
2024-08-22,409.8577880859375,415.54998779296875,426.7900085449219,414.6099853515625,424.3599853515625,19361900,MSFT
2024-08-23,411.080810546875,416.7900085449219,419.260009765625,412.0899963378906,416.9800109863281,18493800,MSFT
2024-08-26,407.8259582519531,413.489990234375,417.2799987792969,411.3399963378906,416.3699951171875,13152800,MSFT
2024-08-27,408.171142578125,413.8399963378906,414.3599853515625,410.25,412.8599853515625,13492900,MSFT
2024-08-28,404.9755859375,410.6000061035156,415.0,407.30999755859375,414.8800048828125,14882700,MSFT
2024-08-29,407.4610290527344,413.1199951171875,422.04998779296875,410.6000061035156,414.94000244140625,17045200,MSFT
2024-08-30,411.4259948730469,417.1400146484375,417.489990234375,412.1300048828125,415.6000061035156,24308300,MSFT
2024-09-03,403.8314514160156,409.44000244140625,419.8800048828125,407.0299987792969,417.9100036621094,20313600,MSFT
2024-09-04,403.298828125,408.8999938964844,411.239990234375,404.3699951171875,405.9100036621094,15135800,MSFT
2024-09-05,402.79583740234375,408.3900146484375,413.1000061035156,406.1300048828125,407.6199951171875,14195500,MSFT
2024-09-06,396.1974792480469,401.70001220703125,410.6499938964844,400.79998779296875,409.05999755859375,19609500,MSFT
2024-09-09,400.16241455078125,405.7200012207031,408.6499938964844,402.1499938964844,407.239990234375,15295100,MSFT
2024-09-10,408.5262756347656,414.20001220703125,416.3299865722656,407.70001220703125,408.20001220703125,19594300,MSFT
2024-09-11,417.2451171875,423.0400085449219,423.989990234375,409.5799865722656,415.5,19266900,MSFT
2024-09-12,421.15093994140625,427.0,427.3699951171875,419.75,423.30999755859375,17395700,MSFT
2024-09-13,424.6917419433594,430.5899963378906,431.8299865722656,425.4599914550781,425.8299865722656,15874600,MSFT
2024-09-16,425.43145751953125,431.3399963378906,433.5299987792969,428.2200012207031,430.6000061035156,13834700,MSFT
2024-09-17,429.18927001953125,435.1499938964844,441.8500061035156,432.2699890136719,440.2300109863281,18874200,MSFT
2024-09-18,424.9087219238281,430.80999755859375,436.0299987792969,430.4100036621094,435.0,18898000,MSFT
2024-09-19,432.6807861328125,438.69000244140625,441.5,436.8999938964844,441.2300109863281,21706600,MSFT
2024-09-20,429.3076477050781,435.2699890136719,439.239990234375,434.2200012207031,437.2200012207031,55167100,MSFT
2024-09-23,427.57177734375,433.510009765625,436.4599914550781,430.3900146484375,434.2799987792969,15128900,MSFT
2024-09-24,423.29119873046875,429.1700134277344,433.3500061035156,426.1000061035156,433.0,17015800,MSFT
2024-09-25,426.1909484863281,432.1099853515625,433.1199951171875,428.57000732421875,429.8299865722656,13396400,MSFT
2024-09-26,425.4018859863281,431.30999755859375,435.29998779296875,429.1300048828125,435.0899963378906,14492000,MSFT
2024-09-27,422.1568908691406,428.0199890136719,431.8500061035156,427.4700012207031,431.5199890136719,14896100,MSFT
2024-09-30,424.40570068359375,430.29998779296875,430.4200134277344,425.3699951171875,428.2099914550781,16807300,MSFT
2024-10-01,414.9273376464844,420.69000244140625,428.4800109863281,418.80999755859375,428.45001220703125,19092900,MSFT
2024-10-02,411.4161071777344,417.1300048828125,422.82000732421875,416.7099914550781,422.5799865722656,16582300,MSFT
2024-10-03,410.834228515625,416.5400085449219,419.54998779296875,414.2900085449219,417.6300048828125,13686400,MSFT
2024-10-04,410.3608093261719,416.05999755859375,419.75,414.9700012207031,418.239990234375,19169700,MSFT
2024-10-07,403.9300537109375,409.5400085449219,417.1099853515625,409.0,416.0,20919800,MSFT
2024-10-08,409.029296875,414.7099914550781,415.6600036621094,408.1700134277344,410.8999938964844,19229300,MSFT
2024-10-09,411.7415771484375,417.4599914550781,420.3800048828125,414.29998779296875,415.8599853515625,14974300,MSFT
2024-10-10,410.143798828125,415.8399963378906,417.3500061035156,413.1499938964844,415.2300109863281,13848400,MSFT
2024-10-11,410.6172180175781,416.32000732421875,417.1300048828125,413.25,416.1400146484375,14144900,MSFT
2024-10-14,413.3985900878906,419.1400146484375,424.0400085449219,417.5199890136719,417.7699890136719,16653100,MSFT
2024-10-15,413.0040588378906,418.739990234375,422.4800109863281,415.260009765625,422.17999267578125,18900200,MSFT
2024-10-16,410.419921875,416.1199951171875,416.3599853515625,410.4800109863281,415.1700134277344,15508900,MSFT
2024-10-17,411.0117492675781,416.7200012207031,422.5,415.5899963378906,422.3599853515625,14820000,MSFT
2024-10-18,412.4320373535156,418.1600036621094,419.6499938964844,416.260009765625,417.1400146484375,17145300,MSFT
2024-10-21,413.0435485839844,418.7799987792969,418.9599914550781,413.75,416.1199951171875,14206100,MSFT
2024-10-22,421.6539306640625,427.510009765625,430.5799865722656,418.0400085449219,418.489990234375,25482200,MSFT
2024-10-23,418.7838439941406,424.6000061035156,431.0799865722656,422.5299987792969,430.8599853515625,19654400,MSFT
2024-10-24,418.91204833984375,424.7300109863281,425.9800109863281,422.3999938964844,425.3299865722656,13581600,MSFT
2024-10-25,422.2851867675781,428.1499938964844,432.5199890136719,426.57000732421875,426.760009765625,16899100,MSFT
2024-10-28,420.74658203125,426.5899963378906,431.94000244140625,426.29998779296875,431.6600036621094,14882400,MSFT
2024-10-29,426.0331115722656,431.95001220703125,433.1700134277344,425.79998779296875,428.0,17644100,MSFT
2024-10-30,426.6051940917969,432.5299987792969,438.5,432.1000061035156,437.44000244140625,29749100,MSFT
2024-10-31,400.7838134765625,406.3500061035156,416.1600036621094,406.29998779296875,415.3599853515625,53971000,MSFT
2024-11-01,404.74871826171875,410.3699951171875,415.5,407.5,409.010009765625,24230400,MSFT
2024-11-04,402.8648681640625,408.4599914550781,410.4200134277344,405.57000732421875,409.79998779296875,19672300,MSFT
2024-11-05,405.82379150390625,411.4599914550781,414.8999938964844,408.0799865722656,408.3699951171875,17626000,MSFT
2024-11-06,414.42431640625,420.17999267578125,420.45001220703125,410.5199890136719,412.4200134277344,26681800,MSFT
2024-11-07,419.6023864746094,425.42999267578125,426.8500061035156,419.8800048828125,421.2799987792969,19901800,MSFT
2024-11-08,416.75201416015625,422.5400085449219,426.5,421.7799987792969,425.32000732421875,16891400,MSFT
2024-11-11,412.2840881347656,418.010009765625,424.80999755859375,416.0,422.5199890136719,24503300,MSFT
2024-11-12,417.23529052734375,423.0299987792969,424.44000244140625,417.20001220703125,418.25,19401200,MSFT
2024-11-13,419.37554931640625,425.20001220703125,429.3299865722656,418.2099914550781,421.6400146484375,21502200,MSFT
2024-11-14,421.0424499511719,426.8900146484375,428.1700134277344,420.0,425.0,30246900,MSFT
2024-11-15,409.3153381347656,415.0,422.79998779296875,413.6400146484375,419.82000732421875,28247600,MSFT
2024-11-18,410.0649108886719,415.760009765625,418.3999938964844,412.1000061035156,414.8699951171875,24727000,MSFT
2024-11-19,412.06707763671875,417.7900085449219,417.94000244140625,411.54998779296875,413.1099853515625,18133500,MSFT
2024-11-20,409.798583984375,415.489990234375,417.2900085449219,410.5799865722656,416.8699951171875,19191700,MSFT
2024-11-21,408.0295715332031,412.8699951171875,419.7799987792969,410.2900085449219,419.5,20780200,MSFT
2024-11-22,412.11114501953125,417.0,417.3999938964844,411.05999755859375,411.3699951171875,24814600,MSFT
2024-11-25,413.8801574707031,418.7900085449219,421.0799865722656,414.8500061035156,418.3800048828125,27691100,MSFT
2024-11-26,422.9722900390625,427.989990234375,429.0400085449219,418.8500061035156,419.5899963378906,23458900,MSFT
2024-11-27,418.0309143066406,422.989990234375,427.2300109863281,422.0199890136719,425.1099853515625,18332400,MSFT
2024-11-29,418.49542236328125,423.4599914550781,424.8800048828125,417.79998779296875,420.0899963378906,16271900,MSFT
2024-12-02,425.9272766113281,430.9800109863281,433.0,421.30999755859375,421.57000732421875,20207200,MSFT
2024-12-03,426.1446838378906,431.20001220703125,432.4700012207031,427.739990234375,429.8399963378906,18302000,MSFT
2024-12-04,432.291748046875,437.4200134277344,439.6700134277344,432.6300048828125,433.0299987792969,26009400,MSFT
2024-12-05,437.4307861328125,442.6199951171875,444.6600036621094,436.1700134277344,437.9200134277344,21697800,MSFT
2024-12-06,438.3696594238281,443.57000732421875,446.1000061035156,441.7699890136719,442.29998779296875,18821000,MSFT
2024-12-09,440.7909240722656,446.0199890136719,448.3299865722656,440.5,442.6000061035156,19144400,MSFT
2024-12-10,438.1324462890625,443.3299865722656,449.6199951171875,441.6000061035156,444.3900146484375,18469500,MSFT
2024-12-11,443.7261047363281,448.989990234375,450.3500061035156,444.04998779296875,444.04998779296875,19200200,MSFT
2024-12-12,444.2893981933594,449.55999755859375,456.1600036621094,449.1099853515625,449.1099853515625,20834800,MSFT
2024-12-13,442.0262145996094,447.2699890136719,451.42999267578125,445.5799865722656,448.44000244140625,20177800,MSFT
2024-12-16,446.295654296875,451.5899963378906,452.17999267578125,445.2799987792969,447.2699890136719,23598800,MSFT
2024-12-17,449.1319885253906,454.4599914550781,455.2900085449219,449.57000732421875,451.010009765625,22733500,MSFT
2024-12-18,432.2621154785156,437.3900146484375,452.6499938964844,437.0199890136719,451.32000732421875,24444500,MSFT
2024-12-19,431.9062805175781,437.0299987792969,443.17999267578125,436.32000732421875,441.6199951171875,22963700,MSFT
2024-12-20,431.4814147949219,436.6000061035156,443.739990234375,428.6300048828125,433.1099853515625,64263700,MSFT
2024-12-23,430.147216796875,435.25,437.6499938964844,432.8299865722656,436.739990234375,19152500,MSFT
2024-12-24,434.1793212890625,439.3299865722656,439.6000061035156,434.19000244140625,434.6499938964844,7164500,MSFT
2024-12-26,432.9736328125,438.1099853515625,440.94000244140625,436.6300048828125,439.0799865722656,8194200,MSFT
2024-12-27,425.4825439453125,430.5299987792969,435.2200012207031,426.3500061035156,434.6000061035156,18117700,MSFT
2024-12-30,419.8493347167969,424.8299865722656,427.54998779296875,421.8999938964844,426.05999755859375,13158700,MSFT
2024-12-31,416.55841064453125,421.5,426.7300109863281,420.6600036621094,426.1000061035156,13246500,MSFT
2025-01-02,413.6726379394531,418.5799865722656,426.07000732421875,414.8500061035156,425.5299987792969,16896500,MSFT
2025-01-03,418.3867492675781,423.3500061035156,424.0299987792969,419.5400085449219,421.0799865722656,16662900,MSFT
2025-01-06,422.83392333984375,427.8500061035156,434.32000732421875,425.4800109863281,428.0,20573600,MSFT
2025-01-07,417.418212890625,422.3699951171875,430.6499938964844,420.79998779296875,429.0,18139100,MSFT
2025-01-08,419.58258056640625,424.55999755859375,426.9700012207031,421.5400085449219,423.4599914550781,15054600,MSFT
2025-01-10,414.0382995605469,418.95001220703125,424.7099914550781,415.0199890136719,424.6300048828125,20201100,MSFT
2025-01-13,412.2989807128906,417.19000244140625,418.5,412.2900085449219,415.239990234375,17604800,MSFT
2025-01-14,410.7967529296875,415.6700134277344,419.739990234375,410.7200012207031,417.80999755859375,16935900,MSFT
2025-01-15,421.3119812011719,426.30999755859375,428.1499938964844,418.2699890136719,419.1300048828125,19637800,MSFT
2025-01-16,419.60223388671875,424.5799865722656,429.489990234375,424.3900146484375,428.70001220703125,15300000,MSFT
2025-01-17,424.0000915527344,429.0299987792969,434.4800109863281,428.1700134277344,434.0899963378906,26197500,MSFT
2025-01-21,423.4763488769531,428.5,430.8999938964844,425.6000061035156,430.20001220703125,26085700,MSFT
2025-01-22,440.96881103515625,446.20001220703125,447.2699890136719,436.0,437.55999755859375,27803800,MSFT
2025-01-23,441.4728698730469,446.7099914550781,446.75,441.5,442.0,18389300,MSFT
2025-01-24,438.8538818359375,444.05999755859375,446.6499938964844,441.3999938964844,445.1600036621094,15549500,MSFT
2025-01-27,429.46527099609375,434.55999755859375,435.20001220703125,423.5,424.010009765625,35647800,MSFT
2025-01-28,441.95709228515625,447.20001220703125,448.3800048828125,431.3800048828125,434.6000061035156,23491700,MSFT
2025-01-29,437.1441955566406,442.3299865722656,446.8800048828125,440.3999938964844,446.69000244140625,23581400,MSFT
2025-01-30,410.12469482421875,414.989990234375,422.8599853515625,413.1600036621094,418.7699890136719,54586300,MSFT
2025-01-31,410.19390869140625,415.05999755859375,420.69000244140625,414.9100036621094,418.9800109863281,34161900,MSFT
2025-02-03,406.1024169921875,410.9200134277344,415.4100036621094,408.6600036621094,411.6000061035156,25679100,MSFT
2025-02-04,407.5354309082031,412.3699951171875,413.9200134277344,409.739990234375,412.69000244140625,20532100,MSFT
2025-02-05,408.44464111328125,413.2900085449219,413.8299865722656,410.3999938964844,412.3500061035156,16316700,MSFT
2025-02-06,410.94500732421875,415.82000732421875,418.20001220703125,414.0,414.0,16309800,MSFT
2025-02-07,404.9461669921875,409.75,418.6499938964844,408.1000061035156,416.4800109863281,22886800,MSFT
2025-02-10,407.38720703125,412.2200012207031,415.4599914550781,410.9200134277344,413.7099914550781,20817900,MSFT
2025-02-11,406.6163635253906,411.44000244140625,412.489990234375,409.29998779296875,409.6400146484375,18140600,MSFT
2025-02-12,404.2444763183594,409.0400085449219,410.75,404.3699951171875,407.2099914550781,19121700,MSFT
2025-02-13,405.7268981933594,410.5400085449219,411.0,406.3599853515625,407.0,23891700,MSFT
2025-02-14,403.6416320800781,408.42999267578125,408.9100036621094,405.8800048828125,407.7900085449219,22758500,MSFT
2025-02-18,404.8374938964844,409.6400146484375,410.6000061035156,406.5,408.0,21423100,MSFT
2025-02-19,409.9072570800781,414.7699890136719,415.489990234375,407.6499938964844,407.8800048828125,24114200,MSFT
2025-02-20,412.07598876953125,416.1300048828125,419.30999755859375,412.5400085449219,415.2900085449219,23508700,MSFT
2025-02-21,404.2331237792969,408.2099914550781,418.04998779296875,407.8900146484375,417.3399963378906,27524800,MSFT
2025-02-24,400.06414794921875,404.0,409.3699951171875,399.32000732421875,408.510009765625,26443700,MSFT
2025-02-25,394.0235595703125,397.8999938964844,401.9200134277344,396.70001220703125,401.1000061035156,29387400,MSFT
2025-02-26,395.83575439453125,399.7300109863281,403.6000061035156,394.25,398.010009765625,19619000,MSFT
2025-02-27,388.7058410644531,392.5299987792969,405.739990234375,392.1700134277344,401.2699890136719,21127400,MSFT
2025-02-28,393.1224060058594,396.989990234375,397.6300048828125,386.57000732421875,392.6600036621094,32845700,MSFT
2025-03-03,384.7052001953125,388.489990234375,398.82000732421875,386.1600036621094,398.82000732421875,23007700,MSFT
2025-03-04,384.82403564453125,388.6099853515625,392.5799865722656,381.0,383.3999938964844,29342900,MSFT
2025-03-05,397.1131591796875,401.0199890136719,401.6700134277344,388.80999755859375,389.3399963378906,23433100,MSFT
2025-03-06,393.02337646484375,396.8900146484375,402.1499938964844,392.67999267578125,394.2799987792969,23304600,MSFT
2025-03-07,389.4783020019531,393.30999755859375,394.79998779296875,385.5400085449219,392.32000732421875,22034100,MSFT
2025-03-10,376.4563903808594,380.1600036621094,386.3999938964844,377.2200012207031,385.8399963378906,32840100,MSFT
2025-03-11,376.74359130859375,380.45001220703125,386.0,376.9100036621094,379.0,30380200,MSFT
2025-03-12,379.5361022949219,383.2699890136719,385.2200012207031,378.95001220703125,382.95001220703125,24253600,MSFT
2025-03-13,375.0799255371094,378.7699890136719,385.32000732421875,377.45001220703125,383.1600036621094,20473000,MSFT
2025-03-14,384.7745361328125,388.55999755859375,390.2300109863281,379.510009765625,379.7799987792969,19952800,MSFT
2025-03-17,384.9132080078125,388.70001220703125,392.7099914550781,385.57000732421875,386.70001220703125,22474300,MSFT
2025-03-18,379.78363037109375,383.5199890136719,387.3699951171875,381.1000061035156,387.07000732421875,19486900,MSFT
2025-03-19,384.0417785644531,387.82000732421875,389.67999267578125,384.0,385.5299987792969,19185500,MSFT
2025-03-20,383.07135009765625,386.8399963378906,391.7900085449219,383.2799987792969,385.739990234375,18470500,MSFT
2025-03-21,387.4482727050781,391.260009765625,391.739990234375,382.79998779296875,383.2200012207031,39675900,MSFT
2025-03-24,389.25048828125,393.0799865722656,395.3999938964844,389.80999755859375,395.3999938964844,21004500,MSFT
2025-03-25,391.31024169921875,395.1600036621094,396.3599853515625,392.6400146484375,393.9200134277344,15775000,MSFT
2025-03-26,386.17083740234375,389.9700012207031,395.30999755859375,388.57000732421875,395.0,16108400,MSFT
2025-03-27,386.77490234375,390.5799865722656,392.239990234375,387.3999938964844,390.1300048828125,13766800,MSFT
2025-03-28,375.109619140625,378.79998779296875,389.1300048828125,376.92999267578125,388.0799865722656,21632000,MSFT
2025-03-31,371.7329406738281,375.3900146484375,377.07000732421875,367.239990234375,372.5400085449219,35184700,MSFT
2025-04-01,378.46661376953125,382.19000244140625,382.8500061035156,373.2300109863281,374.6499938964844,19689500,MSFT
2025-04-02,378.4171142578125,382.1400146484375,385.0799865722656,376.6199951171875,377.9700012207031,16092600,MSFT
2025-04-03,369.4750671386719,373.1099853515625,377.4800109863281,369.3500061035156,374.7900085449219,30198000,MSFT
2025-04-04,356.3343200683594,359.8399963378906,374.5899963378906,359.4800109863281,364.1300048828125,49209900,MSFT
2025-04-07,354.3736267089844,357.8599853515625,371.0,344.7900085449219,350.8800048828125,50425000,MSFT
2025-04-08,351.1058044433594,354.55999755859375,373.6499938964844,350.25,368.260009765625,35868900,MSFT
2025-04-09,386.68572998046875,390.489990234375,393.2300109863281,353.1000061035156,353.5400085449219,50199700,MSFT
2025-04-10,377.63482666015625,381.3500061035156,383.8999938964844,367.79998779296875,382.05999755859375,38024400,MSFT
2025-04-11,384.6656188964844,388.45001220703125,390.04998779296875,378.8900146484375,380.6400146484375,23839200,MSFT
2025-04-14,384.0318603515625,387.80999755859375,394.6499938964844,384.2099914550781,393.2200012207031,19251200,MSFT
2025-04-15,381.9721374511719,385.7300109863281,391.8900146484375,384.1600036621094,388.510009765625,17199900,MSFT
2025-04-16,367.9896545410156,371.6099853515625,381.6099853515625,368.0,380.6700134277344,21967800,MSFT
2025-04-17,364.1969909667969,367.7799987792969,374.32000732421875,366.8900146484375,373.75,21120200,MSFT
2025-04-21,355.62139892578125,359.1199951171875,364.4800109863281,355.6700134277344,362.82000732421875,20807300,MSFT
2025-04-22,363.246337890625,366.82000732421875,367.7699890136719,359.8599853515625,363.3800048828125,19485000,MSFT
2025-04-23,370.74261474609375,374.3900146484375,380.3900146484375,373.0199890136719,376.05999755859375,20545500,MSFT
2025-04-24,383.5267639160156,387.29998779296875,388.45001220703125,375.19000244140625,375.70001220703125,22232300,MSFT
2025-04-25,388.0325012207031,391.8500061035156,392.1600036621094,384.6000061035156,387.0,18973200,MSFT
2025-04-28,387.3492431640625,391.1600036621094,392.739990234375,386.6400146484375,391.9599914550781,16579400,MSFT
2025-04-29,390.201171875,394.0400085449219,395.1000061035156,390.3800048828125,391.29998779296875,14974000,MSFT
2025-04-30,391.4092712402344,395.260009765625,396.6600036621094,384.44000244140625,390.29998779296875,36461100,MSFT
2025-05-01,421.25567626953125,425.3999938964844,436.989990234375,424.8999938964844,431.1099853515625,58938100,MSFT
2025-05-02,431.0393981933594,435.2799987792969,439.44000244140625,429.989990234375,431.739990234375,30757400,MSFT
2025-05-05,431.9207458496094,436.1700134277344,439.5,432.1099853515625,432.8699951171875,20136100,MSFT
2025-05-06,429.08856201171875,433.30999755859375,437.7300109863281,431.1700134277344,432.20001220703125,15104200,MSFT
2025-05-07,429.1282043457031,433.3500061035156,438.1199951171875,431.1099853515625,433.8399963378906,23295300,MSFT
2025-05-08,433.9012451171875,438.1700134277344,443.6700134277344,435.6600036621094,437.92999267578125,23491300,MSFT
2025-05-09,434.4557800292969,438.7300109863281,440.739990234375,435.8800048828125,440.0,15324200,MSFT
2025-05-12,444.88323974609375,449.260009765625,449.3699951171875,439.7799987792969,445.94000244140625,22821900,MSFT
2025-05-13,444.7643737792969,449.1400146484375,450.6700134277344,445.3599853515625,447.7799987792969,23618800,MSFT
2025-05-14,448.52734375,452.94000244140625,453.8999938964844,448.1400146484375,448.1400146484375,19902800,MSFT
2025-05-15,449.539306640625,453.1300048828125,456.19000244140625,450.42999267578125,450.7699890136719,21992300,MSFT
2025-05-16,450.67022705078125,454.2699890136719,454.3599853515625,448.7300109863281,452.04998779296875,23849800,MSFT
2025-05-19,455.2337646484375,458.8699951171875,459.5899963378906,450.79998779296875,450.8800048828125,21336500,MSFT
2025-05-20,454.5393371582031,458.1700134277344,458.3399963378906,454.32000732421875,455.5899963378906,15441800,MSFT
2025-05-21,448.9837341308594,452.57000732421875,457.7799987792969,451.80999755859375,454.57000732421875,19216900,MSFT
2025-05-22,451.2555847167969,454.8599853515625,460.25,453.8999938964844,454.95001220703125,18025600,MSFT
2025-05-23,446.6126403808594,450.17999267578125,453.69000244140625,448.9100036621094,449.9800109863281,16883500,MSFT
2025-05-27,457.03936767578125,460.69000244140625,460.95001220703125,456.1199951171875,456.4800109863281,20974300,MSFT
2025-05-28,453.7357177734375,457.3599853515625,462.5199890136719,456.92999267578125,461.2200012207031,17086300,MSFT
2025-05-29,455.0453186035156,458.67999267578125,461.7200012207031,455.30999755859375,461.54998779296875,13974800,MSFT
2025-05-30,456.7119445800781,460.3599853515625,461.67999267578125,455.5400085449219,459.7200012207031,34770500,MSFT
2025-06-02,458.3092346191406,461.9700012207031,462.1099853515625,456.8900146484375,457.1400146484375,16626500,MSFT
2025-06-03,459.30126953125,462.9700012207031,464.1400146484375,460.8599853515625,461.4700012207031,15743800,MSFT
2025-06-04,460.19415283203125,463.8699951171875,465.69000244140625,463.0199890136719,464.0,14162700,MSFT
2025-06-05,463.9739685058594,467.67999267578125,469.6499938964844,464.0299987792969,464.9599914550781,20131700,MSFT
2025-06-06,466.652587890625,470.3800048828125,473.3399963378906,468.7799987792969,470.0899963378906,15285600,MSFT
2025-06-09,469.0038146972656,472.75,473.42999267578125,468.6199951171875,469.70001220703125,16469900,MSFT
2025-06-10,467.1883239746094,470.9200134277344,472.79998779296875,466.9599914550781,471.19000244140625,15375900,MSFT
2025-06-11,468.87481689453125,472.6199951171875,475.4700012207031,469.6600036621094,470.0199890136719,16399200,MSFT
2025-06-12,475.0752868652344,478.8699951171875,480.4200134277344,473.5199890136719,475.0199890136719,18950600,MSFT
2025-06-13,471.1962890625,474.9599914550781,479.17999267578125,472.760009765625,476.4100036621094,16814500,MSFT
2025-06-16,475.3431701660156,479.1400146484375,480.69000244140625,475.0,475.2099914550781,15626100,MSFT
2025-06-17,474.25189208984375,478.0400085449219,478.739990234375,474.0799865722656,475.3999938964844,15414100,MSFT
2025-06-18,476.4344177246094,480.239990234375,481.0,474.4599914550781,478.0,17526500,MSFT
2025-06-20,473.6169738769531,477.3999938964844,483.4599914550781,476.8699951171875,482.2300109863281,37576200,MSFT
2025-06-23,482.1488037109375,486.0,487.75,472.510009765625,478.2099914550781,24864000,MSFT
2025-06-24,486.2261962890625,490.1099853515625,491.8500061035156,486.79998779296875,488.95001220703125,22305600,MSFT
2025-06-25,488.3691101074219,492.2699890136719,494.55999755859375,489.3900146484375,492.0400085449219,17495100,MSFT
2025-06-26,493.5080871582031,497.45001220703125,498.0400085449219,492.80999755859375,492.9800109863281,21578900,MSFT
2025-06-27,492.0100402832031,495.94000244140625,499.29998779296875,493.0299987792969,497.54998779296875,34539200,MSFT
2025-06-30,493.4684143066406,497.4100036621094,500.760009765625,495.3299865722656,497.0400085449219,28369000,MSFT
2025-07-01,488.1508483886719,492.04998779296875,498.04998779296875,490.9800109863281,496.4700012207031,19945400,MSFT
2025-07-02,487.198486328125,491.0899963378906,493.5,488.70001220703125,489.989990234375,16319600,MSFT
2025-07-03,494.8870849609375,498.8399963378906,500.1300048828125,493.44000244140625,493.80999755859375,13984800,MSFT
2025-07-07,493.77593994140625,497.7200012207031,498.75,495.2300109863281,497.3800048828125,13981600,MSFT
2025-07-08,492.68463134765625,496.6199951171875,498.20001220703125,494.1099853515625,497.239990234375,11846600,MSFT
2025-07-09,499.5200500488281,503.510009765625,506.7799987792969,499.739990234375,500.29998779296875,18659500,MSFT
2025-07-10,497.50616455078125,501.4800109863281,504.44000244140625,497.75,503.04998779296875,16492100,MSFT
2025-07-11,499.33154296875,503.32000732421875,505.0299987792969,497.79998779296875,498.4700012207031,16459500,MSFT
2025-07-14,499.033935546875,503.0199890136719,503.9700012207031,501.0299987792969,501.5199890136719,12058800,MSFT
2025-07-15,501.8117370605469,505.82000732421875,508.29998779296875,502.7900085449219,503.0199890136719,14927200,MSFT
2025-07-16,501.61334228515625,505.6199951171875,506.7200012207031,501.8900146484375,505.17999267578125,15154400,MSFT
2025-07-17,507.6451721191406,511.70001220703125,513.3699951171875,505.6199951171875,505.67999267578125,17503100,MSFT
2025-07-18,506.0082092285156,510.04998779296875,514.6400146484375,507.42999267578125,514.47998046875,21209700,MSFT
2025-07-21,506.0181579589844,510.05999755859375,512.0900268554688,505.54998779296875,506.7099914550781,14066800,MSFT
2025-07-22,501.26611328125,505.2699890136719,511.20001220703125,505.2699890136719,510.9700012207031,13868600,MSFT
2025-07-23,501.861328125,505.8699951171875,506.7900085449219,500.70001220703125,506.75,16396600,MSFT
2025-07-24,506.8316650390625,510.8800048828125,513.6699829101562,507.29998779296875,508.7699890136719,16107000,MSFT
2025-07-25,509.6392517089844,513.7100219726562,518.2899780273438,510.3599853515625,512.469970703125,19125700,MSFT
2025-07-28,508.4388122558594,512.5,515.0,510.1199951171875,514.0800170898438,14308000,MSFT
2025-07-29,508.5082702636719,512.5700073242188,517.6199951171875,511.55999755859375,515.530029296875,16469200,MSFT
2025-07-30,509.1729431152344,513.239990234375,515.9500122070312,509.44000244140625,515.1699829101562,26380400,MSFT
2025-07-31,529.2723388671875,533.5,555.4500122070312,531.9000244140625,555.22998046875,51617300,MSFT
2025-08-01,519.956787109375,524.1099853515625,535.7999877929688,520.8599853515625,535.0,28977600,MSFT
2025-08-04,531.3954467773438,535.6400146484375,538.25,528.1300048828125,528.27001953125,25349000,MSFT
2025-08-05,523.5679321289062,527.75,537.2999877929688,527.239990234375,537.1799926757812,19171600,MSFT
2025-08-06,520.7802124023438,524.9400024414062,531.7000122070312,524.030029296875,530.9000244140625,21355700,MSFT
2025-08-07,516.7127075195312,520.8400268554688,528.0900268554688,517.5499877929688,526.7999877929688,16079100,MSFT
2025-08-08,517.9032592773438,522.0399780273438,524.6599731445312,519.4099731445312,522.5999755859375,15531000,MSFT
2025-08-11,517.6353759765625,521.77001953125,527.5900268554688,519.719970703125,522.2999877929688,20194400,MSFT
2025-08-12,525.0462036132812,529.239990234375,530.97998046875,522.7000122070312,523.75,18667000,MSFT
2025-08-13,516.4547729492188,520.5800170898438,532.7000122070312,519.3699951171875,532.1099853515625,19619200,MSFT
2025-08-14,518.3396606445312,522.47998046875,525.9500122070312,520.1400146484375,522.5599975585938,20269100,MSFT
2025-08-15,516.0480346679688,520.1699829101562,526.0999755859375,519.0800170898438,522.77001953125,25213300,MSFT
2025-08-18,513.0023193359375,517.0999755859375,522.8200073242188,514.02001953125,521.5900268554688,23760600,MSFT
2025-08-19,505.73046875,509.7699890136719,515.1599731445312,508.54998779296875,515.0,21481000,MSFT
2025-08-20,501.7125244140625,505.7200012207031,511.0,504.44000244140625,509.8699951171875,27723000,MSFT
2025-08-21,501.0666198730469,504.239990234375,507.6300048828125,502.7200012207031,503.69000244140625,18443300,MSFT
2025-08-22,504.0378112792969,507.2300109863281,510.7300109863281,502.4100036621094,504.25,24324200,MSFT
2025-08-25,501.0865173339844,504.260009765625,508.19000244140625,504.1199951171875,506.6300048828125,21638600,MSFT
2025-08-26,498.8804931640625,502.0400085449219,504.9800109863281,498.510009765625,504.3599853515625,30835700,MSFT
2025-08-27,503.5509033203125,506.739990234375,507.2900085449219,499.8999938964844,502.0,17277900,MSFT
2025-08-28,506.4326477050781,509.6400146484375,511.0899963378906,505.5,507.0899963378906,18015600,MSFT
2025-08-29,503.5011901855469,506.69000244140625,509.6000061035156,504.489990234375,508.6600036621094,20961600,MSFT
2025-09-02,501.9410705566406,505.1199951171875,506.0,496.80999755859375,500.4700012207031,18128000,MSFT
2025-09-03,502.1696472167969,505.3500061035156,507.7900085449219,502.32000732421875,503.7900085449219,16345100,MSFT
2025-09-04,504.7731628417969,507.9700012207031,508.1499938964844,503.1499938964844,504.29998779296875,15509500,MSFT
2025-09-05,491.884765625,495.0,511.9700012207031,492.3699951171875,509.07000732421875,31994800,MSFT
2025-09-08,495.06463623046875,498.20001220703125,501.20001220703125,495.0299987792969,498.1099853515625,16771000,MSFT
2025-09-09,495.2733154296875,498.4100036621094,502.25,497.70001220703125,501.42999267578125,14410500,MSFT
2025-09-10,497.2209777832031,500.3699951171875,503.2300109863281,496.7200012207031,502.9800109863281,21611800,MSFT
2025-09-11,497.85699462890625,501.010009765625,503.1700134277344,497.8800048828125,502.25,18881600,MSFT
2025-09-12,506.6910095214844,509.8999938964844,512.5499877929688,503.8500061035156,506.6499938964844,23624900,MSFT
2025-09-15,512.1166381835938,515.3599853515625,515.469970703125,507.0,508.7900085449219,17143800,MSFT
2025-09-16,505.83642578125,509.0400085449219,517.22998046875,508.6000061035156,516.8800048828125,19711900,MSFT
2025-09-17,506.81024169921875,510.0199890136719,511.2900085449219,505.92999267578125,510.6199951171875,15816600,MSFT
2025-09-18,505.2501525878906,508.45001220703125,513.0700073242188,507.6600036621094,511.489990234375,18913700,MSFT
2025-09-19,514.6704711914062,517.9299926757812,519.2999877929688,510.30999755859375,510.55999755859375,52474100,MSFT
2025-09-22,511.21240234375,514.4500122070312,517.739990234375,512.5399780273438,515.5900268554688,20009300,MSFT
2025-09-23,506.0252685546875,509.2300109863281,514.5900268554688,507.30999755859375,513.7999877929688,19799600,MSFT
2025-09-24,506.9394226074219,510.1499938964844,512.47998046875,506.9200134277344,510.3800048828125,13533700,MSFT
2025-09-25,503.83905029296875,507.0299987792969,510.010009765625,505.0400085449219,508.29998779296875,15786500,MSFT
2025-09-26,508.2411804199219,511.4599914550781,513.9400024414062,506.6199951171875,510.05999755859375,16213100,MSFT
2025-09-29,511.3613586425781,514.5999755859375,516.8499755859375,508.8800048828125,511.5,17617800,MSFT
2025-09-30,514.6903686523438,517.9500122070312,518.1599731445312,509.6600036621094,513.239990234375,19728200,MSFT
2025-10-01,516.4392700195312,519.7100219726562,520.510009765625,511.69000244140625,514.7999877929688,22632300,MSFT
2025-10-02,512.4942626953125,515.739990234375,521.5999755859375,510.67999267578125,517.6400146484375,21222900,MSFT
2025-10-03,514.0940551757812,517.3499755859375,520.489990234375,515.0,517.0999755859375,15112300,MSFT
2025-10-06,525.2435302734375,528.5700073242188,531.030029296875,518.2000122070312,518.6099853515625,21388600,MSFT
2025-10-07,520.682373046875,523.97998046875,529.7999877929688,521.4400024414062,528.2899780273438,14615200,MSFT
2025-10-08,521.546875,524.8499755859375,526.9500122070312,523.0900268554688,523.280029296875,13363400,MSFT
2025-10-09,519.1123657226562,522.4000244140625,524.3300170898438,517.4000244140625,522.3400268554688,18343600,MSFT
2025-10-10,507.74432373046875,510.9599914550781,523.5800170898438,509.6300048828125,519.6400146484375,24133800,MSFT
2025-10-13,510.8148498535156,514.0499877929688,516.4099731445312,511.67999267578125,516.4099731445312,14284200,MSFT
2025-10-14,510.3379211425781,513.5700073242188,515.280029296875,506.0,510.2300109863281,14684300,MSFT
2025-10-15,510.19879150390625,513.4299926757812,517.1900024414062,510.0,514.9600219726562,14694700,MSFT
2025-10-16,508.3902282714844,511.6099853515625,516.8499755859375,508.1300048828125,512.5800170898438,15559600,MSFT
2025-10-17,510.3478698730469,513.5800170898438,515.47998046875,507.30999755859375,509.0400085449219,19867800,MSFT
2025-10-20,513.53759765625,516.7899780273438,518.7000122070312,513.4299926757812,514.6099853515625,14665600,MSFT
2025-10-21,514.4021606445312,517.6599731445312,518.6900024414062,513.0399780273438,517.5,15586200,MSFT
2025-10-22,517.2640991210938,520.5399780273438,525.22998046875,517.7100219726562,521.1500244140625,18962700,MSFT
2025-10-23,517.283935546875,520.5599975585938,523.9500122070312,518.6099853515625,522.4600219726562,14023500,MSFT
2025-10-24,520.314697265625,523.6099853515625,525.3499755859375,520.7100219726562,522.7899780273438,15532400,MSFT
2025-10-27,528.1749877929688,531.52001953125,534.5800170898438,529.010009765625,531.780029296875,18734700,MSFT
2025-10-28,538.6585693359375,542.0700073242188,553.719970703125,540.77001953125,550.0,29986700,MSFT
2025-10-29,538.141845703125,541.5499877929688,546.27001953125,536.72998046875,544.9400024414062,36023000,MSFT
2025-10-30,522.4512329101562,525.760009765625,534.969970703125,522.1199951171875,530.47998046875,41023100,MSFT
2025-10-31,514.5512084960938,517.8099975585938,529.3200073242188,515.0999755859375,528.8800048828125,34006400,MSFT
2025-11-03,513.7761840820312,517.030029296875,524.9600219726562,514.5900268554688,519.8099975585938,22374700,MSFT
2025-11-04,511.0931701660156,514.3300170898438,515.5499877929688,507.8399963378906,511.760009765625,20958700,MSFT
2025-11-05,503.96826171875,507.1600036621094,514.8300170898438,506.5799865722656,513.2999877929688,23024300,MSFT
2025-11-06,493.9715576171875,497.1000061035156,505.70001220703125,495.80999755859375,505.6600036621094,27406500,MSFT
2025-11-07,493.6933288574219,496.82000732421875,499.3800048828125,493.25,496.95001220703125,24019800,MSFT
2025-11-10,502.8155517578125,506.0,506.8500061035156,498.79998779296875,500.0400085449219,26101500,MSFT
2025-11-11,505.4786682128906,508.67999267578125,509.6000061035156,502.3500061035156,504.79998779296875,17980000,MSFT
2025-11-12,507.9232482910156,511.1400146484375,511.6700134277344,499.1199951171875,509.3599853515625,26574900,MSFT
2025-11-13,500.1225891113281,503.2900085449219,513.5,501.2900085449219,510.30999755859375,25273100,MSFT
2025-11-14,506.9692077636719,510.17999267578125,511.6000061035156,497.44000244140625,498.2300109863281,28505700,MSFT
2025-11-17,504.2961730957031,507.489990234375,512.1199951171875,504.9100036621094,508.45001220703125,19092800,MSFT
2025-11-18,490.6824035644531,493.7900085449219,502.9800109863281,486.7799987792969,495.3699951171875,33815100,MSFT
2025-11-19,484.0543518066406,487.1199951171875,495.19000244140625,482.8299865722656,490.1000061035156,23245300,MSFT
2025-11-20,476.308837890625,478.42999267578125,493.57000732421875,475.5,492.7099914550781,26802500,MSFT
2025-11-21,470.0268249511719,472.1199951171875,478.9200134277344,468.2699890136719,478.5,31769200,MSFT
2025-11-24,471.89849853515625,474.0,476.8999938964844,468.0199890136719,475.0,34421000,MSFT
2025-11-25,474.8752136230469,476.989990234375,479.1499938964844,464.8900146484375,474.07000732421875,28019800,MSFT
2025-11-26,483.3475341796875,485.5,488.30999755859375,481.20001220703125,486.30999755859375,25709100,MSFT
2025-11-28,489.82867431640625,492.010009765625,492.6300048828125,486.6499938964844,487.6000061035156,14386700,MSFT
2025-12-01,484.5820007324219,486.739990234375,489.8599853515625,484.6499938964844,488.44000244140625,23964000,MSFT
2025-12-02,487.82757568359375,490.0,493.5,486.32000732421875,486.7200012207031,19562700,MSFT
2025-12-03,475.6119689941406,477.7300109863281,484.239990234375,475.20001220703125,476.32000732421875,34615100,MSFT
2025-12-04,478.70819091796875,480.8399963378906,481.32000732421875,476.489990234375,479.760009765625,22318200,MSFT
2025-12-05,481.01788330078125,483.1600036621094,483.3999938964844,478.8800048828125,482.5199890136719,22608700,MSFT
2025-12-08,488.8430480957031,491.0199890136719,492.29998779296875,484.3800048828125,484.8900146484375,21965900,MSFT
2025-12-09,489.8385925292969,492.0199890136719,492.1199951171875,488.5,489.1000061035156,14696100,MSFT
2025-12-10,476.43829345703125,478.55999755859375,484.25,475.0799865722656,484.0299987792969,35756200,MSFT
2025-12-11,481.3265075683594,483.4700012207031,486.0299987792969,475.8599853515625,476.6300048828125,24669200,MSFT
2025-12-12,476.4084167480469,478.5299987792969,482.45001220703125,476.3399963378906,479.82000732421875,21248100,MSFT
2025-12-15,472.7148742675781,474.82000732421875,480.7200012207031,472.5199890136719,480.1000061035156,23727700,MSFT
2025-12-16,474.2779235839844,476.3900146484375,477.8900146484375,470.8800048828125,471.9100036621094,20705600,MSFT
2025-12-17,474.00909423828125,476.1199951171875,480.0,475.0,476.9100036621094,24527200,MSFT
2025-12-18,481.8342590332031,483.9800109863281,489.6000061035156,477.8900146484375,478.19000244140625,28573500,MSFT
2025-12-19,483.7656555175781,485.9200134277344,487.8500061035156,482.489990234375,487.3599853515625,70836100,MSFT
2025-12-22,482.7701110839844,484.9200134277344,488.7300109863281,482.69000244140625,486.1199951171875,16963000,MSFT
2025-12-23,484.6915283203125,486.8500061035156,487.8299865722656,484.739990234375,484.9800109863281,14683600,MSFT
2025-12-24,485.8563232421875,488.0199890136719,489.1600036621094,484.8299865722656,485.67999267578125,5855900,MSFT
2025-12-26,485.5476989746094,487.7099914550781,488.1199951171875,485.9599914550781,486.7099914550781,8842200,MSFT
2025-12-29,484.9404296875,487.1000061035156,488.3500061035156,484.17999267578125,484.8599853515625,10893400,MSFT
2025-12-30,485.3187255859375,487.4800109863281,489.67999267578125,485.5,485.92999267578125,13944500,MSFT
2020-01-02,67.83251190185547,68.43399810791016,68.43399810791016,67.32450103759766,67.42050170898438,27278000,GOOGL
2020-01-03,67.47766876220703,68.07599639892578,68.6875,67.36599731445312,67.4000015258789,23408000,GOOGL
2020-01-06,69.2762222290039,69.8905029296875,69.91600036621094,67.55000305175781,67.58149719238281,46768000,GOOGL
2020-01-07,69.14239501953125,69.75550079345703,70.17500305175781,69.5780029296875,70.02300262451172,34330000,GOOGL
2020-01-08,69.63453674316406,70.25199890136719,70.59249877929688,69.63150024414062,69.74099731445312,35314000,GOOGL
2020-01-09,70.36556243896484,70.989501953125,71.43399810791016,70.510498046875,71.09649658203125,33200000,GOOGL
2020-01-10,70.82001495361328,71.447998046875,71.74700164794922,70.9800033569336,71.47350311279297,26258000,GOOGL
2020-01-13,71.36865997314453,72.00150299072266,72.0739974975586,71.26850128173828,71.76249694824219,30730000,GOOGL
2020-01-14,70.90081024169922,71.52950286865234,72.13150024414062,71.38849639892578,72.0,26076000,GOOGL
2020-01-15,71.3275146484375,71.95999908447266,72.03900146484375,71.58300018310547,71.6510009765625,21550000,GOOGL
2020-01-16,71.87071990966797,72.50800323486328,72.53500366210938,72.0,72.27249908447266,26080000,GOOGL
2020-01-17,73.32579803466797,73.97599792480469,74.02749633789062,72.82749938964844,73.12699890136719,52424000,GOOGL
2020-01-21,73.46111297607422,74.11250305175781,74.49400329589844,73.510498046875,73.94999694824219,48930000,GOOGL
2020-01-22,73.54139709472656,74.19349670410156,75.02899932861328,74.13300323486328,74.48650360107422,28458000,GOOGL
2020-01-23,73.58203887939453,74.2344970703125,74.67500305175781,74.01599884033203,74.37750244140625,26650000,GOOGL
2020-01-24,72.66416931152344,73.30850219726562,74.70999908447266,73.15899658203125,74.64099884033203,29786000,GOOGL
2020-01-27,70.9572982788086,71.58650207519531,71.8290023803711,70.9749984741211,71.5770034790039,34132000,GOOGL
2020-01-28,71.8875503540039,72.5250015258789,72.73999786376953,71.51799774169922,72.08699798583984,29724000,GOOGL
2020-01-29,72.19483184814453,72.83499908447266,73.20700073242188,72.26950073242188,72.9229965209961,21566000,GOOGL
2020-01-30,72.07341003417969,72.7125015258789,72.76249694824219,71.75,71.90499877929688,27110000,GOOGL
2020-01-31,71.00934600830078,71.63899993896484,73.4834976196289,71.35299682617188,73.39299774169922,43822000,GOOGL
2020-02-03,73.47844696044922,74.12999725341797,74.31500244140625,72.83049774169922,73.0824966430664,71636000,GOOGL
2020-02-04,71.63528442382812,72.27050018310547,73.36699676513672,71.10150146484375,72.72450256347656,95880000,GOOGL
2020-02-05,71.6670150756836,72.30249786376953,73.22899627685547,71.48400115966797,73.18049621582031,36376000,GOOGL
2020-02-06,73.14987182617188,73.79850006103516,74.0780029296875,72.52400207519531,72.5989990234375,37822000,GOOGL
2020-02-07,73.30547332763672,73.95549774169922,74.26249694824219,73.27050018310547,73.36949920654297,28360000,GOOGL
2020-02-10,74.7699966430664,75.43299865722656,75.44400024414062,73.76000213623047,73.86150360107422,38302000,GOOGL
2020-02-11,74.8393783569336,75.50299835205078,76.49400329589844,75.27249908447266,75.66349792480469,34852000,GOOGL
2020-02-12,75.26412963867188,75.93150329589844,76.01499938964844,75.43350219726562,75.79299926757812,31042000,GOOGL
2020-02-13,75.00443267822266,75.66950225830078,76.29750061035156,75.19999694824219,75.5,22914000,GOOGL
2020-02-14,75.26908111572266,75.9365005493164,76.00250244140625,75.27749633789062,75.72650146484375,23198000,GOOGL
2020-02-18,75.30426025390625,75.97200012207031,76.52799987792969,75.55049896240234,75.71700286865234,25642000,GOOGL
2020-02-19,75.5733871459961,76.24349975585938,76.53700256347656,76.04900360107422,76.36000061035156,22746000,GOOGL
2020-02-20,75.1828384399414,75.84950256347656,76.35350036621094,75.21299743652344,75.95050048828125,25962000,GOOGL
2020-02-21,73.52108001708984,74.1729965209961,75.54750061035156,73.92449951171875,75.22899627685547,42520000,GOOGL
2020-02-24,70.36901092529297,70.99299621582031,71.81900024414062,70.3395004272461,71.15249633789062,49560000,GOOGL
2020-02-25,68.70675659179688,69.31600189208984,71.84249877929688,69.02100372314453,71.55000305175781,51580000,GOOGL
2020-02-26,68.91242980957031,69.52349853515625,70.68350219726562,68.82749938964844,69.7490005493164,49776000,GOOGL
2020-02-27,65.16962432861328,65.74749755859375,68.47000122070312,65.71199798583984,67.95700073242188,62290000,GOOGL
2020-02-28,66.37396240234375,66.9625015258789,67.12249755859375,63.410499572753906,63.71549987792969,80198000,GOOGL
2020-03-02,68.70675659179688,69.31600189208984,69.37349700927734,66.26000213623047,67.56950378417969,55430000,GOOGL
2020-03-03,66.2981185913086,66.88600158691406,70.40950012207031,66.46199798583984,69.88400268554688,56602000,GOOGL
2020-03-04,68.47284698486328,69.08000183105469,69.13899993896484,66.8499984741211,67.947998046875,47598000,GOOGL
2020-03-05,65.16020965576172,65.73799896240234,67.68150329589844,65.08200073242188,67.27749633789062,54380000,GOOGL
2020-03-06,64.21757507324219,64.78700256347656,65.13749694824219,62.86050033569336,63.497501373291016,64640000,GOOGL
2020-03-09,60.25520706176758,60.78950119018555,62.63650131225586,59.902000427246094,60.24800109863281,69252000,GOOGL
2020-03-10,63.19810485839844,63.75849914550781,63.79249954223633,60.72549819946289,62.71950149536133,54872000,GOOGL
2020-03-11,60.012855529785156,60.54499816894531,62.846500396728516,59.55699920654297,62.41350173950195,54732000,GOOGL
2020-03-12,55.089012145996094,55.57749938964844,59.4375,55.423500061035156,56.13100051879883,94326000,GOOGL
2020-03-13,60.179874420166016,60.7135009765625,60.720001220703125,55.614498138427734,58.7495002746582,79400000,GOOGL
2020-03-16,53.1784553527832,53.650001525878906,57.27349853515625,53.354000091552734,54.480499267578125,96520000,GOOGL
2020-03-17,55.41165542602539,55.90299987792969,56.29999923706055,52.45500183105469,54.53200149536133,83194000,GOOGL
2020-03-18,54.0799674987793,54.55950164794922,55.2495002746582,51.849998474121094,52.99700164794922,93044000,GOOGL
2020-03-19,55.0949592590332,55.583499908447266,57.63050079345703,52.77750015258789,54.4109992980957,74064000,GOOGL
2020-03-20,52.941062927246094,53.410499572753906,56.92399978637695,53.10499954223633,56.54499816894531,82878000,GOOGL
2020-03-23,52.24324417114258,52.70650100708008,53.34550094604492,50.44350051879883,52.81850051879883,83672000,GOOGL
2020-03-24,56.003902435302734,56.5004997253418,56.666500091552734,54.32149887084961,55.19900131225586,72468000,GOOGL
2020-03-25,54.59688186645508,55.08100128173828,57.30849838256836,54.1505012512207,56.229000091552734,90324000,GOOGL
2020-03-26,57.63493728637695,58.145999908447266,58.57400131225586,54.60150146484375,55.736000061035156,76562000,GOOGL
2020-03-27,55.025081634521484,55.51300048828125,57.5525016784668,55.20000076293945,56.37350082397461,62794000,GOOGL
2020-03-30,56.811737060546875,57.31549835205078,57.54999923706055,54.92449951171875,56.63199996948242,58736000,GOOGL
2020-03-31,57.58686447143555,58.09749984741211,58.66999816894531,56.83599853515625,57.436500549316406,65228000,GOOGL
2020-04-01,54.62066650390625,55.10499954223633,56.47100067138672,54.67449951171875,56.20000076293945,51970000,GOOGL
2020-04-02,55.3606071472168,55.85150146484375,56.13850021362305,54.65650177001953,55.0,56410000,GOOGL
2020-04-03,54.1547966003418,54.6349983215332,55.93949890136719,53.75400161743164,55.73550033569336,51374000,GOOGL
2020-04-06,58.639522552490234,59.15950012207031,59.537498474121094,56.25,56.650001525878906,63320000,GOOGL
2020-04-07,58.608306884765625,59.12799835205078,61.03900146484375,58.86249923706055,60.85049819946289,61620000,GOOGL
2020-04-08,59.81956481933594,60.349998474121094,60.744998931884766,59.1974983215332,60.154998779296875,40334000,GOOGL
2020-04-09,59.798248291015625,60.32849884033203,61.0994987487793,59.62099838256836,60.909000396728516,54028000,GOOGL
2020-04-13,59.98857116699219,60.52050018310547,60.72600173950195,59.11650085449219,60.07500076293945,38702000,GOOGL
2020-04-14,62.705482482910156,63.26150131225586,63.787498474121094,61.426998138427734,61.99850082397461,63358000,GOOGL
2020-04-15,62.312461853027344,62.8650016784668,63.75550079345703,61.70000076293945,62.32550048828125,42236000,GOOGL
2020-04-16,62.31890106201172,62.871498107910156,63.667999267578125,61.90999984741211,63.356998443603516,57896000,GOOGL
2020-04-17,63.38793182373047,63.95000076293945,64.5,63.29999923706055,64.08499908447266,51050000,GOOGL
2020-04-20,62.50326919555664,63.057498931884766,63.840999603271484,62.821998596191406,63.49449920654297,35292000,GOOGL
2020-04-21,60.07530212402344,60.608001708984375,62.5,60.25,62.135501861572266,49648000,GOOGL
2020-04-22,62.36747741699219,62.920501708984375,63.99399948120117,61.86000061035156,62.05550003051758,46296000,GOOGL
2020-04-23,62.9998664855957,63.55849838256836,64.40750122070312,63.0265007019043,63.2869987487793,34202000,GOOGL
2020-04-24,63.26898193359375,63.83000183105469,63.885501861572266,62.20000076293945,62.75,37402000,GOOGL
2020-04-27,62.9845085144043,63.542999267578125,64.70500183105469,63.25299835205078,64.5999984741211,44186000,GOOGL
2020-04-28,61.08782196044922,61.62950134277344,64.23799896240234,61.51900100708008,64.16000366210938,80700000,GOOGL
2020-04-29,66.51914978027344,67.10900115966797,68.00749969482422,66.33650207519531,67.25,108358000,GOOGL
2020-04-30,66.74317932128906,67.33499908447266,67.5,66.07499694824219,66.56800079345703,55842000,GOOGL
2020-05-01,65.28707885742188,65.86599731445312,67.57150268554688,65.48300170898438,66.20449829101562,48872000,GOOGL
2020-05-04,65.56362915039062,66.1449966430664,66.22350311279297,64.80049896240234,65.40650177001953,30806000,GOOGL
2020-05-05,66.85814666748047,67.45099639892578,68.55049896240234,66.75150299072266,66.875,39666000,GOOGL
2020-05-06,66.68022918701172,67.27149963378906,68.43450164794922,67.25650024414062,67.9000015258789,31732000,GOOGL
2020-05-07,67.86223602294922,68.46399688720703,68.80000305175781,67.62699890136719,68.06549835205078,30652000,GOOGL
2020-05-08,68.60863494873047,69.21700286865234,69.83200073242188,68.60050201416016,69.09100341796875,33326000,GOOGL
2020-05-11,69.56266021728516,70.17949676513672,70.77649688720703,68.7750015258789,68.8395004272461,32718000,GOOGL
2020-05-12,68.1546630859375,68.75900268554688,70.71649932861328,68.72550201416016,70.41100311279297,33918000,GOOGL
2020-05-13,66.82395935058594,67.41649627685547,69.2665023803711,66.40049743652344,68.80799865722656,40368000,GOOGL
2020-05-14,67.24671936035156,67.84300231933594,67.86849975585938,66.16500091552734,66.6760025024414,36660000,GOOGL
2020-05-15,68.0495834350586,68.65299987792969,68.72899627685547,66.94999694824219,67.41300201416016,41544000,GOOGL
2020-05-18,68.6502685546875,69.25900268554688,69.63800048828125,67.70999908447266,68.0790023803711,47094000,GOOGL
2020-05-19,68.11601257324219,68.72000122070312,69.62449645996094,68.68800354003906,69.27400207519531,31586000,GOOGL
2020-05-20,69.83872985839844,70.45800018310547,70.60150146484375,69.37100219726562,69.45800018310547,38262000,GOOGL
2020-05-21,69.71929168701172,70.3375015258789,70.822998046875,69.71949768066406,70.54949951171875,30894000,GOOGL
2020-05-22,70.04093933105469,70.66200256347656,70.8499984741211,69.79750061035156,70.19499969482422,28544000,GOOGL
2020-05-26,70.44384765625,71.06849670410156,72.25550079345703,70.97000122070312,72.0979995727539,44590000,GOOGL
2020-05-27,70.38984680175781,71.01399993896484,71.26750183105469,69.7300033569336,71.0,31684000,GOOGL
2020-05-28,70.28874206542969,70.91200256347656,72.2229995727539,69.9540023803711,70.0,35170000,GOOGL
2020-05-29,71.04602813720703,71.6760025024414,71.83650207519531,70.79900360107422,71.02149963378906,37044000,GOOGL
2020-06-01,71.1129379272461,71.74349975585938,72.0790023803711,71.11399841308594,71.28500366210938,25162000,GOOGL
2020-06-02,71.48165893554688,72.1155014038086,72.1500015258789,71.08049774169922,71.75,23442000,GOOGL
2020-06-03,71.32999420166016,71.9625015258789,72.45050048828125,71.58100128173828,72.13500213623047,27732000,GOOGL
2020-06-04,70.09345245361328,70.71499633789062,72.06600189208984,70.30049896240234,71.83899688720703,26982000,GOOGL
2020-06-05,71.36815643310547,72.0009994506836,72.31500244140625,70.38099670410156,70.78199768066406,42642000,GOOGL
2020-06-08,71.76564025878906,72.4020004272461,72.44999694824219,71.2239990234375,71.31400299072266,33878000,GOOGL
2020-06-09,71.96585845947266,72.60399627685547,73.38999938964844,72.11799621582031,72.26200103759766,33624000,GOOGL
2020-06-10,72.59131622314453,73.23500061035156,73.63849639892578,72.71800231933594,73.07550048828125,31762000,GOOGL
2020-06-11,69.47891998291016,70.09500122070312,72.58000183105469,69.92050170898438,72.05149841308594,47144000,GOOGL
2020-06-12,70.02506256103516,70.64600372314453,71.72550201416016,69.29000091552734,71.29299926757812,36676000,GOOGL
2020-06-15,70.41264343261719,71.03700256347656,71.25,69.36000061035156,69.47450256347656,30468000,GOOGL
2020-06-16,71.68782043457031,72.32350158691406,72.8584976196289,71.44950103759766,72.44999694824219,30648000,GOOGL
2020-06-17,71.9886703491211,72.62699890136719,73.11000061035156,71.75650024414062,72.64700317382812,30610000,GOOGL
2020-06-18,71.07575225830078,71.70600128173828,72.64849853515625,71.31199645996094,72.49250030517578,34862000,GOOGL
2020-06-19,70.6059341430664,71.23200225830078,72.2249984741211,70.94999694824219,72.0,52784000,GOOGL
2020-06-22,71.89549255371094,72.53299713134766,72.54750061035156,70.95950317382812,71.25050354003906,29442000,GOOGL
2020-06-23,72.55562591552734,73.1989974975586,73.76000213623047,72.25,72.5999984741211,37752000,GOOGL
2020-06-24,71.00538635253906,71.63500213623047,73.78949737548828,71.5,73.16400146484375,31592000,GOOGL
2020-06-25,71.42168426513672,72.05500030517578,72.11599731445312,70.97699737548828,71.56099700927734,23958000,GOOGL
2020-06-26,67.5282211303711,68.12699890136719,71.85099792480469,67.75,71.63150024414062,97640000,GOOGL
2020-06-29,69.24449157714844,69.8584976196289,69.9000015258789,67.5824966430664,68.01699829101562,45074000,GOOGL
2020-06-30,70.27931213378906,70.90249633789062,71.19999694824219,69.34649658203125,69.84400177001953,40286000,GOOGL
2020-07-01,71.46627807617188,72.0999984741211,72.42400360107422,70.70899963378906,70.95850372314453,42182000,GOOGL
2020-07-02,72.85050964355469,73.49649810791016,74.4260025024414,72.55349731445312,72.59200286865234,57218000,GOOGL
2020-07-06,74.32345581054688,74.98249816894531,75.5,73.8489990234375,74.40750122070312,44712000,GOOGL
2020-07-07,73.84122467041016,74.49600219726562,76.06600189208984,74.48500061035156,74.80650329589844,42364000,GOOGL
2020-07-08,74.51921844482422,75.18000030517578,75.55850219726562,74.61499786376953,75.04000091552734,31766000,GOOGL
2020-07-09,75.26559448242188,75.93299865722656,76.45700073242188,74.77950286865234,75.49649810791016,41836000,GOOGL
2020-07-10,76.27415466308594,76.95050048828125,77.06700134277344,75.03600311279297,75.6624984741211,35918000,GOOGL
2020-07-13,74.9469223022461,75.61150360107422,78.81800079345703,75.3280029296875,77.49700164794922,42954000,GOOGL
2020-07-14,75.37464904785156,76.04299926757812,76.13999938964844,74.29650115966797,74.6395034790039,38108000,GOOGL
2020-07-15,75.17739868164062,75.84400177001953,76.81649780273438,74.8915023803711,76.1614990234375,31026000,GOOGL
2020-07-16,75.08024597167969,75.74600219726562,75.79550170898438,74.41349792480469,75.07499694824219,26484000,GOOGL
2020-07-17,75.1759033203125,75.84249877929688,76.17150115966797,74.90499877929688,75.84549713134766,34264000,GOOGL
2020-07-20,77.5047607421875,78.19200134277344,78.45050048828125,75.13500213623047,75.75,30166000,GOOGL
2020-07-21,77.11222076416016,77.7959976196289,79.35250091552734,77.63099670410156,79.25150299072266,27486000,GOOGL
2020-07-22,77.5548095703125,78.24250030517578,78.3489990234375,77.1614990234375,77.7854995727539,24482000,GOOGL
2020-07-23,75.17093658447266,75.8375015258789,78.51750183105469,75.42949676513672,78.29650115966797,33910000,GOOGL
2020-07-24,74.74768829345703,75.4104995727539,75.77149963378906,74.37950134277344,74.95950317382812,29902000,GOOGL
2020-07-27,75.79937744140625,76.47149658203125,76.87799835205078,75.61650085449219,75.66300201416016,27124000,GOOGL
2020-07-28,74.52171325683594,75.18250274658203,76.30049896240234,75.0260009765625,76.25,30910000,GOOGL
2020-07-29,75.50597381591797,76.17549896240234,76.66649627685547,75.15049743652344,75.25,22676000,GOOGL
2020-07-30,76.24244689941406,76.91850280761719,77.04450225830078,74.75849914550781,74.89849853515625,36042000,GOOGL
2020-07-31,73.74359130859375,74.39749908447266,75.2509994506836,72.69999694824219,74.85250091552734,91468000,GOOGL
2020-08-03,73.48638153076172,74.13800048828125,74.8864974975586,73.58599853515625,74.55000305175781,45482000,GOOGL
2020-08-04,73.01753997802734,73.66500091552734,74.65550231933594,73.20149993896484,74.33550262451172,37212000,GOOGL
2020-08-05,73.30450439453125,73.95449829101562,74.5,73.56099700927734,73.84100341796875,29134000,GOOGL
2020-08-06,74.58612060546875,75.24749755859375,75.3134994506836,73.59500122070312,73.80750274658203,33306000,GOOGL
2020-08-07,74.26001739501953,74.91850280761719,76.00450134277344,74.3134994506836,75.4520034790039,27718000,GOOGL
2020-08-10,74.1832046508789,74.84100341796875,75.35749816894531,73.87449645996094,74.54000091552734,20546000,GOOGL
2020-08-11,73.37635803222656,74.0270004272461,75.52200317382812,73.90950012207031,74.69999694824219,31098000,GOOGL
2020-08-12,74.69963836669922,75.36199951171875,75.58350372314453,74.25,74.35600280761719,22512000,GOOGL
2020-08-13,75.16598510742188,75.8324966430664,76.84850311279297,75.4104995727539,75.4104995727539,22388000,GOOGL
2020-08-14,74.57026672363281,75.23149871826172,75.989501953125,74.94999694824219,75.68049621582031,21942000,GOOGL
2020-08-17,75.14564514160156,75.81199645996094,76.18900299072266,75.25,75.79850006103516,19990000,GOOGL
2020-08-18,77.10528564453125,77.78900146484375,77.86849975585938,76.08350372314453,76.30599975585938,28378000,GOOGL
2020-08-19,76.55170440673828,77.23049926757812,78.44300079345703,77.0,77.62449645996094,30472000,GOOGL
2020-08-20,78.11979675292969,78.8125,79.00849914550781,76.7229995727539,76.99849700927734,26382000,GOOGL
2020-08-21,78.08610534667969,78.77850341796875,79.59400177001953,78.1155014038086,78.58999633789062,34838000,GOOGL
2020-08-24,78.5608901977539,79.25749969482422,80.43900299072266,78.75199890136719,79.62349700927734,25638000,GOOGL
2020-08-25,79.5867919921875,80.2925033569336,80.44400024414062,78.89399719238281,79.00499725341797,25150000,GOOGL
2020-08-26,81.48397064208984,82.20649719238281,82.6395034790039,80.04900360107422,80.31500244140625,52188000,GOOGL
2020-08-27,80.71031188964844,81.4260025024414,82.39949798583984,80.94049835205078,82.33049774169922,31350000,GOOGL
2020-08-28,81.25102233886719,81.97149658203125,82.06749725341797,81.28050231933594,81.47350311279297,22418000,GOOGL
2020-08-31,80.76038360595703,81.47650146484375,82.2249984741211,81.2665023803711,82.17849731445312,26422000,GOOGL
2020-09-01,82.02664947509766,82.75399780273438,82.96099853515625,81.47650146484375,81.60800170898438,22652000,GOOGL
2020-09-02,85.1147689819336,85.86949920654297,86.30500030517578,83.0094985961914,83.40049743652344,49522000,GOOGL
2020-09-03,80.75939178466797,81.47550201416016,85.0,80.385498046875,84.97599792480469,63726000,GOOGL
2020-09-04,78.36561584472656,79.06050109863281,81.74949645996094,76.89849853515625,80.44999694824219,55850000,GOOGL
2020-09-08,75.51043701171875,76.18000030517578,77.77749633789062,75.82499694824219,76.25,54032000,GOOGL
2020-09-09,76.68155670166016,77.36150360107422,77.93599700927734,76.25849914550781,77.44499969482422,39242000,GOOGL
2020-09-10,75.6318588256836,76.30249786376953,78.68299865722656,76.0,77.50900268554688,33024000,GOOGL
2020-09-11,75.12187957763672,75.78800201416016,76.93499755859375,74.6510009765625,76.40750122070312,30706000,GOOGL
2020-09-14,74.77842712402344,75.44149780273438,77.8499984741211,75.25550079345703,76.5824966430664,42660000,GOOGL
2020-09-15,76.08135986328125,76.75599670410156,77.54949951171875,76.1050033569336,76.39450073242188,23042000,GOOGL
2020-09-16,74.93998718261719,75.60449981689453,77.71849822998047,75.57949829101562,77.1240005493164,22128000,GOOGL
2020-09-17,73.69850158691406,74.35199737548828,74.93299865722656,73.12300109863281,74.29049682617188,40008000,GOOGL
2020-09-18,71.91679382324219,72.55449676513672,74.76000213623047,71.58100128173828,74.41500091552734,63056000,GOOGL
2020-09-21,70.8785171508789,71.50700378417969,72.00299835205078,70.13400268554688,71.58100128173828,56908000,GOOGL
2020-09-22,72.34944915771484,72.99099731445312,73.19850158691406,71.4749984741211,72.51599884033203,33950000,GOOGL
2020-09-23,69.85012817382812,70.46949768066406,72.65399932861328,70.13400268554688,72.60449981689453,37726000,GOOGL
2020-09-24,70.51770782470703,71.14299774169922,71.89949798583984,70.10749816894531,70.13400268554688,34552000,GOOGL
2020-09-25,71.3205795288086,71.9530029296875,72.2969970703125,70.38400268554688,71.25250244140625,30326000,GOOGL
2020-09-28,72.29196166992188,72.93299865722656,73.64949798583984,72.31400299072266,73.59950256347656,30784000,GOOGL
2020-09-29,72.65673065185547,73.3010025024414,73.5999984741211,72.69999694824219,73.19550323486328,31816000,GOOGL
2020-09-30,72.63591766357422,73.27999877929688,74.30999755859375,72.78800201416016,73.0469970703125,40924000,GOOGL
2020-10-01,73.74111938476562,74.3949966430664,74.75350189208984,73.83999633789062,74.18299865722656,32884000,GOOGL
2020-10-02,72.14031982421875,72.77999877929688,73.95149993896484,72.36750030517578,72.98149871826172,31222000,GOOGL
2020-10-05,73.48985290527344,74.1415023803711,74.23500061035156,73.00450134277344,73.13249969482422,21602000,GOOGL
2020-10-06,71.913330078125,72.5510025024414,74.22599792480469,72.25050354003906,73.7750015258789,26096000,GOOGL
2020-10-07,72.31576538085938,72.95700073242188,73.44850158691406,71.6614990234375,72.96549987792969,36108000,GOOGL
2020-10-08,73.51959228515625,74.17150115966797,74.40149688720703,73.27249908447266,73.27249908447266,26076000,GOOGL
2020-10-09,74.85871887207031,75.52249908447266,75.59249877929688,74.3499984741211,74.64299774169922,32966000,GOOGL
2020-10-12,77.54192352294922,78.22949981689453,79.4209976196289,76.46499633789062,76.9000015258789,55344000,GOOGL
2020-10-13,77.66482543945312,78.35350036621094,79.25800323486328,77.93150329589844,78.85050201416016,39072000,GOOGL
2020-10-14,77.48491668701172,78.1719970703125,79.19249725341797,77.29499816894531,78.7300033569336,33174000,GOOGL
2020-10-15,77.08992767333984,77.77349853515625,78.56999969482422,77.05650329589844,77.2249984741211,31210000,GOOGL
2020-10-16,77.696044921875,78.38500213623047,78.885498046875,77.88300323486328,78.09149932861328,34194000,GOOGL
2020-10-19,75.82514953613281,76.49749755859375,79.19650268554688,76.14600372314453,78.79650115966797,29734000,GOOGL
2020-10-20,76.87235260009766,77.55400085449219,78.69200134277344,76.0250015258789,76.15550231933594,41670000,GOOGL
2020-10-21,78.60250854492188,79.29949951171875,80.75700378417969,78.35700225830078,78.49250030517578,60322000,GOOGL
2020-10-22,79.6269302368164,80.33300018310547,80.6709976196289,78.8740005493164,79.25,30512000,GOOGL
2020-10-23,80.93136596679688,81.64900207519531,81.70600128173828,80.59549713134766,80.75250244140625,30548000,GOOGL
2020-10-26,78.51826477050781,79.2145004272461,81.47899627685547,78.38899993896484,80.75,35826000,GOOGL
2020-10-27,79.24134826660156,79.94400024414062,80.0999984741211,78.84950256347656,79.44650268554688,25902000,GOOGL
2020-10-28,74.87606048583984,75.54000091552734,77.69049835205078,75.42400360107422,77.50050354003906,45174000,GOOGL
2020-10-29,77.15979766845703,77.84400177001953,79.43699645996094,75.82749938964844,75.85099792480469,55406000,GOOGL
2020-10-30,80.09526824951172,80.80549621582031,84.06600189208984,80.07849884033203,83.37200164794922,99878000,GOOGL
2020-11-02,80.5021743774414,81.21600341796875,82.91200256347656,80.71199798583984,81.177001953125,44228000,GOOGL
2020-11-03,81.55977630615234,82.28299713134766,82.94999694824219,80.60549926757812,81.53800201416016,31432000,GOOGL
2020-11-04,86.52527618408203,87.2925033569336,88.50150299072266,85.1500015258789,85.27899932861328,71342000,GOOGL
2020-11-05,87.35043334960938,88.125,89.59100341796875,87.05149841308594,88.52249908447266,39758000,GOOGL
2020-11-06,87.21317291259766,87.98650360107422,88.42500305175781,86.83399963378906,87.56700134277344,28622000,GOOGL
2020-11-09,87.29692077636719,88.07099914550781,90.84449768066406,87.87750244140625,89.79900360107422,53440000,GOOGL
2020-11-10,86.1223373413086,86.88600158691406,87.96900177001953,85.80599975585938,86.4885025024414,43022000,GOOGL
2020-11-11,86.5936508178711,87.36150360107422,88.1449966430664,87.15299987792969,87.41999816894531,31838000,GOOGL
2020-11-12,86.37508392333984,87.14099884033203,88.2490005493164,86.89849853515625,87.0999984741211,26474000,GOOGL
2020-11-13,87.83415985107422,88.61299896240234,88.85649871826172,86.79900360107422,87.4000015258789,29744000,GOOGL
2020-11-16,87.921875,88.70149993896484,89.71700286865234,88.06649780273438,88.20700073242188,25468000,GOOGL
2020-11-17,87.3088150024414,88.08300018310547,88.85700225830078,87.97450256347656,88.39299774169922,21314000,GOOGL
2020-11-18,86.26705169677734,87.03199768066406,88.25,86.92849731445312,87.83200073242188,20108000,GOOGL
2020-11-19,87.15565490722656,87.92849731445312,88.17449951171875,86.5009994506836,86.6614990234375,20106000,GOOGL
2020-11-20,86.05592346191406,86.81900024414062,88.41799926757812,86.75,88.0999984741211,27694000,GOOGL
2020-11-23,85.61880493164062,86.37799835205078,87.29949951171875,85.50900268554688,87.01100158691406,22530000,GOOGL
2020-11-24,87.4198226928711,88.19499969482422,88.3239974975586,86.0364990234375,86.375,27984000,GOOGL
2020-11-25,87.43123626708984,88.20649719238281,88.51899719238281,87.41799926757812,88.3905029296875,19600000,GOOGL
2020-11-27,88.56565856933594,89.35099792480469,89.85050201416016,88.22699737548828,88.22699737548828,14790000,GOOGL
2020-11-30,86.94902038574219,87.72000122070312,89.01699829101562,87.39199829101562,88.78250122070312,32418000,GOOGL
2020-12-01,88.97900390625,89.76799774169922,91.08599853515625,88.15149688720703,88.33300018310547,37350000,GOOGL
2020-12-02,90.44648742675781,91.24849700927734,91.63700103759766,89.25849914550781,89.76799774169922,29424000,GOOGL
2020-12-03,90.2913589477539,91.09200286865234,92.19149780273438,90.8499984741211,91.0270004272461,24728000,GOOGL
2020-12-04,90.38652801513672,91.18800354003906,91.4749984741211,90.67949676513672,91.01100158691406,20544000,GOOGL
2020-12-07,90.052978515625,90.85150146484375,91.4645004272461,90.1520004272461,90.77749633789062,22288000,GOOGL
2020-12-08,89.7704849243164,90.56649780273438,90.79850006103516,89.56400299072266,90.4260025024414,19936000,GOOGL
2020-12-09,88.11170196533203,88.89299774169922,91.41850280761719,88.0999984741211,90.51799774169922,31728000,GOOGL
2020-12-10,87.60567474365234,88.38249969482422,88.74949645996094,86.67649841308594,88.12999725341797,28688000,GOOGL
2020-12-11,87.96004486083984,88.73999786376953,88.8655014038086,87.63700103759766,88.0,18628000,GOOGL
2020-12-14,86.84294891357422,87.61299896240234,89.48999786376953,87.45649719238281,88.53600311279297,33050000,GOOGL
2020-12-15,87.28008270263672,88.05400085449219,88.19999694824219,87.08350372314453,87.99299621582031,21352000,GOOGL
2020-12-16,87.08727264404297,87.8594970703125,88.45549774169922,87.4530029296875,88.45549774169922,24676000,GOOGL
2020-12-17,86.26061248779297,87.02549743652344,88.33550262451172,86.55750274658203,88.19650268554688,34880000,GOOGL
2020-12-18,85.55237579345703,86.31099700927734,87.41799926757812,85.75,87.30850219726562,85256000,GOOGL
2020-12-21,85.96571350097656,86.72799682617188,86.8499984741211,84.69999694824219,85.45649719238281,33974000,GOOGL
2020-12-22,85.2550277709961,86.01100158691406,86.63050079345703,85.28900146484375,86.46649932861328,20370000,GOOGL
2020-12-23,85.6520004272461,86.4114990234375,87.20549774169922,86.05999755859375,86.19650268554688,22974000,GOOGL
2020-12-24,85.94590759277344,86.70800018310547,87.12049865722656,86.21749877929688,86.44999694824219,9312000,GOOGL
2020-12-28,87.91841125488281,88.697998046875,89.3499984741211,87.09100341796875,87.24549865722656,27650000,GOOGL
2020-12-29,87.11551666259766,87.88800048828125,89.42350006103516,87.75550079345703,89.36150360107422,19726000,GOOGL
2020-12-30,86.04948425292969,86.8125,88.38800048828125,86.4000015258789,88.25,21026000,GOOGL
2020-12-31,86.86177825927734,87.63200378417969,87.875,86.80449676513672,86.8635025024414,21070000,GOOGL
2021-01-04,85.54793548583984,86.30650329589844,88.12449645996094,85.35700225830078,88.0,37324000,GOOGL
2021-01-05,86.2378158569336,87.00250244140625,87.34149932861328,85.84500122070312,86.25450134277344,20360000,GOOGL
2021-01-06,85.38684844970703,86.14399719238281,87.19850158691406,84.80500030517578,85.01300048828125,46588000,GOOGL
2021-01-07,87.93724060058594,88.71700286865234,88.89099884033203,86.33799743652344,86.33799743652344,41936000,GOOGL
2021-01-08,89.10142517089844,89.8915023803711,89.96800231933594,88.06099700927734,88.85800170898438,35484000,GOOGL
2021-01-11,87.04266357421875,87.81449890136719,89.21900177001953,87.60700225830078,88.85099792480469,34796000,GOOGL
2021-01-12,86.10797119140625,86.87149810791016,88.3949966430664,85.81900024414062,87.26799774169922,29528000,GOOGL
2021-01-13,86.59465026855469,87.36250305175781,87.81950378417969,86.36599731445312,86.36599731445312,23432000,GOOGL
2021-01-14,85.78530883789062,86.5459976196289,88.37750244140625,86.30349731445312,87.44349670410156,29212000,GOOGL
2021-01-15,85.62177276611328,86.38099670410156,87.38099670410156,85.58550262451172,86.45099639892578,31444000,GOOGL
2021-01-19,88.43929290771484,89.22350311279297,90.19200134277344,86.6415023803711,87.1500015258789,41660000,GOOGL
2021-01-20,93.17728424072266,94.00350189208984,94.98600006103516,90.97550201416016,91.31849670410156,64152000,GOOGL
2021-01-21,93.37947082519531,94.2074966430664,96.60399627685547,93.97049713134766,94.68250274658203,58634000,GOOGL
2021-01-22,93.7962875366211,94.62799835205078,95.21949768066406,93.82499694824219,94.572998046875,32744000,GOOGL
2021-01-25,93.88152313232422,94.71399688720703,96.09100341796875,92.95800018310547,95.63700103759766,50586000,GOOGL
2021-01-26,94.55902862548828,95.39749908447266,95.7874984741211,93.80650329589844,94.29949951171875,31462000,GOOGL
2021-01-27,90.14763641357422,90.9469985961914,94.02349853515625,89.86399841308594,93.74549865722656,82512000,GOOGL
2021-01-28,91.84558868408203,92.66000366210938,94.39949798583984,91.55000305175781,91.55000305175781,55278000,GOOGL
2021-01-29,90.56492614746094,91.36799621582031,92.37699890136719,90.0780029296875,91.70099639892578,44530000,GOOGL
2021-02-01,93.82156372070312,94.65350341796875,95.7770004272461,92.22949981689453,92.22949981689453,40252000,GOOGL
2021-02-02,95.11260986328125,95.95600128173828,97.46849822998047,95.31849670410156,95.65650177001953,66332000,GOOGL
2021-02-03,102.0391845703125,102.94400024414062,105.33100128173828,100.67749786376953,103.28050231933594,97882000,GOOGL
2021-02-04,101.77900695800781,102.68150329589844,103.46499633789062,101.75499725341797,103.03099822998047,48596000,GOOGL
2021-02-05,103.5235366821289,104.44149780273438,104.7969970703125,102.5,102.97799682617188,29866000,GOOGL
2021-02-08,103.30992889404297,104.22599792480469,105.75,103.1675033569336,105.0,28828000,GOOGL
2021-02-09,102.8574447631836,103.76950073242188,104.92549896240234,103.5,103.73999786376953,21892000,GOOGL
2021-02-10,103.40705871582031,104.3239974975586,104.94400024414062,102.61199951171875,104.15699768066406,25102000,GOOGL
2021-02-11,103.51956939697266,104.4375,104.69999694824219,103.44300079345703,104.55000305175781,20480000,GOOGL
2021-02-12,103.83080291748047,104.75150299072266,104.9749984741211,103.67849731445312,103.9885025024414,18990000,GOOGL
2021-02-16,104.60742950439453,105.53500366210938,107.25700378417969,104.5875015258789,104.5875015258789,31004000,GOOGL
2021-02-17,104.99994659423828,105.93099975585938,106.12200164794922,104.4175033569336,104.6989974975586,20294000,GOOGL
2021-02-18,104.36507415771484,105.29049682617188,106.09950256347656,104.66649627685547,105.25,22546000,GOOGL
2021-02-19,103.52254486083984,104.44049835205078,105.92900085449219,104.17150115966797,105.3895034790039,37938000,GOOGL
2021-02-22,101.81022644042969,102.71299743652344,104.0165023803711,102.4000015258789,102.68000030517578,29466000,GOOGL
2021-02-23,102.10065460205078,103.00599670410156,103.625,99.5114974975586,100.69950103759766,34658000,GOOGL
2021-02-24,103.27473449707031,104.19049835205078,104.41600036621094,101.37650299072266,101.50199890136719,22608000,GOOGL
2021-02-25,99.91156768798828,100.79750061035156,104.1500015258789,100.32450103759766,102.79650115966797,41548000,GOOGL
2021-02-26,100.20693969726562,101.09549713134766,102.82599639892578,100.05049896240234,101.49749755859375,40042000,GOOGL
2021-03-01,102.57345581054688,103.48300170898438,103.8115005493164,101.72100067138672,102.4000015258789,26060000,GOOGL
2021-03-02,102.31674194335938,103.2239990234375,104.73699951171875,102.83350372314453,103.24199676513672,25564000,GOOGL
2021-03-03,99.68656921386719,100.57050323486328,103.79949951171875,99.69999694824219,102.59750366210938,33892000,GOOGL
2021-03-04,100.80266571044922,101.69650268554688,103.72949981689453,100.27149963378906,100.74349975585938,49216000,GOOGL
2021-03-05,103.93190002441406,104.85350036621094,105.30999755859375,101.38899993896484,103.05750274658203,53100000,GOOGL
2021-03-08,99.4927749633789,100.375,105.68699645996094,100.2594985961914,104.2030029296875,36868000,GOOGL
2021-03-09,101.121337890625,102.01799774169922,103.19599914550781,101.77999877929688,102.48750305175781,33920000,GOOGL
2021-03-10,100.91466522216797,101.80950164794922,103.06999969482422,100.96649932861328,103.06999969482422,27100000,GOOGL
2021-03-11,104.10387420654297,105.0270004272461,105.5634994506836,102.82250213623047,102.91100311279297,27702000,GOOGL
2021-03-12,101.59910583496094,102.5,103.88050079345703,101.62100219726562,103.82050323486328,33818000,GOOGL
2021-03-15,101.81914520263672,102.72200012207031,102.74949645996094,101.3895034790039,102.2490005493164,26168000,GOOGL
2021-03-16,103.27872467041016,104.19450378417969,105.68399810791016,102.9645004272461,103.29949951171875,31900000,GOOGL
2021-03-17,103.19593048095703,104.11100006103516,104.94999694824219,102.20600128173828,103.42350006103516,26382000,GOOGL
2021-03-18,100.1786880493164,101.06700134277344,103.4375,100.95899963378906,102.40899658203125,31700000,GOOGL
2021-03-19,100.45721435546875,101.3479995727539,101.85199737548828,100.14649963378906,101.48650360107422,46072000,GOOGL
2021-03-22,100.64208221435547,101.53450012207031,102.41699981689453,100.69999694824219,101.38150024414062,33536000,GOOGL
2021-03-23,101.1694107055664,102.06649780273438,103.20549774169922,101.4000015258789,101.99749755859375,28510000,GOOGL
2021-03-24,100.73329162597656,101.62650299072266,103.37999725341797,101.44999694824219,102.58799743652344,25218000,GOOGL
2021-03-25,100.72979736328125,101.62300109863281,102.28199768066406,99.80449676513672,101.45249938964844,35616000,GOOGL
2021-03-26,100.3467025756836,101.23650360107422,101.96949768066406,100.19249725341797,101.5895004272461,27978000,GOOGL
2021-03-29,101.39044952392578,102.28949737548828,102.46050262451172,100.27249908447266,101.10800170898438,26492000,GOOGL
2021-03-30,101.42414855957031,102.32350158691406,103.13349914550781,101.80750274658203,102.64900207519531,27312000,GOOGL
2021-03-31,102.21959686279297,103.1259994506836,104.31300354003906,102.3499984741211,102.72000122070312,42570000,GOOGL
2021-04-01,105.55303955078125,106.48899841308594,106.7874984741211,104.57150268554688,104.61250305175781,39880000,GOOGL
2021-04-05,109.97283935546875,110.947998046875,111.44950103759766,107.260498046875,107.35749816894531,48510000,GOOGL
2021-04-06,109.49211120605469,110.46299743652344,111.4000015258789,110.0895004272461,110.5459976196289,35240000,GOOGL
2021-04-07,110.967529296875,111.95149993896484,112.2249984741211,110.65499877929688,110.65499877929688,24134000,GOOGL
2021-04-08,111.53251647949219,112.52149963378906,113.5895004272461,112.15049743652344,113.19999694824219,28664000,GOOGL
2021-04-09,112.53562927246094,113.53350067138672,113.69850158691406,111.86299896240234,112.27200317382812,26146000,GOOGL
2021-04-12,111.24457550048828,112.23100280761719,112.84449768066406,111.39099884033203,112.70600128173828,25024000,GOOGL
2021-04-13,111.73075866699219,112.72149658203125,113.17350006103516,112.15249633789062,112.54949951171875,25682000,GOOGL
2021-04-14,111.11024475097656,112.09549713134766,113.37149810791016,111.8010025024414,113.37149810791016,21002000,GOOGL
2021-04-15,113.25821685791016,114.26249694824219,114.80000305175781,112.55850219726562,113.09750366210938,29174000,GOOGL
2021-04-16,113.13431549072266,114.13749694824219,114.71199798583984,113.5459976196289,114.46199798583984,26282000,GOOGL
2021-04-19,113.48171997070312,114.48799896240234,115.20449829101562,113.50900268554688,113.50900268554688,30290000,GOOGL
2021-04-20,112.9489517211914,113.95050048828125,114.94999694824219,112.85600280761719,114.87449645996094,22288000,GOOGL
2021-04-21,112.91625213623047,113.9175033569336,114.0,112.24099731445312,113.60250091552734,23204000,GOOGL
2021-04-22,111.63610076904297,112.6259994506836,114.44400024414062,112.01599884033203,113.7699966430664,24146000,GOOGL
2021-04-23,113.98576354980469,114.99649810791016,115.30599975585938,113.0625,113.3499984741211,29066000,GOOGL
2021-04-26,114.48136901855469,115.49649810791016,116.22650146484375,114.86599731445312,115.22599792480469,32038000,GOOGL
2021-04-27,113.54219818115234,114.54900360107422,115.92250061035156,114.30799865722656,115.88150024414062,44386000,GOOGL
2021-04-28,116.91529083251953,117.9520034790039,121.56900024414062,117.66100311279297,119.625,81106000,GOOGL
2021-04-29,118.58647155761719,119.63800048828125,120.20800018310547,118.69249725341797,119.46150207519531,41234000,GOOGL
2021-04-30,116.6407241821289,117.67500305175781,119.09249877929688,117.3280029296875,118.4010009765625,44856000,GOOGL
2021-05-03,116.12430572509766,117.15399932861328,119.07749938964844,116.7750015258789,118.24549865722656,28242000,GOOGL
2021-05-04,114.32772827148438,115.34149932861328,116.24949645996094,112.83399963378906,115.67749786376953,44818000,GOOGL
2021-05-05,114.72123718261719,115.7385025024414,116.75,115.41400146484375,116.43150329589844,26636000,GOOGL
2021-05-06,115.84031677246094,116.86750030517578,116.86750030517578,114.6520004272461,115.31649780273438,25190000,GOOGL
2021-05-07,116.56290435791016,117.59649658203125,118.5625,117.30799865722656,118.19450378417969,28898000,GOOGL
2021-05-10,113.58035278320312,114.5875015258789,116.55000305175781,114.22699737548828,116.40699768066406,30914000,GOOGL
2021-05-11,112.50538635253906,113.50299835205078,114.01399993896484,111.69599914550781,112.15350341796875,34186000,GOOGL
2021-05-12,109.04556274414062,110.01249694824219,112.39900207519531,109.68099975585938,111.30950164794922,46376000,GOOGL
2021-05-13,110.47242736816406,111.4520034790039,111.97200012207031,110.33599853515625,111.30599975585938,33204000,GOOGL
2021-05-14,112.91773223876953,113.91899871826172,114.23600006103516,112.5,112.927001953125,31996000,GOOGL
2021-05-17,113.44009399414062,114.44599914550781,114.48899841308594,112.77549743652344,113.17849731445312,21598000,GOOGL
2021-05-18,112.12922668457031,113.12349700927734,115.38400268554688,113.1094970703125,115.11750030517578,22204000,GOOGL
2021-05-19,112.57675170898438,113.57499694824219,113.74949645996094,111.27200317382812,111.42150115966797,23684000,GOOGL
2021-05-20,114.33368682861328,115.34750366210938,115.5999984741211,114.1760025024414,114.55000305175781,32352000,GOOGL
2021-05-21,113.69830322265625,114.70649719238281,115.94450378417969,114.46499633789062,115.87049865722656,40632000,GOOGL
2021-05-24,117.014404296875,118.052001953125,118.27749633789062,115.5979995727539,115.74449920654297,31832000,GOOGL
2021-05-25,117.10509490966797,118.14350128173828,119.19999694824219,117.75,118.5999984741211,22440000,GOOGL
2021-05-26,117.96944427490234,119.0155029296875,119.44950103759766,118.322998046875,118.32599639892578,21572000,GOOGL
2021-05-27,117.09569549560547,118.13400268554688,119.45249938964844,117.81300354003906,119.45249938964844,35224000,GOOGL
2021-05-28,116.80675506591797,117.84249877929688,118.80349731445312,117.64250183105469,118.72100067138672,21482000,GOOGL
2021-06-01,118.0125503540039,119.05899810791016,119.2854995727539,117.71399688720703,118.72200012207031,23354000,GOOGL
2021-06-02,117.48771667480469,118.52950286865234,119.68199920654297,117.61799621582031,119.4574966430664,21158000,GOOGL
2021-06-03,116.34732055664062,117.37899780273438,117.85099792480469,116.47599792480469,117.2864990234375,18696000,GOOGL
2021-06-04,118.62661743164062,119.67849731445312,119.95149993896484,118.12049865722656,118.4635009765625,24458000,GOOGL
2021-06-07,119.05926513671875,120.11499786376953,120.22550201416016,119.05000305175781,119.47200012207031,24120000,GOOGL
2021-06-08,118.86797332763672,119.9219970703125,120.97599792480469,119.73899841308594,120.60050201416016,24240000,GOOGL
2021-06-09,119.33879852294922,120.39700317382812,120.64399719238281,119.84500122070312,120.57150268554688,17942000,GOOGL
2021-06-10,120.68635559082031,121.75650024414062,121.80000305175781,120.18900299072266,120.34600067138672,25904000,GOOGL
2021-06-11,120.44202423095703,121.51000213623047,122.08599853515625,120.947998046875,122.0,21958000,GOOGL
2021-06-14,121.36930084228516,122.44550323486328,122.44599914550781,120.9000015258789,121.61299896240234,22098000,GOOGL
2021-06-15,120.35231018066406,121.41950225830078,122.77549743652344,121.05599975585938,122.44999694824219,21562000,GOOGL
2021-06-16,119.71099090576172,120.77249908447266,121.88600158691406,119.47000122070312,121.5719985961914,26472000,GOOGL
2021-06-17,120.67346954345703,121.74349975585938,122.52249908447266,120.5,120.69750213623047,25842000,GOOGL
2021-06-18,119.05531311035156,120.11100006103516,121.60299682617188,120.01499938964844,121.36699676513672,46116000,GOOGL
2021-06-21,120.74185943603516,121.8125,122.0,119.89849853515625,120.50050354003906,27414000,GOOGL
2021-06-22,121.25529479980469,122.33049774169922,122.4000015258789,121.06400299072266,121.75,22390000,GOOGL
2021-06-23,121.05359649658203,122.12699890136719,123.09549713134766,121.83450317382812,122.09349822998047,19148000,GOOGL
2021-06-24,121.42330932617188,122.5,123.05549621582031,122.30000305175781,122.69999694824219,21362000,GOOGL
2021-06-25,121.43174743652344,122.50849914550781,122.63300323486328,121.56500244140625,122.0,34594000,GOOGL
2021-06-28,121.45899963378906,122.53600311279297,122.78500366210938,121.40550231933594,122.67849731445312,28526000,GOOGL
2021-06-29,121.19781494140625,122.27249908447266,123.02100372314453,121.69100189208984,122.67050170898438,23108000,GOOGL
2021-06-30,121.01640319824219,122.0895004272461,122.25700378417969,121.35449981689453,121.99449920654297,24474000,GOOGL
2021-07-01,121.3683090209961,122.44450378417969,122.58699798583984,121.53150177001953,121.7249984741211,18110000,GOOGL
2021-07-02,124.15657806396484,125.25749969482422,125.40399932861328,123.05950164794922,123.1500015258789,25982000,GOOGL
2021-07-06,125.08087158203125,126.19000244140625,126.4280014038086,124.5824966430664,125.64849853515625,26404000,GOOGL
2021-07-07,125.36238098144531,126.4739990234375,127.28399658203125,126.15299987792969,127.16200256347656,24060000,GOOGL
2021-07-08,123.94495391845703,125.04399871826172,125.59549713134766,124.02200317382812,124.0260009765625,23790000,GOOGL
2021-07-09,124.41527557373047,125.51850128173828,125.7344970703125,124.55149841308594,125.0250015258789,18632000,GOOGL
2021-07-12,125.85948181152344,126.97550201416016,127.06950378417969,125.61100006103516,126.1780014038086,17668000,GOOGL
2021-07-13,126.22225952148438,127.34149932861328,128.0574951171875,126.67449951171875,127.03849792480469,19240000,GOOGL
2021-07-14,127.10987854003906,128.23699951171875,129.32650756835938,127.91449737548828,127.95800018310547,23742000,GOOGL
2021-07-15,125.88871002197266,127.00499725341797,128.6999969482422,126.52999877929688,128.6490020751953,24218000,GOOGL
2021-07-16,125.8540267944336,126.97000122070312,127.8115005493164,126.15350341796875,127.66300201416016,20424000,GOOGL
2021-07-19,123.48304748535156,124.5780029296875,126.20500183105469,123.50499725341797,126.0895004272461,27968000,GOOGL
2021-07-20,125.10021209716797,126.20950317382812,127.04299926757812,124.35050201416016,125.52749633789062,26312000,GOOGL
2021-07-21,126.42793273925781,127.54900360107422,127.59600067138672,126.02349853515625,126.13349914550781,20746000,GOOGL
2021-07-22,127.29276275634766,128.42149353027344,128.48300170898438,127.4990005493164,127.84400177001953,14302000,GOOGL
2021-07-23,131.8459014892578,133.01499938964844,133.3990020751953,129.80050659179688,130.4304962158203,41506000,GOOGL
2021-07-26,132.85691833496094,134.03500366210938,134.23699951171875,132.30149841308594,133.32850646972656,30572000,GOOGL
2021-07-27,130.7406768798828,131.89999389648438,134.3990020751953,130.10400390625,134.25050354003906,54710000,GOOGL
2021-07-28,134.89779663085938,136.093994140625,138.2969970703125,135.27749633789062,136.31199645996094,95130000,GOOGL
2021-07-29,134.58409118652344,135.77749633789062,136.66099548339844,135.54299926757812,136.14999389648438,31716000,GOOGL
2021-07-30,133.5423583984375,134.72650146484375,135.30450439453125,134.2550048828125,135.03500366210938,25576000,GOOGL
2021-08-02,133.66920471191406,134.85450744628906,135.3365020751953,133.79400634765625,135.11700439453125,21634000,GOOGL
2021-08-03,134.4379119873047,135.6300048828125,135.73199462890625,133.3195037841797,135.13499450683594,20762000,GOOGL
2021-08-04,133.93788146972656,135.12550354003906,135.64950561523438,134.48699951171875,135.34950256347656,19676000,GOOGL
2021-08-05,135.053955078125,136.25149536132812,136.35000610351562,134.8459930419922,135.6804962158203,17870000,GOOGL
2021-08-06,134.5454559326172,135.73849487304688,136.47250366210938,135.2100067138672,136.04200744628906,20488000,GOOGL
2021-08-09,135.7096405029297,136.91299438476562,137.1840057373047,135.33949279785156,135.9425048828125,17760000,GOOGL
2021-08-10,135.6045684814453,136.8070068359375,137.7725067138672,136.364501953125,137.3419952392578,19414000,GOOGL
2021-08-11,135.08123779296875,136.2790069580078,137.6824951171875,136.27149963378906,137.18150329589844,15352000,GOOGL
2021-08-12,135.9881591796875,137.19400024414062,137.3000030517578,135.42550659179688,135.97549438476562,16506000,GOOGL
2021-08-13,136.51698303222656,137.7274932861328,137.85650634765625,137.0330047607422,137.25,15948000,GOOGL
2021-08-16,137.09384155273438,138.3094940185547,138.3625030517578,135.2989959716797,137.52499389648438,22384000,GOOGL
2021-08-17,135.4603271484375,136.6614990234375,138.2655029296875,136.08200073242188,137.75,21716000,GOOGL
2021-08-18,134.25852966308594,135.44900512695312,137.10450744628906,135.32150268554688,136.5,19258000,GOOGL
2021-08-19,134.48744201660156,135.67999267578125,136.3524932861328,134.25,134.4355010986328,21782000,GOOGL
2021-08-20,136.2216033935547,137.42950439453125,137.5540008544922,135.25,136.0,31194000,GOOGL
2021-08-23,138.81063842773438,140.04150390625,140.87449645996094,137.6074981689453,137.96949768066406,28454000,GOOGL
2021-08-24,140.0199432373047,141.26150512695312,142.0800018310547,140.3385009765625,140.6114959716797,19268000,GOOGL
2021-08-25,140.83021545410156,142.07899475097656,142.1894989013672,141.37600708007812,141.625,15848000,GOOGL
2021-08-26,140.1973419189453,141.4405059814453,142.41749572753906,141.35699462890625,141.75,20610000,GOOGL
2021-08-27,142.73829650878906,144.00399780273438,144.5124969482422,141.4969940185547,141.65249633789062,28780000,GOOGL
2021-08-30,143.31964111328125,144.5904998779297,145.9705047607422,144.16299438476562,144.39999389648438,24434000,GOOGL
2021-08-31,143.4257049560547,144.69749450683594,145.17149353027344,144.281005859375,145.14700317382812,22448000,GOOGL
2021-09-01,143.9391632080078,145.2154998779297,146.25399780273438,144.8834991455078,145.0,21936000,GOOGL
2021-09-02,142.02760314941406,143.28700256347656,145.51950073242188,143.18499755859375,145.21600341796875,32342000,GOOGL
2021-09-03,142.47613525390625,143.739501953125,144.15499877929688,142.40049743652344,143.08050537109375,19850000,GOOGL
2021-09-07,143.01239013671875,144.28050231933594,144.56500244140625,143.61900329589844,143.83450317382812,20124000,GOOGL
2021-09-08,142.42803955078125,143.6909942626953,144.39999389648438,143.0,144.10000610351562,18344000,GOOGL
2021-09-09,142.27938842773438,143.54100036621094,144.3105010986328,143.17750549316406,143.8404998779297,15314000,GOOGL
2021-09-10,139.6378173828125,140.87600708007812,144.718505859375,140.73800659179688,144.21249389648438,36840000,GOOGL
2021-09-13,141.08151245117188,142.33250427246094,142.9499969482422,141.25,141.94949340820312,22094000,GOOGL
2021-09-14,141.29164123535156,142.54449462890625,143.36300659179688,141.75,142.99549865722656,19674000,GOOGL
2021-09-15,143.1600799560547,144.42950439453125,144.45050048828125,141.34750366210938,142.77149963378906,27408000,GOOGL
2021-09-16,142.34776306152344,143.61000061035156,144.3000030517578,142.40150451660156,143.95050048828125,26190000,GOOGL
2021-09-17,139.56246948242188,140.8000030517578,143.4499969482422,140.47000122070312,143.03050231933594,53384000,GOOGL
2021-09-20,137.50025939941406,138.71949768066406,139.0,136.32200622558594,138.1614990234375,46518000,GOOGL
2021-09-21,137.81100463867188,139.0330047607422,140.01150512695312,138.2779998779297,139.74949645996094,25332000,GOOGL
2021-09-22,139.05052185058594,140.2834930419922,140.88699340820312,138.55149841308594,139.3040008544922,25056000,GOOGL
2021-09-23,139.97479248046875,141.21600341796875,141.69650268554688,140.40150451660156,140.9875030517578,20952000,GOOGL
2021-09-24,140.9650115966797,142.21499633789062,142.33050537109375,140.24099731445312,140.5384979248047,22984000,GOOGL
2021-09-27,139.83212280273438,141.07200622558594,141.93850708007812,140.0675048828125,140.80450439453125,21882000,GOOGL
2021-09-28,134.6361541748047,135.8300018310547,139.09649658203125,135.36000061035156,138.65499877929688,45772000,GOOGL
2021-09-29,133.17263793945312,134.35350036621094,137.1510009765625,133.86500549316406,136.97999572753906,30848000,GOOGL
2021-09-30,132.5010528564453,133.67599487304688,135.54249572753906,133.55599975585938,134.26150512695312,37996000,GOOGL
2021-10-01,135.3428955078125,136.54299926757812,136.91050720214844,134.072998046875,134.44749450683594,35360000,GOOGL
2021-10-04,132.48472595214844,133.6595001220703,135.9604949951172,131.0500030517578,135.9604949951172,51202000,GOOGL
2021-10-05,134.82748413085938,136.0229949951172,137.22450256347656,134.04100036621094,134.04100036621094,32404000,GOOGL
2021-10-06,136.35589599609375,137.56500244140625,137.75,134.5500030517578,134.75,24364000,GOOGL
2021-10-07,138.00131225585938,139.22500610351562,140.04200744628906,138.6510009765625,138.89199829101562,25110000,GOOGL
2021-10-08,138.55686950683594,139.78550720214844,140.33099365234375,139.21749877929688,139.57699584960938,26526000,GOOGL
2021-10-11,137.6930389404297,138.91400146484375,140.71200561523438,138.85899353027344,139.29200744628906,17954000,GOOGL
2021-10-12,135.2497100830078,136.44900512695312,139.5070037841797,135.75999450683594,139.47999572753906,36332000,GOOGL
2021-10-13,136.37274169921875,137.58200073242188,138.0,136.5189971923828,137.40249633789062,19654000,GOOGL
2021-10-14,139.91038513183594,141.1510009765625,141.33749389648438,138.8249969482422,139.4739990234375,31894000,GOOGL
2021-10-15,140.12547302246094,141.3679962158203,141.71800231933594,140.7550048828125,141.614501953125,30274000,GOOGL
2021-10-18,141.5230712890625,142.7779998779297,142.79600524902344,141.0695037841797,141.07650756835938,20396000,GOOGL
2021-10-19,141.97802734375,143.23699951171875,143.66250610351562,142.60000610351562,143.3874969482422,20164000,GOOGL
2021-10-20,140.52294921875,141.7689971923828,143.54600524902344,141.37649536132812,143.33799743652344,23288000,GOOGL
2021-10-21,140.638916015625,141.88600158691406,142.156005859375,140.5,141.7689971923828,26292000,GOOGL
2021-10-22,136.35739135742188,137.56649780273438,140.58299255371094,136.05599975585938,139.14999389648438,50588000,GOOGL
2021-10-25,136.2389373779297,137.44700622558594,138.0,135.4239959716797,137.5500030517578,34412000,GOOGL
2021-10-26,138.0841064453125,139.30850219726562,140.08299255371094,138.30450439453125,139.2635040283203,49236000,GOOGL
2021-10-27,144.932373046875,146.21749877929688,148.64999389648438,139.40499877929688,139.40499877929688,85782000,GOOGL
2021-10-28,144.56707763671875,145.8489990234375,147.1580047607422,144.6269989013672,147.13450622558594,36206000,GOOGL
2021-10-29,146.74476623535156,148.04600524902344,148.24200439453125,144.64950561523438,145.0780029296875,43320000,GOOGL
2021-11-01,142.23574829101562,143.4969940185547,148.04600524902344,143.22549438476562,148.04600524902344,46924000,GOOGL
2021-11-02,144.1542510986328,145.4324951171875,146.60899353027344,144.3354949951172,144.57949829101562,33482000,GOOGL
2021-11-03,145.3095245361328,146.59800720214844,146.66900634765625,144.59100341796875,145.90049743652344,27494000,GOOGL
2021-11-04,146.96435546875,148.2675018310547,149.73350524902344,146.30799865722656,147.12449645996094,38412000,GOOGL
2021-11-05,147.54368591308594,148.8520050048828,150.32749938964844,148.19700622558594,149.16949462890625,38354000,GOOGL
2021-11-08,147.72113037109375,149.031005859375,150.61500549316406,148.4304962158203,149.8249969482422,23052000,GOOGL
2021-11-09,147.60960388183594,148.9185028076172,149.83450317382812,147.2449951171875,149.23300170898438,19530000,GOOGL
2021-11-10,144.61117553710938,145.89349365234375,148.07000732421875,144.53750610351562,147.5,29970000,GOOGL
2021-11-11,144.48532104492188,145.76649475097656,147.53550720214844,145.60049438476562,146.489501953125,16518000,GOOGL
2021-11-12,147.3712158203125,148.67799377441406,148.85000610351562,145.41099548339844,146.61549377441406,22360000,GOOGL
2021-11-15,147.14720153808594,148.45199584960938,149.54949951171875,147.5749969482422,148.90049743652344,23508000,GOOGL
2021-11-16,146.57627868652344,147.87600708007812,148.7624969482422,147.3125,148.14950561523438,18904000,GOOGL
2021-11-17,146.74575805664062,148.0469970703125,148.5594940185547,147.24000549316406,148.02749633789062,19594000,GOOGL
2021-11-18,148.5215301513672,149.8385009765625,150.58050537109375,147.88450622558594,148.2415008544922,35608000,GOOGL
2021-11-19,147.61753845214844,148.92649841308594,150.9665069580078,148.8990020751953,149.97549438476562,33682000,GOOGL
2021-11-22,145.01614379882812,146.302001953125,149.82949829101562,146.1475067138672,149.33250427246094,30594000,GOOGL
2021-11-23,144.50067138671875,145.78199768066406,146.66000366210938,144.11500549316406,146.1529998779297,27218000,GOOGL
2021-11-24,144.835693359375,146.1199951171875,146.24949645996094,144.3730010986328,145.47349548339844,18040000,GOOGL
2021-11-26,140.93331909179688,142.18299865722656,144.5574951171875,141.84249877929688,144.34849548339844,30470000,GOOGL
2021-11-29,144.25140380859375,145.53050231933594,146.29750061035156,143.89349365234375,144.0,32596000,GOOGL
2021-11-30,140.65032958984375,141.8975067138672,146.0,141.60150146484375,145.0084991455078,42068000,GOOGL
2021-12-01,139.8117218017578,141.05149841308594,145.95050048828125,140.91200256347656,144.0,34020000,GOOGL
2021-12-02,141.70944213867188,142.96600341796875,143.864501953125,140.21449279785156,141.25,29194000,GOOGL
2021-12-03,140.75341796875,142.00149536132812,144.39999389648438,140.30099487304688,143.68099975585938,41230000,GOOGL
2021-12-06,141.8967742919922,143.15499877929688,143.8524932861328,140.14999389648438,143.04049682617188,30618000,GOOGL
2021-12-07,145.97509765625,147.26950073242188,147.531005859375,145.2274932861328,145.59649658203125,32240000,GOOGL
2021-12-08,146.88406372070312,148.18649291992188,148.39300537109375,146.406005859375,147.59649658203125,24270000,GOOGL
2021-12-09,146.34088134765625,147.6385040283203,149.10000610351562,147.11500549316406,147.59100341796875,23270000,GOOGL
2021-12-10,146.70068359375,148.00149536132812,148.9774932861328,146.70399475097656,148.6999969482422,24458000,GOOGL
2021-12-13,144.5447998046875,145.82650756835938,147.97000122070312,145.5175018310547,147.781494140625,27070000,GOOGL
2021-12-14,142.6421356201172,143.90699768066406,144.47999572753906,141.21499633789062,143.96800231933594,38446000,GOOGL
2021-12-15,145.1538848876953,146.4409942626953,146.7209930419922,141.67799377441406,143.40899658203125,36370000,GOOGL
2021-12-16,143.17543029785156,144.44500732421875,147.677001953125,143.60699462890625,147.17050170898438,33650000,GOOGL
2021-12-17,140.4793701171875,141.72500610351562,143.83450317382812,141.3000030517578,142.5,50416000,GOOGL
2021-12-20,140.3623809814453,141.60699462890625,141.77450561523438,139.3209991455078,140.0,27192000,GOOGL
2021-12-21,142.21148681640625,143.47250366210938,143.86900329589844,140.50250244140625,142.05349731445312,28756000,GOOGL
2021-12-22,145.1280975341797,146.4149932861328,146.5,143.0675048828125,143.0675048828125,26322000,GOOGL
2021-12-23,145.62521362304688,146.91650390625,148.24349975585938,146.45199584960938,146.5,26384000,GOOGL
2021-12-27,146.6065216064453,147.906494140625,148.343994140625,147.16949462890625,147.25599670410156,15976000,GOOGL
2021-12-28,145.39772033691406,146.68699645996094,148.2989959716797,146.05450439453125,148.23599243164062,18200000,GOOGL
2021-12-29,145.36599731445312,146.65499877929688,147.41700744628906,145.6475067138672,146.64450073242188,17788000,GOOGL
2021-12-30,144.9154815673828,146.20050048828125,147.3000030517578,145.9945068359375,146.69400024414062,15688000,GOOGL
2021-12-31,143.578857421875,144.8520050048828,146.69850158691406,144.8520050048828,146.0500030517578,18136000,GOOGL
2022-01-03,143.71713256835938,144.9915008544922,145.8509979248047,143.71299743652344,145.05499267578125,28646000,GOOGL
2022-01-04,143.13034057617188,144.39950561523438,146.48500061035156,143.7165069580078,145.39599609375,28400000,GOOGL
2022-01-05,136.56402587890625,137.77499389648438,144.49949645996094,137.68800354003906,144.4199981689453,54618000,GOOGL
2022-01-06,136.5368194580078,137.74749755859375,139.94000244140625,136.55850219726562,136.99850463867188,37348000,GOOGL
2022-01-07,135.8126983642578,137.01699829101562,138.44850158691406,135.76649475097656,138.14549255371094,29760000,GOOGL
2022-01-10,137.45071411132812,138.66949462890625,138.8195037841797,133.1645050048828,135.0780029296875,44408000,GOOGL
2022-01-11,138.50782775878906,139.73599243164062,140.21600341796875,136.6925048828125,138.0070037841797,28730000,GOOGL
2022-01-12,140.18740844726562,141.4304962158203,142.60800170898438,140.6945037841797,141.14999389648438,26108000,GOOGL
2022-01-13,137.36891174316406,138.58700561523438,142.85000610351562,138.40899658203125,141.5399932861328,31436000,GOOGL
2022-01-14,138.2545623779297,139.48049926757812,140.74200439453125,136.99850463867188,137.07899475097656,29662000,GOOGL
2022-01-18,134.80270385742188,135.9980010986328,137.13150024414062,135.43850708007812,136.1750030517578,34872000,GOOGL
2022-01-19,133.9289093017578,135.1165008544922,137.95950317382812,135.0155029296875,136.52349853515625,28648000,GOOGL
2022-01-20,132.1358184814453,133.3074951171875,137.62600708007812,132.96449279785156,136.25,29908000,GOOGL
2022-01-21,129.205810546875,130.35150146484375,134.86549377441406,130.0865020751953,132.593505859375,55652000,GOOGL
2022-01-24,129.65435791015625,130.8040008544922,131.2030029296875,124.5,125.97799682617188,76622000,GOOGL
2022-01-25,125.81932830810547,126.93499755859375,129.3990020751953,126.50050354003906,128.74000549316406,46960000,GOOGL
2022-01-26,128.09715270996094,129.23300170898438,133.0,127.14199829101562,131.11900329589844,49130000,GOOGL
2022-01-27,127.87113189697266,129.0050048828125,132.65249633789062,128.9324951171875,131.3040008544922,31950000,GOOGL
2022-01-28,132.17892456054688,133.3509979248047,133.35650634765625,128.48500061035156,129.65899658203125,34362000,GOOGL
2022-01-31,134.11427307128906,135.30349731445312,135.47300720214844,132.20950317382812,134.16200256347656,39986000,GOOGL
2022-02-01,136.43418884277344,137.6439971923828,137.79299926757812,134.36849975585938,137.59449768066406,68644000,GOOGL
2022-02-02,146.69920349121094,148.0,151.54649353027344,145.5225067138672,151.25,123200000,GOOGL
2022-02-03,141.8323211669922,143.08999633789062,149.6750030517578,142.66549682617188,145.70550537109375,71518000,GOOGL
2022-02-04,142.03355407714844,143.29299926757812,144.875,140.51499938964844,143.4445037841797,57998000,GOOGL
2022-02-07,137.9775390625,139.2010040283203,144.25,138.89999389648438,144.25,54974000,GOOGL
2022-02-08,138.17379760742188,139.3990020751953,140.0,137.01400756835938,139.02650451660156,54284000,GOOGL
2022-02-09,140.3474884033203,141.5919952392578,142.52450561523438,140.18699645996094,140.9635009765625,40144000,GOOGL
2022-02-10,137.40162658691406,138.6199951171875,141.4844970703125,137.95700073242188,139.70350646972656,39330000,GOOGL
2022-02-11,133.10227966308594,134.28250122070312,139.156494140625,133.39999389648438,138.60000610351562,39958000,GOOGL
2022-02-14,134.33482360839844,135.5260009765625,136.3000030517578,133.25650024414062,133.25650024414062,34302000,GOOGL
2022-02-15,135.4078369140625,136.60850524902344,138.10850524902344,135.82150268554688,137.57049560546875,26680000,GOOGL
2022-02-16,136.52737426757812,137.73800659179688,138.08599853515625,134.9239959716797,136.64649963378906,25022000,GOOGL
2022-02-17,131.3740692138672,132.53900146484375,137.11349487304688,132.47850036621094,136.2429962158203,38950000,GOOGL
2022-02-18,129.25685119628906,130.4029998779297,134.07000732421875,130.19650268554688,133.4669952392578,45620000,GOOGL
2022-02-22,128.67254638671875,129.81350708007812,132.1804962158203,128.22349548339844,129.83799743652344,44990000,GOOGL
2022-02-23,126.46659088134766,127.58799743652344,132.05099487304688,127.52749633789062,131.64849853515625,32786000,GOOGL
2022-02-24,131.5247039794922,132.6909942626953,133.0,124.95349884033203,124.95349884033203,54456000,GOOGL
2022-02-25,133.27769470214844,134.45950317382812,135.27149963378906,131.75149536132812,133.552001953125,36406000,GOOGL
2022-02-28,133.86996459960938,135.0570068359375,135.75149536132812,132.59249877929688,133.0500030517578,38864000,GOOGL
2022-03-01,132.88319396972656,134.06149291992188,136.2554931640625,133.218505859375,134.8784942626953,26496000,GOOGL
2022-03-02,133.38870239257812,134.57150268554688,135.2624969482422,133.07150268554688,134.6280059814453,23520000,GOOGL
2022-03-03,132.72262573242188,133.89950561523438,136.4394989013672,133.02549743652344,136.00999450683594,24604000,GOOGL
2022-03-04,130.7471466064453,131.906494140625,133.85150146484375,130.33749389648438,132.92750549316406,30430000,GOOGL
2022-03-07,125.26771545410156,126.37850189208984,131.73500061035156,126.29499816894531,131.48800659179688,45112000,GOOGL
2022-03-08,125.98734283447266,127.10449981689453,131.25,125.67449951171875,126.25,40428000,GOOGL
2022-03-09,132.24732971191406,133.4199981689453,133.73550415039062,129.90049743652344,131.25,37026000,GOOGL
2022-03-10,131.26553344726562,132.42950439453125,133.27200317382812,130.91250610351562,131.26600646972656,27102000,GOOGL
2022-03-11,128.72901916503906,129.87049865722656,133.79550170898438,129.63150024414062,133.48849487304688,31526000,GOOGL
2022-03-14,124.84397888183594,125.95099639892578,130.40899658203125,125.2750015258789,130.25,38812000,GOOGL
2022-03-15,128.06243896484375,129.197998046875,129.85450744628906,125.72049713134766,126.97599792480469,30920000,GOOGL
2022-03-16,132.1090545654297,133.28050231933594,133.33299255371094,128.7344970703125,130.73300170898438,35576000,GOOGL
2022-03-17,132.66265869140625,133.83900451660156,134.08050537109375,132.18499755859375,133.1490020751953,28264000,GOOGL
2022-03-18,134.92906188964844,136.12550354003906,136.24400329589844,132.2584991455078,133.42449951171875,44566000,GOOGL
2022-03-21,134.90528869628906,136.10150146484375,137.0500030517578,134.09249877929688,136.1634979248047,26832000,GOOGL
2022-03-22,138.638671875,139.8679962158203,141.0500030517578,136.10150146484375,136.10150146484375,35496000,GOOGL
2022-03-23,137.0601806640625,138.27549743652344,139.5885009765625,137.8350067138672,138.70249938964844,25154000,GOOGL
2022-03-24,140.32769775390625,141.57200622558594,141.61900329589844,137.75050354003906,139.1999969482422,26396000,GOOGL
2022-03-25,140.4278106689453,141.67300415039062,142.03500366210938,139.7375030517578,141.91600036621094,24126000,GOOGL
2022-03-28,140.21218872070312,141.45550537109375,142.00250244140625,139.81149291992188,140.90049743652344,35050000,GOOGL
2022-03-29,141.2529754638672,142.5054931640625,143.7935028076172,142.0384979248047,142.6475067138672,34318000,GOOGL
2022-03-30,140.6909637451172,141.93850708007812,142.7205047607422,141.60000610351562,142.4600067138672,19884000,GOOGL
2022-03-31,137.84523010253906,139.0675048828125,142.10800170898438,139.02450561523438,142.05299377441406,37524000,GOOGL
2022-04-01,138.918701171875,140.15049743652344,140.4709930419922,138.3074951171875,139.5,25942000,GOOGL
2022-04-04,141.7148895263672,142.97149658203125,143.71200561523438,140.3105010986328,140.35850524902344,25942000,GOOGL
2022-04-05,139.35533142089844,140.59100341796875,142.99049377441406,140.38250732421875,142.86900329589844,21418000,GOOGL
2022-04-06,135.34783935546875,136.54800415039062,139.36050415039062,135.51699829101562,138.75,32468000,GOOGL
2022-04-07,134.69415283203125,135.8885040283203,137.1645050048828,134.2274932861328,136.00999450683594,26234000,GOOGL
2022-04-08,132.1160125732422,133.28750610351562,135.6699981689453,132.9654998779297,135.58349609375,25142000,GOOGL
2022-04-11,127.69123077392578,128.82350158691406,132.09249877929688,128.6685028076172,131.82350158691406,36884000,GOOGL
2022-04-12,126.59197235107422,127.7145004272461,131.60000610351562,126.78900146484375,131.60000610351562,32710000,GOOGL
2022-04-13,128.7523193359375,129.8939971923828,130.33399963378906,127.74099731445312,128.0,27928000,GOOGL
2022-04-14,125.61613464355469,126.7300033569336,130.47950744628906,126.60099792480469,130.47950744628906,31598000,GOOGL
2022-04-18,126.55431365966797,127.67649841308594,128.21249389648438,126.18199920654297,127.0,20808000,GOOGL
2022-04-19,128.8663330078125,130.00900268554688,130.33299255371094,126.99949645996094,127.69149780273438,26490000,GOOGL
2022-04-20,126.91461181640625,128.0399932861328,131.3990020751953,127.5,130.89199829101562,31696000,GOOGL
2022-04-21,123.71746826171875,124.81449890136719,130.09849548339844,124.52649688720703,129.25,36446000,GOOGL
2022-04-22,118.583984375,119.635498046875,125.4020004272461,118.92500305175781,125.0,56884000,GOOGL
2022-04-25,121.99225616455078,123.0739974975586,123.27749633789062,118.51100158691406,119.10099792480469,46128000,GOOGL
2022-04-26,117.6071548461914,118.6500015258789,122.51000213623047,118.51100158691406,122.29450225830078,73054000,GOOGL
2022-04-27,113.28992462158203,114.29450225830078,117.24199676513672,112.73650360107422,114.46949768066406,91820000,GOOGL
2022-04-28,117.48077392578125,118.52249908447266,119.64949798583984,114.11499786376953,116.41500091552734,48884000,GOOGL
2022-04-29,113.1065673828125,114.1094970703125,117.91999816894531,113.81449890136719,116.7344970703125,42676000,GOOGL
2022-05-02,115.55831146240234,116.58300018310547,116.74549865722656,112.5999984741211,113.40499877929688,35534000,GOOGL
2022-05-03,116.30272674560547,117.33399963378906,118.44200134277344,116.03450012207031,116.43049621582031,24968000,GOOGL
2022-05-04,121.18641662597656,122.26100158691406,122.85449981689453,115.11599731445312,117.03150177001953,49916000,GOOGL
2022-05-05,115.48150634765625,116.50550079345703,121.03900146484375,115.00550079345703,120.2040023803711,45840000,GOOGL
2022-05-06,114.72916412353516,115.74649810791016,117.57150268554688,114.0155029296875,115.18450164794922,39710000,GOOGL
2022-05-09,111.52210235595703,112.51100158691406,115.0770034790039,112.00050354003906,113.25,40802000,GOOGL
2022-05-10,113.38954162597656,114.3949966430664,116.25,112.90049743652344,115.50749969482422,39900000,GOOGL
2022-05-11,112.60401153564453,113.60250091552734,116.364501953125,113.23650360107422,113.23650360107422,37534000,GOOGL
2022-05-12,111.8521728515625,112.84400177001953,114.29499816894531,109.82450103759766,111.37750244140625,53836000,GOOGL
2022-05-13,115.03050231933594,116.05049896240234,117.875,113.6050033569336,114.53299713134766,35038000,GOOGL
2022-05-16,113.43911743164062,114.44499969482422,116.16999816894531,113.8895034790039,114.95549774169922,25990000,GOOGL
2022-05-17,115.44927215576172,116.4729995727539,116.9000015258789,114.87000274658203,116.84049987792969,23054000,GOOGL
2022-05-18,110.91598510742188,111.89949798583984,115.4000015258789,111.55549621582031,115.0,35126000,GOOGL
2022-05-19,109.4137954711914,110.38400268554688,113.01000213623047,110.0,111.43150329589844,34144000,GOOGL
2022-05-20,107.95077514648438,108.90799713134766,112.18350219726562,105.79650115966797,111.95099639892578,48962000,GOOGL
2022-05-23,110.50810241699219,111.48799896240234,112.14749908447266,108.74099731445312,109.5875015258789,37184000,GOOGL
2022-05-24,105.03860473632812,105.97000122070312,106.45850372314453,101.8844985961914,105.77200317382812,76780000,GOOGL
2022-05-25,104.87506103515625,105.80500030517578,106.5,103.85649871826172,104.9854965209961,40258000,GOOGL
2022-05-26,106.84508514404297,107.7925033569336,108.64949798583984,105.2249984741211,105.677001953125,37948000,GOOGL
2022-05-27,111.32930755615234,112.31649780273438,112.31800079345703,109.13849639892578,109.48300170898438,37914000,GOOGL
2022-05-31,112.76211547851562,113.76200103759766,115.73500061035156,112.07849884033203,112.74649810791016,50012000,GOOGL
2022-06-01,112.8909683227539,113.89199829101562,117.10150146484375,113.25,114.8550033569336,36606000,GOOGL
2022-06-02,116.58867645263672,117.62249755859375,117.89949798583984,112.94650268554688,114.0,37992000,GOOGL
2022-06-03,113.53426361083984,114.54100036621094,116.32150268554688,113.51850128173828,116.0625,26136000,GOOGL
2022-06-06,115.79373931884766,116.82050323486328,119.34700012207031,116.16400146484375,116.70449829101562,33542000,GOOGL
2022-06-07,116.11983489990234,117.14949798583984,117.69100189208984,115.052001953125,115.48049926757812,31590000,GOOGL
2022-06-08,116.16393280029297,117.19400024414062,118.57050323486328,116.5999984741211,116.7614974975586,26108000,GOOGL
2022-06-09,113.826171875,114.83550262451172,118.29900360107422,114.7760009765625,116.32749938964844,25798000,GOOGL
2022-06-10,110.18446350097656,111.1614990234375,113.27899932861328,110.36599731445312,112.44499969482422,41452000,GOOGL
2022-06-13,105.4573974609375,106.39250183105469,108.79149627685547,106.11900329589844,106.7864990234375,47252000,GOOGL
2022-06-14,105.77753448486328,106.71549987792969,107.92449951171875,105.80000305175781,106.53500366210938,33706000,GOOGL
2022-06-15,108.79975891113281,109.7645034790039,111.42350006103516,107.66950225830078,108.54499816894531,39698000,GOOGL
2022-06-16,105.10153198242188,106.03350067138672,108.64849853515625,105.13800048828125,107.22100067138672,51684000,GOOGL
2022-06-17,106.2017822265625,107.14350128173828,108.69950103759766,105.0459976196289,106.03350067138672,51376000,GOOGL
2022-06-21,110.56361389160156,111.54399871826172,112.489501953125,108.5999984741211,108.92949676513672,47416000,GOOGL
2022-06-22,110.50761413574219,111.48750305175781,113.34649658203125,110.38249969482422,110.55650329589844,30774000,GOOGL
2022-06-23,111.25547790527344,112.24199676513672,112.74250030517578,110.50050354003906,112.23149871826172,28362000,GOOGL
2022-06-24,116.93809509277344,117.9749984741211,118.0790023803711,112.95249938964844,112.99500274658203,41164000,GOOGL
2022-06-27,114.8154067993164,115.83350372314453,118.57949829101562,115.17949676513672,118.27300262451172,36420000,GOOGL
2022-06-28,111.02303314208984,112.00749969482422,117.30950164794922,111.8479995727539,115.80249786376953,35792000,GOOGL
2022-06-29,110.71971893310547,111.70149993896484,113.1604995727539,110.87249755859375,111.552001953125,24716000,GOOGL
2022-06-30,108.00528717041016,108.96299743652344,110.88800048828125,106.75,110.0,43170000,GOOGL
2022-07-01,107.78177642822266,108.73750305175781,109.25,106.73049926757812,107.93299865722656,35476000,GOOGL
2022-07-05,112.26750183105469,113.26300048828125,113.37699890136719,105.73149871826172,107.10050201416016,39342000,GOOGL
2022-07-06,113.56500244140625,114.5719985961914,115.5895004272461,111.47599792480469,113.302001953125,37432000,GOOGL
2022-07-07,117.73898315429688,118.78299713134766,119.18949890136719,114.83350372314453,115.08000183105469,40936000,GOOGL
2022-07-08,118.3044662475586,119.35350036621094,119.68499755859375,116.90149688720703,117.25,38238000,GOOGL
2022-07-11,114.65978240966797,115.67649841308594,117.99800109863281,115.33049774169922,117.99800109863281,31196000,GOOGL
2022-07-12,113.0183334350586,114.02050018310547,116.9739990234375,113.69000244140625,116.21499633789062,29960000,GOOGL
2022-07-13,110.37477111816406,111.35350036621094,114.19599914550781,111.20149993896484,111.70099639892578,43722000,GOOGL
2022-07-14,109.3974380493164,110.36750030517578,111.09300231933594,108.37300109863281,110.21050262451172,37004000,GOOGL
2022-07-15,110.7950439453125,111.77749633789062,113.1405029296875,110.9000015258789,112.00050354003906,46770000,GOOGL
2022-07-18,108.07170104980469,109.02999877929688,113.68000030517578,108.37000274658203,112.63999938964844,43164600,GOOGL
2022-07-19,112.8096923828125,113.80999755859375,114.0199966430664,109.55999755859375,110.8499984741211,36530900,GOOGL
2022-07-20,112.89889526367188,113.9000015258789,115.4000015258789,112.4800033569336,113.16999816894531,35600400,GOOGL
2022-07-21,113.33503723144531,114.33999633789062,114.55000305175781,111.11000061035156,114.27999877929688,32676200,GOOGL
2022-07-22,106.95162200927734,107.9000015258789,112.33999633789062,106.5,111.0,48901200,GOOGL
2022-07-25,106.5650634765625,107.51000213623047,109.87000274658203,106.30000305175781,108.41000366210938,34690900,GOOGL
2022-07-26,104.09693908691406,105.0199966430664,107.19999694824219,104.06999969482422,106.5999984741211,47991000,GOOGL
2022-07-27,112.06627655029297,113.05999755859375,113.91000366210938,108.01000213623047,109.26000213623047,59858500,GOOGL
2022-07-28,113.21607971191406,114.22000122070312,114.33999633789062,111.45999908447266,112.37000274658203,32816600,GOOGL
2022-07-29,115.29763793945312,116.31999969482422,116.70999908447266,113.05999755859375,113.08000183105469,37223400,GOOGL
2022-08-01,113.85045623779297,114.86000061035156,116.72000122070312,114.33999633789062,115.30000305175781,26034300,GOOGL
2022-08-02,114.11808013916016,115.12999725341797,116.3499984741211,113.72000122070312,114.0,20236000,GOOGL
2022-08-03,117.04216003417969,118.08000183105469,118.62000274658203,115.4800033569336,115.70999908447266,28499000,GOOGL
2022-08-04,117.15119171142578,118.19000244140625,118.77999877929688,116.88999938964844,117.4800033569336,21602900,GOOGL
2022-08-05,116.4375228881836,117.47000122070312,118.11000061035156,116.0,116.2300033569336,19159500,GOOGL
2022-08-08,116.26902770996094,117.30000305175781,120.1500015258789,116.87999725341797,118.38999938964844,19138300,GOOGL
2022-08-09,115.60489654541016,116.62999725341797,117.31999969482422,115.70999908447266,117.13999938964844,19086500,GOOGL
2022-08-10,118.64791870117188,119.69999694824219,120.91999816894531,118.41000366210938,118.77999877929688,30930400,GOOGL
2022-08-11,117.79547119140625,118.83999633789062,121.48999786376953,118.55999755859375,121.27999877929688,24293700,GOOGL
2022-08-12,120.61051940917969,121.68000030517578,121.68000030517578,119.45999908447266,120.26000213623047,19096300,GOOGL
2022-08-15,121.00699615478516,122.08000183105469,122.30000305175781,120.61000061035156,121.12999725341797,19494800,GOOGL
2022-08-16,120.6303482055664,121.69999694824219,122.43000030517578,120.63999938964844,121.5199966430664,19041200,GOOGL
2022-08-17,118.49925231933594,119.55000305175781,121.29000091552734,119.37999725341797,120.12000274658203,22847000,GOOGL
2022-08-18,119.1137924194336,120.16999816894531,120.81999969482422,118.72000122070312,119.43000030517578,17987700,GOOGL
2022-08-19,116.17980194091797,117.20999908447266,119.1500015258789,116.76000213623047,119.05999755859375,21809500,GOOGL
2022-08-22,113.23591613769531,114.23999786376953,115.62999725341797,113.8499984741211,115.19999694824219,21456600,GOOGL
2022-08-23,112.8592529296875,113.86000061035156,115.01000213623047,113.43000030517578,113.4800033569336,15870400,GOOGL
2022-08-24,112.69075012207031,113.69000244140625,114.77999877929688,112.87000274658203,113.5,17734600,GOOGL
2022-08-25,115.62472534179688,116.6500015258789,116.72000122070312,114.11000061035156,114.23999786376953,16956800,GOOGL
2022-08-26,109.37018585205078,110.33999633789062,115.12000274658203,110.19000244140625,114.72000122070312,37245700,GOOGL
2022-08-29,108.45828247070312,109.41999816894531,110.94999694824219,108.80000305175781,109.98999786376953,21191200,GOOGL
2022-08-30,107.98249816894531,108.94000244140625,110.5,107.80000305175781,110.16999816894531,27513300,GOOGL
2022-08-31,107.26882934570312,108.22000122070312,110.8499984741211,108.12999725341797,110.6500015258789,28627000,GOOGL
2022-09-01,108.77546691894531,109.73999786376953,110.44999694824219,107.36000061035156,108.27999877929688,28360900,GOOGL
2022-09-02,106.9020767211914,107.8499984741211,110.73999786376953,107.26000213623047,110.58999633789062,24160700,GOOGL
2022-09-06,105.87120819091797,106.80999755859375,108.02999877929688,105.77999877929688,107.30000305175781,25068300,GOOGL
2022-09-07,108.48799133300781,109.44999694824219,109.9800033569336,106.9000015258789,107.05999755859375,23167000,GOOGL
2022-09-08,107.42740631103516,108.37999725341797,109.5999984741211,107.16000366210938,108.04000091552734,24238300,GOOGL
2022-09-09,109.6774673461914,110.6500015258789,110.98999786376953,109.0199966430664,109.06999969482422,23197700,GOOGL
2022-09-12,109.8856201171875,110.86000061035156,111.62000274658203,109.93000030517578,110.98999786376953,22966800,GOOGL
2022-09-13,103.40310668945312,104.31999969482422,108.30000305175781,104.08999633789062,107.80000305175781,38172900,GOOGL
2022-09-14,104.07711791992188,105.0,105.27999877929688,103.66000366210938,104.56999969482422,26395100,GOOGL
2022-09-15,102.0054931640625,102.91000366210938,105.2699966430664,102.3499984741211,104.02999877929688,34188300,GOOGL
2022-09-16,101.89646911621094,102.80000305175781,103.12999725341797,100.94000244140625,102.06999969482422,42797200,GOOGL
2022-09-19,102.1640853881836,103.06999969482422,103.33000183105469,101.55000305175781,101.75,23036800,GOOGL
2022-09-20,100.25106048583984,101.13999938964844,102.37000274658203,100.5199966430664,102.08000183105469,26517100,GOOGL
2022-09-21,98.40739440917969,99.27999877929688,102.87999725341797,99.2699966430664,101.66999816894531,31487300,GOOGL
2022-09-22,99.25984191894531,100.13999938964844,101.23999786376953,98.79000091552734,98.81999969482422,34298600,GOOGL
2022-09-23,97.87213897705078,98.73999786376953,99.66000366210938,97.47000122070312,99.62999725341797,31625400,GOOGL
2022-09-26,97.3071517944336,98.16999816894531,99.87999725341797,97.80000305175781,98.0999984741211,27072700,GOOGL
2022-09-27,96.6430435180664,97.5,100.0,96.87000274658203,99.43000030517578,30072800,GOOGL
2022-09-28,99.17063903808594,100.05000305175781,100.69999694824219,97.11000061035156,97.6500015258789,32466300,GOOGL
2022-09-29,96.56375122070312,97.41999816894531,98.63999938964844,95.95999908447266,98.63999938964844,31047200,GOOGL
2022-09-30,94.8093032836914,95.6500015258789,98.9000015258789,95.55999755859375,97.05000305175781,32941500,GOOGL
2022-10-03,97.77302551269531,98.63999938964844,99.29000091552734,96.5199966430664,96.76000213623047,27982000,GOOGL
2022-10-04,100.74665832519531,101.63999938964844,101.83999633789062,100.37999725341797,100.44000244140625,28850800,GOOGL
2022-10-05,100.53850555419922,101.43000030517578,101.93000030517578,98.80000305175781,99.83000183105469,22176900,GOOGL
2022-10-06,100.52859497070312,101.41999816894531,102.93000030517578,100.58999633789062,100.68000030517578,22324000,GOOGL
2022-10-07,97.81267547607422,98.68000030517578,100.52999877929688,98.30000305175781,99.8499984741211,27502800,GOOGL
2022-10-10,96.9998779296875,97.86000061035156,99.0999984741211,97.01000213623047,99.0,18225100,GOOGL
2022-10-11,96.32585144042969,97.18000030517578,99.25,96.30999755859375,97.43000030517578,26507100,GOOGL
2022-10-12,96.7025146484375,97.55999755859375,98.75,96.73999786376953,97.30000305175781,21876400,GOOGL
2022-10-13,98.1893310546875,99.05999755859375,99.77999877929688,94.37999725341797,95.1500015258789,34574500,GOOGL
2022-10-14,95.7113037109375,96.55999755859375,100.69000244140625,96.37000274658203,99.98999786376953,25410700,GOOGL
2022-10-17,99.09134674072266,99.97000122070312,100.93000030517578,98.83000183105469,98.86000061035156,28419200,GOOGL
2022-10-18,99.8843002319336,100.7699966430664,103.47000122070312,99.97000122070312,103.12999725341797,24060700,GOOGL
2022-10-19,98.75434112548828,99.62999725341797,101.0199966430664,98.91999816894531,100.01000213623047,23811100,GOOGL
2022-10-20,99.09134674072266,99.97000122070312,102.31999969482422,99.38999938964844,100.0,25323200,GOOGL
2022-10-21,100.24113464355469,101.12999725341797,101.30999755859375,97.72000122070312,97.8499984741211,32458700,GOOGL
2022-10-24,101.6189193725586,102.5199966430664,102.75,99.9800033569336,101.80000305175781,27176400,GOOGL
2022-10-25,103.56169891357422,104.4800033569336,104.81999969482422,102.72000122070312,102.9000015258789,40611400,GOOGL
2022-10-26,94.09564208984375,94.93000030517578,98.30999755859375,94.69000244140625,96.43000030517578,88114100,GOOGL
2022-10-27,91.40945434570312,92.22000122070312,95.43000030517578,91.80000305175781,94.5199966430664,60710900,GOOGL
2022-10-28,95.44367980957031,96.29000091552734,96.55000305175781,92.12999725341797,92.2699966430664,43697300,GOOGL
2022-10-31,93.6793212890625,94.51000213623047,96.02999877929688,93.9800033569336,95.41999816894531,31675000,GOOGL
2022-11-01,89.67481994628906,90.47000122070312,96.02999877929688,90.37000274658203,95.44999694824219,47161400,GOOGL
2022-11-02,86.20559692382812,86.97000122070312,91.18000030517578,86.87999725341797,90.94000244140625,57038300,GOOGL
2022-11-03,82.69670867919922,83.43000030517578,86.5199966430664,83.33999633789062,86.31999969482422,61288000,GOOGL
2022-11-04,85.81903076171875,86.58000183105469,86.63999938964844,83.70999908447266,85.4000015258789,51124900,GOOGL
2022-11-07,87.71223449707031,88.48999786376953,88.9000015258789,86.8499984741211,87.27999877929688,34078900,GOOGL
2022-11-08,88.11863708496094,88.9000015258789,90.31999969482422,87.58999633789062,88.9000015258789,30429000,GOOGL
2022-11-09,86.55252838134766,87.31999969482422,89.44000244140625,87.27999877929688,88.44999694824219,31769100,GOOGL
2022-11-10,93.11434173583984,93.94000244140625,94.38999938964844,91.61000061035156,92.25,51620100,GOOGL
2022-11-11,95.56262969970703,96.41000366210938,96.93000030517578,93.91999816894531,94.69000244140625,33090500,GOOGL
2022-11-14,94.85885620117188,95.69999694824219,96.79000091552734,94.51000213623047,95.08999633789062,30179500,GOOGL
2022-11-15,97.57479858398438,98.44000244140625,100.13999938964844,96.70999908447266,98.26000213623047,41640800,GOOGL
2022-11-16,97.98117065429688,98.8499984741211,99.63999938964844,97.63999938964844,97.9000015258789,29105200,GOOGL
2022-11-17,97.49549865722656,98.36000061035156,99.27999877929688,96.79000091552734,96.97000122070312,26052600,GOOGL
2022-11-18,96.57366180419922,97.43000030517578,98.9000015258789,96.37000274658203,98.7699966430664,28342300,GOOGL
2022-11-21,94.75975799560547,95.5999984741211,98.4000015258789,95.36000061035156,97.29000091552734,21647400,GOOGL
2022-11-22,96.19701385498047,97.05000305175781,97.22000122070312,94.05000305175781,95.94999694824219,23438500,GOOGL
2022-11-23,97.59461212158203,98.45999908447266,98.76000213623047,97.08999633789062,97.08999633789062,18868100,GOOGL
2022-11-25,96.60340118408203,97.45999908447266,98.63999938964844,97.4000015258789,98.23999786376953,9701400,GOOGL
2022-11-28,95.2057876586914,96.05000305175781,97.58000183105469,95.61000061035156,97.04000091552734,26237500,GOOGL
2022-11-29,94.35335540771484,95.19000244140625,96.12000274658203,94.11000061035156,95.7300033569336,20061700,GOOGL
2022-11-30,100.10236358642578,100.98999786376953,101.04000091552734,94.41999816894531,94.81999969482422,43647500,GOOGL
2022-12-01,100.10236358642578,100.98999786376953,102.25,100.25,101.0199966430664,28687100,GOOGL
2022-12-02,99.55718994140625,100.44000244140625,100.7699966430664,98.9000015258789,99.05000305175781,21480700,GOOGL
2022-12-05,98.60562896728516,99.4800033569336,101.37999725341797,99.0,99.4000015258789,24405100,GOOGL
2022-12-06,96.12762451171875,96.9800033569336,99.77999877929688,96.41999816894531,99.30000305175781,24910700,GOOGL
2022-12-07,94.10554504394531,94.94000244140625,96.87999725341797,94.72000122070312,96.41000366210938,31045400,GOOGL
2022-12-08,92.88636016845703,93.70999908447266,95.58000183105469,93.44999694824219,95.37999725341797,32213300,GOOGL
2022-12-09,92.01408386230469,92.83000183105469,94.26000213623047,92.75,93.7699966430664,28225400,GOOGL
2022-12-12,92.48986053466797,93.30999755859375,93.55999755859375,91.61000061035156,92.70999908447266,29420000,GOOGL
2022-12-13,94.78947448730469,95.62999725341797,99.52999877929688,95.02999877929688,97.76000213623047,40593700,GOOGL
2022-12-14,94.23441314697266,95.06999969482422,96.87000274658203,93.5999984741211,95.19999694824219,28733600,GOOGL
2022-12-15,90.0614013671875,90.86000061035156,93.63999938964844,90.01000213623047,93.12999725341797,40107000,GOOGL
2022-12-16,89.46669006347656,90.26000213623047,91.33000183105469,89.5199966430664,90.76000213623047,58011800,GOOGL
2022-12-19,87.66268157958984,88.44000244140625,90.55999755859375,88.20999908447266,90.26000213623047,29493000,GOOGL
2022-12-20,88.23757934570312,89.0199966430664,89.18000030517578,87.44000244140625,88.11000061035156,23453800,GOOGL
2022-12-21,88.79265594482422,89.58000183105469,90.22000122070312,88.31999969482422,89.08000183105469,24745600,GOOGL
2022-12-22,86.98865509033203,87.76000213623047,88.54000091552734,86.31999969482422,88.16000366210938,27658300,GOOGL
2022-12-23,88.44573211669922,89.2300033569336,89.55000305175781,87.06999969482422,87.11000061035156,23003000,GOOGL
2022-12-27,86.62190246582031,87.38999938964844,88.94000244140625,87.01000213623047,88.80000305175781,20097300,GOOGL
2022-12-28,85.26394653320312,86.0199966430664,88.04000091552734,85.94000244140625,86.9800033569336,19523200,GOOGL
2022-12-29,87.67257690429688,88.44999694824219,88.8499984741211,86.61000061035156,86.62000274658203,23333500,GOOGL
2022-12-30,87.45452117919922,88.2300033569336,88.30000305175781,86.56999969482422,86.9800033569336,23986300,GOOGL
2023-01-03,88.33670043945312,89.12000274658203,91.05000305175781,88.5199966430664,89.58999633789062,28131200,GOOGL
2023-01-04,87.30584716796875,88.08000183105469,90.6500015258789,87.2699966430664,90.3499984741211,34854800,GOOGL
2023-01-05,85.4423599243164,86.19999694824219,87.56999969482422,85.9000015258789,87.47000122070312,27194400,GOOGL
2023-01-06,86.57234954833984,87.33999633789062,87.69000244140625,84.86000061035156,86.79000091552734,41381500,GOOGL
2023-01-09,87.24636840820312,88.0199966430664,90.05000305175781,87.86000061035156,88.36000061035156,29003900,GOOGL
2023-01-10,87.64285278320312,88.41999816894531,88.66999816894531,85.83000183105469,85.9800033569336,30467800,GOOGL
2023-01-11,90.7155990600586,91.5199966430664,91.5999984741211,89.01000213623047,89.18000030517578,26862000,GOOGL
2023-01-12,90.32903289794922,91.12999725341797,91.87000274658203,89.75,91.4800033569336,30258100,GOOGL
2023-01-13,91.31033325195312,92.12000274658203,92.19000244140625,90.12999725341797,90.8499984741211,26329200,GOOGL
2023-01-17,90.48762512207031,91.29000091552734,92.25,90.05000305175781,92.05999755859375,32602400,GOOGL
2023-01-18,90.31912231445312,91.12000274658203,92.80000305175781,90.63999938964844,92.13999938964844,29116700,GOOGL
2023-01-19,92.2321548461914,93.05000305175781,93.61000061035156,90.62999725341797,90.72000122070312,37000400,GOOGL
2023-01-20,97.1584701538086,98.0199966430664,98.30000305175781,95.0199966430664,95.0999984741211,63191100,GOOGL
2023-01-23,98.91291809082031,99.79000091552734,100.04000091552734,97.5,97.94999694824219,40005100,GOOGL
2023-01-24,96.8412857055664,97.69999694824219,99.61000061035156,97.19999694824219,98.0999984741211,33078500,GOOGL
2023-01-25,94.3830795288086,95.22000122070312,96.16000366210938,93.76000213623047,95.56999969482422,42330000,GOOGL
2023-01-26,96.6628646850586,97.5199966430664,97.56999969482422,95.37999725341797,96.5,30114000,GOOGL
2023-01-27,98.49661254882812,99.37000274658203,100.31999969482422,97.30999755859375,97.30999755859375,33879800,GOOGL
2023-01-30,96.08797454833984,96.94000244140625,98.29000091552734,96.4000015258789,97.4800033569336,27226200,GOOGL
2023-01-31,97.97127532958984,98.83999633789062,98.87999725341797,96.81999969482422,96.87000274658203,29870700,GOOGL
2023-02-01,99.54728698730469,100.43000030517578,101.19000244140625,97.58000183105469,98.70999908447266,35531100,GOOGL
2023-02-02,106.79303741455078,107.73999786376953,107.8499984741211,105.61000061035156,105.80000305175781,69883800,GOOGL
2023-02-03,103.85905456542969,104.77999877929688,107.80999755859375,102.58000183105469,102.93000030517578,65309300,GOOGL
2023-02-06,101.99557495117188,102.9000015258789,104.36000061035156,101.87999725341797,102.4000015258789,31999600,GOOGL
2023-02-07,106.69393157958984,107.63999938964844,108.18000030517578,103.12000274658203,103.22000122070312,49010200,GOOGL
2023-02-08,98.49661254882812,99.37000274658203,103.13999938964844,98.04000091552734,102.05000305175781,94743500,GOOGL
2023-02-09,94.17493438720703,95.01000213623047,100.02999877929688,93.62999725341797,100.0,119455000,GOOGL
2023-02-10,93.73880004882812,94.56999969482422,96.75,94.25,95.44999694824219,54980700,GOOGL
2023-02-13,93.77845001220703,94.61000061035156,95.19999694824219,93.83999633789062,94.73999786376953,50076100,GOOGL
2023-02-14,93.84783172607422,94.68000030517578,94.8499984741211,92.26000213623047,94.43000030517578,54726100,GOOGL
2023-02-15,96.08797454833984,96.94000244140625,97.12000274658203,94.1500015258789,94.48999786376953,50169000,GOOGL
2023-02-16,94.6705322265625,95.51000213623047,97.68000030517578,94.73999786376953,95.37000274658203,42462600,GOOGL
2023-02-17,93.52073669433594,94.3499984741211,95.55999755859375,93.20999908447266,94.8499984741211,34284100,GOOGL
2023-02-21,90.98323059082031,91.79000091552734,93.0999984741211,91.72000122070312,93.0,33629300,GOOGL
2023-02-22,90.8444595336914,91.6500015258789,92.11000061035156,90.61000061035156,91.69999694824219,30884000,GOOGL
2023-02-23,90.09114837646484,90.88999938964844,91.94000244140625,89.76000213623047,91.91999816894531,41206400,GOOGL
2023-02-24,88.34659576416016,89.12999725341797,89.88999938964844,88.58000183105469,89.44000244140625,36585100,GOOGL
2023-02-27,89.0801010131836,89.87000274658203,90.16000366210938,89.33999633789062,89.87000274658203,27502300,GOOGL
2023-02-28,89.2684326171875,90.05999755859375,91.2300033569336,89.31999969482422,89.33000183105469,30142000,GOOGL
2023-03-01,89.56580352783203,90.36000061035156,91.02999877929688,89.66999816894531,89.9800033569336,31111200,GOOGL
2023-03-02,91.19139099121094,92.0,92.27999877929688,89.58999633789062,89.66000366210938,32204400,GOOGL
2023-03-03,92.8268814086914,93.6500015258789,93.7300033569336,92.44999694824219,92.4800033569336,35160100,GOOGL
2023-03-06,94.29387664794922,95.12999725341797,95.97000122070312,94.0,94.0199966430664,32639300,GOOGL
2023-03-07,93.03504180908203,93.86000061035156,95.66999816894531,93.52999877929688,94.9800033569336,27835500,GOOGL
2023-03-08,93.42162322998047,94.25,95.95999908447266,94.0,94.12000274658203,34103300,GOOGL
2023-03-09,91.50857543945312,92.31999969482422,95.52999877929688,91.9000015258789,94.05000305175781,28813500,GOOGL
2023-03-10,89.83341979980469,90.62999725341797,92.79000091552734,90.4000015258789,92.16999816894531,35941000,GOOGL
2023-03-13,90.3092041015625,91.11000061035156,92.56999969482422,89.41999816894531,90.08999633789062,37335600,GOOGL
2023-03-14,93.14407348632812,93.97000122070312,94.36000061035156,92.44000244140625,92.55999755859375,36050200,GOOGL
2023-03-15,95.26525115966797,96.11000061035156,96.93000030517578,92.63999938964844,93.22000122070312,50622100,GOOGL
2023-03-16,99.43824768066406,100.31999969482422,101.19000244140625,95.5,96.19999694824219,65492000,GOOGL
2023-03-17,100.72684478759766,101.62000274658203,102.83999633789062,100.0999984741211,100.26000213623047,61028500,GOOGL
2023-03-20,100.3303451538086,101.22000122070312,101.75,99.87000274658203,100.12000274658203,32960400,GOOGL
2023-03-21,103.9978256225586,104.91999816894531,105.0999984741211,101.22000122070312,101.25,42110300,GOOGL
2023-03-22,102.4614486694336,103.37000274658203,106.58999633789062,103.33000183105469,104.2699966430664,43427400,GOOGL
2023-03-23,104.67184448242188,105.5999984741211,106.30000305175781,104.45999908447266,105.05999755859375,40797800,GOOGL
2023-03-24,104.51325988769531,105.44000244140625,105.48999786376953,103.83999633789062,104.98999786376953,30393300,GOOGL
2023-03-27,101.55946350097656,102.45999908447266,104.76000213623047,101.93000030517578,104.62000274658203,31120900,GOOGL
2023-03-28,100.14200592041016,101.02999877929688,102.44999694824219,99.73999786376953,102.44000244140625,32057900,GOOGL
2023-03-29,100.49884796142578,101.38999938964844,102.48999786376953,100.6500015258789,102.27999877929688,28779600,GOOGL
2023-03-30,100.00324249267578,100.88999938964844,101.16000366210938,99.77999877929688,100.91000366210938,33086200,GOOGL
2023-03-31,102.81829071044922,103.7300033569336,103.88999938964844,101.04000091552734,101.30000305175781,36863400,GOOGL
2023-04-03,103.44275665283203,104.36000061035156,104.52999877929688,101.93000030517578,102.38999938964844,25035400,GOOGL
2023-04-04,103.79957580566406,104.72000122070312,105.58000183105469,104.04000091552734,104.33000183105469,24420100,GOOGL
2023-04-05,103.55177307128906,104.47000122070312,106.0999984741211,103.66000366210938,105.77999877929688,28290500,GOOGL
2023-04-06,107.4670639038086,108.41999816894531,109.16999816894531,104.33000183105469,105.26000213623047,48711500,GOOGL
2023-04-10,105.50447082519531,106.44000244140625,107.58999633789062,105.12000274658203,106.9800033569336,27067400,GOOGL
2023-04-11,104.42405700683594,105.3499984741211,106.7300033569336,104.68000030517578,106.55000305175781,26311800,GOOGL
2023-04-12,103.72028350830078,104.63999938964844,106.75,104.33999633789062,106.58000183105469,24370300,GOOGL
2023-04-13,106.48575592041016,107.43000030517578,107.48999786376953,105.83999633789062,105.83999633789062,24843600,GOOGL
2023-04-14,107.91312408447266,108.87000274658203,108.94000244140625,106.83999633789062,106.88999938964844,26578000,GOOGL
2023-04-17,105.03860473632812,105.97000122070312,106.16000366210938,104.5199966430664,104.66000366210938,37571200,GOOGL
2023-04-18,103.58152770996094,104.5,106.54000091552734,104.06999969482422,106.48999786376953,26596400,GOOGL
2023-04-19,103.26433563232422,104.18000030517578,104.9800033569336,103.06999969482422,103.58000183105469,20905700,GOOGL
2023-04-20,104.36458587646484,105.29000091552734,106.25,103.87000274658203,103.91000366210938,27820800,GOOGL
2023-04-21,104.4835205078125,105.41000366210938,106.0,104.77999877929688,105.47000122070312,25800100,GOOGL
2023-04-24,105.03860473632812,105.97000122070312,106.62999725341797,104.69999694824219,105.48999786376953,23542800,GOOGL
2023-04-25,102.93724060058594,103.8499984741211,106.69000244140625,103.83999633789062,105.83000183105469,46664100,GOOGL
2023-04-26,102.79846954345703,103.70999908447266,106.3499984741211,102.62999725341797,104.91999816894531,53347600,GOOGL
2023-04-27,106.64435577392578,107.58999633789062,108.37000274658203,103.54000091552734,104.44999694824219,50089200,GOOGL
2023-04-28,106.39655303955078,107.33999633789062,107.3499984741211,105.08999633789062,107.04000091552734,36139800,GOOGL
2023-05-01,106.2577896118164,107.19999694824219,107.98999786376953,106.81999969482422,106.83999633789062,26681700,GOOGL
2023-05-02,104.3943099975586,105.31999969482422,107.19999694824219,103.70999908447266,107.13999938964844,30997200,GOOGL
2023-05-03,104.4835205078125,105.41000366210938,107.48999786376953,104.95999908447266,105.52999877929688,21795400,GOOGL
2023-05-04,103.76985931396484,104.69000244140625,105.5999984741211,103.97000122070312,105.48999786376953,23419500,GOOGL
2023-05-05,104.64212036132812,105.56999969482422,105.87999725341797,104.11000061035156,104.81999969482422,26639300,GOOGL
2023-05-08,106.82276916503906,107.7699966430664,107.95999908447266,105.16000366210938,105.18000030517578,26511400,GOOGL
2023-05-09,106.40646362304688,107.3499984741211,110.1500015258789,107.19000244140625,108.38999938964844,36360100,GOOGL
2023-05-10,110.76779174804688,111.75,112.94000244140625,107.93000030517578,107.97000122070312,63153400,GOOGL
2023-05-11,115.54542541503906,116.56999969482422,117.91999816894531,114.41000366210938,115.4000015258789,78900000,GOOGL
2023-05-12,116.47716522216797,117.51000213623047,118.02999877929688,116.11000061035156,116.68000030517578,41102300,GOOGL
2023-05-15,115.48595428466797,116.51000213623047,118.4800033569336,116.01000213623047,116.11000061035156,36266800,GOOGL
2023-05-16,118.45958709716797,119.51000213623047,120.75,116.43000030517578,116.48999786376953,45035600,GOOGL
2023-05-17,119.77790832519531,120.83999633789062,121.66999816894531,118.88999938964844,119.61000061035156,33323600,GOOGL
2023-05-18,121.75041961669922,122.83000183105469,123.30999755859375,120.83000183105469,120.94999694824219,35234200,GOOGL
2023-05-19,121.6810302734375,122.76000213623047,125.97000122070312,122.1500015258789,123.55000305175781,41353400,GOOGL
2023-05-22,123.95089721679688,125.05000305175781,126.43000030517578,122.73999786376953,122.94000244140625,35253000,GOOGL
2023-05-23,121.48278045654297,122.55999755859375,124.62999725341797,122.20999908447266,124.16000366210938,34046300,GOOGL
2023-05-24,119.83738708496094,120.9000015258789,121.91000366210938,119.86000061035156,121.12000274658203,34182600,GOOGL
2023-05-25,122.39470672607422,123.4800033569336,125.31999969482422,121.95999908447266,124.5199966430664,42317000,GOOGL
2023-05-26,123.51476287841797,124.61000061035156,125.26000213623047,122.44999694824219,123.16999816894531,35635900,GOOGL
2023-05-30,122.58302307128906,123.66999816894531,125.66000366210938,122.0,125.63999938964844,35076700,GOOGL
2023-05-31,121.7900619506836,122.87000274658203,124.05999755859375,122.5,122.75,37325800,GOOGL
2023-06-01,122.63258361816406,123.72000122070312,124.41999816894531,122.62000274658203,122.81999969482422,30772700,GOOGL
2023-06-02,123.5742416381836,124.66999816894531,126.1500015258789,123.76000213623047,123.98999786376953,26980100,GOOGL
2023-06-05,124.9024658203125,126.01000213623047,127.43000030517578,123.83999633789062,124.01000213623047,32305500,GOOGL
2023-06-06,126.1910400390625,127.30999755859375,128.2899932861328,125.36000061035156,126.01000213623047,26638300,GOOGL
2023-06-07,121.42330932617188,122.5,129.0399932861328,122.12000274658203,126.97000122070312,52539000,GOOGL
2023-06-08,121.06647491455078,122.13999938964844,123.2300033569336,121.23999786376953,122.2300033569336,29389200,GOOGL
2023-06-09,121.15567779541016,122.2300033569336,123.76000213623047,121.91000366210938,122.25,23778300,GOOGL
2023-06-12,122.55329132080078,123.63999938964844,124.05000305175781,121.66000366210938,122.79000091552734,28306400,GOOGL
2023-06-13,122.74163055419922,123.83000183105469,125.16000366210938,123.18000030517578,124.9800033569336,22278300,GOOGL
2023-06-14,122.58302307128906,123.66999816894531,124.05000305175781,121.44999694824219,123.0999984741211,30592300,GOOGL
2023-06-15,123.99053955078125,125.08999633789062,125.45999908447266,122.4000015258789,123.13999938964844,35246300,GOOGL
2023-06-16,122.44425201416016,123.52999877929688,126.11000061035156,123.27999877929688,125.93000030517578,45535600,GOOGL
2023-06-20,122.01803588867188,123.0999984741211,124.56999969482422,122.13999938964844,122.93000030517578,26097500,GOOGL
2023-06-21,119.49044799804688,120.55000305175781,122.66000366210938,120.0999984741211,122.4000015258789,30306300,GOOGL
2023-06-22,122.06759643554688,123.1500015258789,123.23999786376953,118.83000183105469,120.0,26952200,GOOGL
2023-06-23,121.26470947265625,122.33999633789062,122.79000091552734,121.05999755859375,121.37999725341797,34913600,GOOGL
2023-06-26,117.29988098144531,118.33999633789062,122.0,118.2699966430664,120.76000213623047,33969900,GOOGL
2023-06-27,117.28997802734375,118.33000183105469,119.08000183105469,116.0999984741211,117.08000183105469,39535900,GOOGL
2023-06-28,119.12371063232422,120.18000030517578,120.38999938964844,116.8499984741211,117.08999633789062,27091400,GOOGL
2023-06-29,118.05319213867188,119.0999984741211,120.05999755859375,118.30000305175781,119.23999786376953,24090900,GOOGL
2023-06-30,118.64791870117188,119.69999694824219,121.08000183105469,119.69000244140625,120.16999816894531,29532200,GOOGL
2023-07-03,118.8461685180664,119.9000015258789,120.19000244140625,118.81999969482422,119.23999786376953,14467900,GOOGL
2023-07-05,120.67990112304688,121.75,122.61000061035156,119.2300033569336,119.23999786376953,27584800,GOOGL
2023-07-06,119.05431365966797,120.11000061035156,120.30000305175781,118.4000015258789,119.80000305175781,24745200,GOOGL
2023-07-07,118.42985534667969,119.4800033569336,121.05000305175781,119.4000015258789,120.0999984741211,21709500,GOOGL
2023-07-10,115.42648315429688,116.44999694824219,118.30999755859375,116.13999938964844,118.30000305175781,35315200,GOOGL
2023-07-11,116.11042785644531,117.13999938964844,117.70999908447266,115.3499984741211,116.29000091552734,23078800,GOOGL
2023-07-12,117.88469696044922,118.93000030517578,120.33000183105469,118.41000366210938,118.80000305175781,30404400,GOOGL
2023-07-13,123.44538879394531,124.54000091552734,124.83000183105469,120.44999694824219,120.93000030517578,44297900,GOOGL
2023-07-14,124.3176498413086,125.41999816894531,126.77999877929688,123.48999786376953,124.80000305175781,33283100,GOOGL
2023-07-17,123.5544204711914,124.6500015258789,127.0999984741211,124.19999694824219,125.94000244140625,25716200,GOOGL
2023-07-18,122.6722412109375,123.76000213623047,124.68000030517578,122.95999908447266,124.5999984741211,26193600,GOOGL
2023-07-19,120.95743560791016,122.02999877929688,125.18000030517578,121.80000305175781,124.5999984741211,37224000,GOOGL
2023-07-20,118.15231323242188,119.19999694824219,124.08999633789062,118.22000122070312,121.41999816894531,37906800,GOOGL
2023-07-21,118.9651107788086,120.0199966430664,120.98999786376953,118.7300033569336,120.62000274658203,72937900,GOOGL
2023-07-24,120.46183013916016,121.52999877929688,123.0,120.9800033569336,121.66000366210938,29686100,GOOGL
2023-07-25,121.13584899902344,122.20999908447266,123.1500015258789,121.0199966430664,121.36000061035156,52509600,GOOGL
2023-07-26,128.13381958007812,129.27000427246094,130.97999572753906,128.32000732421875,130.07000732421875,61682100,GOOGL
2023-07-27,128.26266479492188,129.39999389648438,133.24000549316406,128.7899932861328,131.6699981689453,44952100,GOOGL
2023-07-28,131.4147186279297,132.5800018310547,133.74000549316406,130.57000732421875,130.77999877929688,36591200,GOOGL
2023-07-31,131.55348205566406,132.72000122070312,133.52999877929688,131.77999877929688,132.72999572753906,28055500,GOOGL
2023-08-01,130.39378356933594,131.5500030517578,132.6300048828125,130.67999267578125,130.77999877929688,23166800,GOOGL
2023-08-02,127.25164031982422,128.3800048828125,130.08999633789062,127.55999755859375,129.4499969482422,26273300,GOOGL
2023-08-03,127.3210220336914,128.4499969482422,129.38999938964844,127.41999816894531,127.97000122070312,20089500,GOOGL
2023-08-04,126.9840087890625,128.11000061035156,131.50999450683594,127.91000366210938,129.27999877929688,26147200,GOOGL
2023-08-07,130.37393188476562,131.52999877929688,131.61000061035156,129.02000427246094,129.16000366210938,22746300,GOOGL
2023-08-08,130.2450714111328,131.39999389648438,131.50999450683594,129.5399932861328,130.6199951171875,23535200,GOOGL
2023-08-09,128.5203857421875,129.66000366210938,132.0399932861328,129.0,131.66000366210938,24912900,GOOGL
2023-08-10,128.5500946044922,129.69000244140625,132.0500030517578,129.4499969482422,131.32000732421875,20857800,GOOGL
2023-08-11,128.4212646484375,129.55999755859375,129.92999267578125,128.1699981689453,128.66000366210938,19591100,GOOGL
2023-08-14,130.1757049560547,131.3300018310547,131.3699951171875,128.9600067138672,129.38999938964844,24695600,GOOGL
2023-08-15,128.63934326171875,129.77999877929688,131.4199981689453,129.27999877929688,131.10000610351562,19770700,GOOGL
2023-08-16,127.56880187988281,128.6999969482422,130.27999877929688,127.87000274658203,128.6999969482422,25216100,GOOGL
2023-08-17,128.778076171875,129.9199981689453,131.99000549316406,129.2899932861328,129.8000030517578,33446300,GOOGL
2023-08-18,126.33970642089844,127.45999908447266,129.25,126.37999725341797,128.50999450683594,30504800,GOOGL
2023-08-21,127.24171447753906,128.3699951171875,128.72999572753906,126.55999755859375,127.18000030517578,25248700,GOOGL
2023-08-22,127.94548034667969,129.0800018310547,130.27999877929688,128.32000732421875,128.50999450683594,22054900,GOOGL
2023-08-23,131.20655822753906,132.3699951171875,133.41000366210938,129.8699951171875,130.17999267578125,27819700,GOOGL
2023-08-24,128.63934326171875,129.77999877929688,134.25,129.57000732421875,133.9499969482422,28500700,GOOGL
2023-08-25,128.7384490966797,129.8800048828125,130.75999450683594,127.25,129.5399932861328,26762900,GOOGL
2023-08-28,129.85850524902344,131.00999450683594,132.5399932861328,130.13999938964844,131.30999755859375,20543300,GOOGL
2023-08-29,133.38722229003906,134.57000732421875,136.57000732421875,132.24000549316406,132.24000549316406,43075600,GOOGL
2023-08-30,134.68569946289062,135.8800048828125,136.27999877929688,134.07000732421875,134.77999877929688,28315800,GOOGL
2023-08-31,134.97317504882812,136.1699981689453,138.0,135.7899932861328,136.00999450683594,30053800,GOOGL
2023-09-01,134.4676513671875,135.66000366210938,137.4600067138672,134.85000610351562,137.4600067138672,21543700,GOOGL
2023-09-05,134.57669067382812,135.77000427246094,136.4199981689453,134.5800018310547,135.44000244140625,19403100,GOOGL
2023-09-06,133.2781982421875,134.4600067138672,136.52999877929688,133.6699981689453,136.02000427246094,18684500,GOOGL
2023-09-07,134.0711669921875,135.25999450683594,135.5800018310547,132.9499969482422,133.58999633789062,18844300,GOOGL
2023-09-08,135.1813201904297,136.3800048828125,136.66000366210938,134.85000610351562,134.91000366210938,23558300,GOOGL
2023-09-11,135.71658325195312,136.9199981689453,137.47999572753906,135.7899932861328,136.5399932861328,20763400,GOOGL
2023-09-12,134.1504669189453,135.33999633789062,136.8699951171875,135.19000244140625,136.25999450683594,18405500,GOOGL
2023-09-13,135.50840759277344,136.7100067138672,136.89999389648438,134.14999389648438,135.08999633789062,20749500,GOOGL
2023-09-14,136.88619995117188,138.10000610351562,138.6999969482422,136.24000549316406,137.60000610351562,24751000,GOOGL
2023-09-15,136.19236755371094,137.39999389648438,138.52000427246094,136.47999572753906,137.97999572753906,38919600,GOOGL
2023-09-18,136.99525451660156,138.2100067138672,139.16000366210938,136.61000061035156,136.61000061035156,21861300,GOOGL
2023-09-19,136.8267364501953,138.0399932861328,138.41000366210938,136.6199951171875,137.4199981689453,20353700,GOOGL
2023-09-20,132.5645294189453,133.74000549316406,138.0800018310547,133.6199951171875,138.0800018310547,29927500,GOOGL
2023-09-21,129.29351806640625,130.44000244140625,132.22999572753906,130.07000732421875,131.44000244140625,31503900,GOOGL
2023-09-22,129.10519409179688,130.25,132.02999877929688,129.60000610351562,130.75999450683594,26397300,GOOGL
2023-09-25,129.95765686035156,131.11000061035156,131.1699981689453,128.9600067138672,129.8300018310547,20094600,GOOGL
2023-09-26,127.43997192382812,128.57000732421875,130.36000061035156,127.22000122070312,129.77000427246094,25718700,GOOGL
2023-09-27,129.3926544189453,130.5399932861328,130.89999389648438,128.57000732421875,128.57000732421875,22746500,GOOGL
2023-09-28,131.14710998535156,132.30999755859375,133.3000030517578,129.7899932861328,129.83999633789062,22513100,GOOGL
2023-09-29,129.70982360839844,130.86000061035156,134.0500030517578,130.36000061035156,133.27999877929688,30859800,GOOGL
2023-10-02,132.99073791503906,134.1699981689453,134.4199981689453,131.1699981689453,131.2100067138672,22288000,GOOGL
2023-10-03,131.26602172851562,132.42999267578125,134.25999450683594,131.83999633789062,133.94000244140625,22989400,GOOGL
2023-10-04,134.0513458251953,135.24000549316406,135.57000732421875,132.52999877929688,132.7899932861328,26752300,GOOGL
2023-10-05,133.88282775878906,135.07000732421875,135.49000549316406,133.4499969482422,135.07000732421875,19832600,GOOGL
2023-10-06,136.3707733154297,137.5800018310547,138.16000366210938,134.00999450683594,134.00999450683594,27597600,GOOGL
2023-10-09,137.203369140625,138.4199981689453,138.94000244140625,135.61000061035156,136.94000244140625,19278100,GOOGL
2023-10-10,136.84654235839844,138.05999755859375,139.72000122070312,137.3300018310547,138.5,27786600,GOOGL
2023-10-11,139.31468200683594,140.5500030517578,141.11000061035156,138.5800018310547,138.5800018310547,25884300,GOOGL
2023-10-12,137.74855041503906,138.97000122070312,141.22000122070312,138.25999450683594,141.0500030517578,24765500,GOOGL
2023-10-13,136.1527099609375,137.36000061035156,140.0,136.6199951171875,139.3800048828125,23420500,GOOGL
2023-10-16,137.87742614746094,139.10000610351562,139.6300048828125,137.99000549316406,138.1699981689453,28501900,GOOGL
2023-10-17,138.49197387695312,139.72000122070312,139.89999389648438,137.17999267578125,138.6300048828125,23515800,GOOGL
2023-10-18,136.74745178222656,137.9600067138672,140.72000122070312,137.3800048828125,139.4499969482422,23375000,GOOGL
2023-10-19,136.5392608642578,137.75,139.66000366210938,137.3800048828125,138.5,26066000,GOOGL
2023-10-20,134.4081573486328,135.60000610351562,137.8699951171875,135.0800018310547,137.3300018310547,26335700,GOOGL
2023-10-23,135.3002471923828,136.5,137.66000366210938,133.9499969482422,135.0399932861328,26317900,GOOGL
2023-10-24,137.58998107910156,138.80999755859375,139.36000061035156,137.4199981689453,137.8300018310547,44814300,GOOGL
2023-10-25,124.5059814453125,125.61000061035156,128.30999755859375,125.06999969482422,128.16000366210938,84366200,GOOGL
2023-10-26,121.20524597167969,122.27999877929688,124.33000183105469,121.2699966430664,123.2699966430664,57061100,GOOGL
2023-10-27,121.09619903564453,122.16999816894531,123.30999755859375,120.20999908447266,122.87999725341797,44566500,GOOGL
2023-10-30,123.36608123779297,124.45999908447266,125.4000015258789,122.75,123.20999908447266,28940100,GOOGL
2023-10-31,122.98942565917969,124.08000183105469,125.37000274658203,122.69000244140625,125.05999755859375,26292300,GOOGL
2023-11-01,125.33858489990234,126.44999694824219,126.48999786376953,123.72000122070312,124.06999969482422,30082400,GOOGL
2023-11-02,126.36946868896484,127.48999786376953,128.97999572753906,126.93000030517578,128.4199981689453,27124600,GOOGL
2023-11-03,127.96529388427734,129.10000610351562,129.52999877929688,127.86000061035156,128.02000427246094,26393100,GOOGL
2023-11-06,129.10519409179688,130.25,130.33999633789062,128.6699981689453,129.0500030517578,19052700,GOOGL
2023-11-07,129.81887817382812,130.97000122070312,131.91000366210938,129.8800048828125,130.7100067138672,29757300,GOOGL
2023-11-08,130.6812286376953,131.83999633789062,132.2100067138672,130.77999877929688,130.97000122070312,26425800,GOOGL
2023-11-09,129.09527587890625,130.24000549316406,132.5500030517578,130.07000732421875,131.9600067138672,23747800,GOOGL
2023-11-10,131.42462158203125,132.58999633789062,132.8000030517578,129.41000366210938,130.10000610351562,26913300,GOOGL
2023-11-13,130.92901611328125,132.08999633789062,132.58999633789062,131.25,131.77999877929688,18324800,GOOGL
2023-11-14,132.44557189941406,133.6199951171875,135.6999969482422,133.32000732421875,134.19000244140625,32395200,GOOGL
2023-11-15,133.43679809570312,134.6199951171875,135.02999877929688,133.57000732421875,134.8699951171875,23861500,GOOGL
2023-11-16,135.72647094726562,136.92999267578125,137.22000122070312,134.32000732421875,135.19000244140625,28013200,GOOGL
2023-11-17,134.1207275390625,135.30999755859375,136.05999755859375,133.64999389648438,136.0,37240600,GOOGL
2023-11-20,135.05247497558594,136.25,136.66000366210938,133.6199951171875,133.69000244140625,27815500,GOOGL
2023-11-21,135.76614379882812,136.97000122070312,137.17999267578125,135.9600067138672,136.2899932861328,22635300,GOOGL
2023-11-22,137.2727813720703,138.49000549316406,139.4199981689453,137.47000122070312,137.47000122070312,17813900,GOOGL
2023-11-24,135.4886016845703,136.69000244140625,138.1300048828125,135.99000549316406,138.02999877929688,12514300,GOOGL
2023-11-27,135.2110595703125,136.41000366210938,138.4199981689453,136.0,136.02999877929688,23436500,GOOGL
2023-11-28,135.994140625,137.1999969482422,137.25,135.4199981689453,136.0800018310547,18730000,GOOGL
2023-11-29,133.80352783203125,134.99000549316406,138.2899932861328,134.83999633789062,137.57000732421875,23967200,GOOGL
2023-11-30,131.36514282226562,132.52999877929688,135.5500030517578,131.27999877929688,135.0500030517578,38988300,GOOGL
2023-12-01,130.70101928710938,131.86000061035156,132.11000061035156,130.6699981689453,131.86000061035156,31442300,GOOGL
2023-12-04,128.13381958007812,129.27000427246094,130.02999877929688,127.9000015258789,129.8800048828125,36669900,GOOGL
2023-12-05,129.83871459960938,130.99000549316406,132.13999938964844,128.25,128.9499969482422,27384800,GOOGL
2023-12-06,128.87722778320312,130.02000427246094,131.83999633789062,129.8800048828125,131.44000244140625,23576200,GOOGL
2023-12-07,135.72647094726562,136.92999267578125,138.55999755859375,134.6999969482422,135.0399932861328,56767100,GOOGL
2023-12-08,133.80352783203125,134.99000549316406,136.39999389648438,134.02999877929688,134.1999969482422,32260100,GOOGL
2023-12-11,132.1184844970703,133.2899932861328,133.33999633789062,131.36000061035156,132.3800048828125,31138000,GOOGL
2023-12-12,131.35525512695312,132.52000427246094,133.0,131.25999450683594,131.80999755859375,29032800,GOOGL
2023-12-13,131.40480041503906,132.57000732421875,133.5,131.57000732421875,133.3800048828125,30104800,GOOGL
2023-12-14,130.78033447265625,131.94000244140625,133.72000122070312,129.69000244140625,133.3800048828125,38722400,GOOGL
2023-12-15,131.43455505371094,132.60000610351562,133.50999450683594,131.17999267578125,131.6199951171875,50847100,GOOGL
2023-12-18,134.6063995361328,135.8000030517578,137.14999389648438,132.42999267578125,132.6300048828125,32258000,GOOGL
2023-12-19,135.44894409179688,136.64999389648438,137.47000122070312,136.0800018310547,136.83999633789062,25476800,GOOGL
2023-12-20,137.1240997314453,138.33999633789062,141.6999969482422,138.07000732421875,138.97000122070312,49107200,GOOGL
2023-12-21,139.18580627441406,140.4199981689453,140.69000244140625,139.17999267578125,139.49000549316406,27488300,GOOGL
2023-12-22,140.2464141845703,141.49000549316406,141.99000549316406,140.7100067138672,140.77000427246094,26532200,GOOGL
2023-12-26,140.27613830566406,141.52000427246094,142.67999267578125,141.19000244140625,141.58999633789062,16780300,GOOGL
2023-12-27,139.13623046875,140.3699951171875,142.0800018310547,139.88999938964844,141.58999633789062,19628600,GOOGL
2023-12-28,138.9974822998047,140.22999572753906,141.13999938964844,139.75,140.77999877929688,16045700,GOOGL
2023-12-29,138.4622039794922,139.69000244140625,140.36000061035156,138.77999877929688,139.6300048828125,18733000,GOOGL
2024-01-02,136.95558166503906,138.1699981689453,139.4499969482422,136.47999572753906,138.5500030517578,23711200,GOOGL
2024-01-03,137.69898986816406,138.9199981689453,139.6300048828125,137.0800018310547,137.25,24212100,GOOGL
2024-01-04,135.19122314453125,136.38999938964844,139.16000366210938,136.35000610351562,138.4199981689453,27137700,GOOGL
2024-01-05,134.53701782226562,135.72999572753906,137.16000366210938,135.14999389648438,136.75,22513900,GOOGL
2024-01-08,137.6197052001953,138.83999633789062,139.00999450683594,136.25999450683594,136.2899932861328,21404000,GOOGL
2024-01-09,139.71115112304688,140.9499969482422,141.49000549316406,138.14999389648438,138.5,24759600,GOOGL
2024-01-10,141.02944946289062,142.27999877929688,143.0,140.91000366210938,141.0,21320200,GOOGL
2024-01-11,140.8312225341797,142.0800018310547,145.22000122070312,140.63999938964844,143.49000549316406,24008700,GOOGL
2024-01-12,141.3961944580078,142.64999389648438,143.1999969482422,141.82000732421875,142.6699981689453,18785500,GOOGL
2024-01-16,141.23760986328125,142.49000549316406,144.35000610351562,141.4499969482422,142.0,22670500,GOOGL
2024-01-17,140.22659301757812,141.47000122070312,141.83999633789062,138.89999389648438,141.35000610351562,20968600,GOOGL
2024-01-18,142.21890258789062,143.47999572753906,144.2100067138672,141.99000549316406,142.0500030517578,25746400,GOOGL
2024-01-19,145.09344482421875,146.3800048828125,146.4499969482422,144.3800048828125,144.74000549316406,34271900,GOOGL
2024-01-22,144.7068634033203,145.99000549316406,148.38999938964844,145.83999633789062,147.10000610351562,32200400,GOOGL
2024-01-23,145.7476348876953,147.0399932861328,147.17999267578125,145.5,145.88999938964844,21636100,GOOGL
2024-01-24,147.3930206298828,148.6999969482422,149.85000610351562,148.10000610351562,148.5399932861328,25233500,GOOGL
2024-01-25,150.53517150878906,151.8699951171875,153.0500030517578,149.5399932861328,150.07000732421875,29149100,GOOGL
2024-01-26,150.85235595703125,152.19000244140625,152.5399932861328,151.00999450683594,151.10000610351562,26115500,GOOGL
2024-01-29,152.16075134277344,153.50999450683594,153.77999877929688,151.42999267578125,152.05999755859375,27784300,GOOGL
2024-01-30,150.12879943847656,151.4600067138672,153.6199951171875,151.19000244140625,152.8000030517578,36331800,GOOGL
2024-01-31,138.8686065673828,140.10000610351562,144.0,139.8699951171875,143.6199951171875,71910000,GOOGL
2024-02-01,139.91932678222656,141.16000366210938,143.05999755859375,140.7899932861328,142.1199951171875,40466500,GOOGL
2024-02-02,141.1285858154297,142.3800048828125,142.6199951171875,136.5,139.25999450683594,62499600,GOOGL
2024-02-05,142.41714477539062,143.67999267578125,145.47000122070312,142.77999877929688,142.82000732421875,38505400,GOOGL
2024-02-06,142.83348083496094,144.10000610351562,145.36000061035156,143.19000244140625,144.64999389648438,29128200,GOOGL
2024-02-07,144.2607879638672,145.5399932861328,145.6199951171875,143.92999267578125,144.75999450683594,25208900,GOOGL
2024-02-08,144.62757873535156,145.91000366210938,146.3300018310547,145.10000610351562,145.8300018310547,22563800,GOOGL
2024-02-09,147.69039916992188,149.0,149.44000244140625,146.17999267578125,146.67999267578125,26829500,GOOGL
2024-02-12,146.2333221435547,147.52999877929688,149.33999633789062,147.3699951171875,148.4199981689453,21564100,GOOGL
2024-02-13,143.8643035888672,145.13999938964844,146.6699981689453,143.69000244140625,144.9199981689453,27837700,GOOGL
2024-02-14,144.65731811523438,145.94000244140625,146.52000427246094,144.08999633789062,146.0800018310547,22704200,GOOGL
2024-02-15,141.51515197753906,142.77000427246094,143.52000427246094,140.4600067138672,143.13999938964844,37590700,GOOGL
2024-02-16,139.28492736816406,140.52000427246094,143.19000244140625,140.13999938964844,142.99000549316406,31468900,GOOGL
2024-02-20,139.879638671875,141.1199951171875,142.0800018310547,139.49000549316406,139.66000366210938,25144700,GOOGL
2024-02-21,141.29710388183594,142.5500030517578,142.69000244140625,140.67999267578125,141.4499969482422,23223300,GOOGL
2024-02-22,142.8235626220703,144.08999633789062,145.0,142.8000030517578,144.92999267578125,27191900,GOOGL
2024-02-23,142.69468688964844,143.9600067138672,144.67999267578125,143.42999267578125,143.6699981689453,19493800,GOOGL
2024-02-26,136.36087036132812,137.57000732421875,142.44000244140625,137.38999938964844,142.13999938964844,53641800,GOOGL
2024-02-27,137.6593780517578,138.8800048828125,139.25,137.08999633789062,138.02000427246094,33099200,GOOGL
2024-02-28,135.1813201904297,136.3800048828125,138.00999450683594,135.41000366210938,137.89999389648438,37328600,GOOGL
2024-02-29,137.24302673339844,138.4600067138672,138.86000061035156,136.39999389648438,137.27999877929688,42133000,GOOGL
2024-03-01,135.9346466064453,137.13999938964844,138.8699951171875,136.9199981689453,138.42999267578125,31151100,GOOGL
2024-03-04,132.17794799804688,133.35000610351562,135.66000366210938,131.91000366210938,135.66000366210938,55999400,GOOGL
2024-03-05,131.50392150878906,132.6699981689453,133.24000549316406,130.6699981689453,131.8800048828125,40194800,GOOGL
2024-03-06,130.2450714111328,131.39999389648438,133.5800018310547,130.85000610351562,133.1199951171875,35318600,GOOGL
2024-03-07,133.19888305664062,134.3800048828125,134.94000244140625,131.61000061035156,132.7899932861328,37738200,GOOGL
2024-03-08,134.21986389160156,135.41000366210938,138.08999633789062,134.0,134.2100067138672,39370400,GOOGL
2024-03-11,136.4599609375,137.6699981689453,139.10000610351562,136.1300048828125,136.1300048828125,32437800,GOOGL
2024-03-12,137.28268432617188,138.5,139.3800048828125,137.02999877929688,137.02999877929688,27563400,GOOGL
2024-03-13,138.5613555908203,139.7899932861328,141.08999633789062,138.99000549316406,139.0,23347200,GOOGL
2024-03-14,141.84226989746094,143.10000610351562,143.58999633789062,140.4600067138672,141.19000244140625,42753400,GOOGL
2024-03-15,139.93911743164062,141.17999267578125,143.17999267578125,140.02999877929688,142.5,49475400,GOOGL
2024-03-18,146.38198852539062,147.67999267578125,152.14999389648438,147.1699981689453,148.61000061035156,69273700,GOOGL
2024-03-19,145.73768615722656,147.02999877929688,148.7899932861328,146.0800018310547,148.16000366210938,24070400,GOOGL
2024-03-20,147.4326934814453,148.74000549316406,148.86000061035156,146.74000549316406,148.0,21311500,GOOGL
2024-03-21,146.30271911621094,147.60000610351562,150.3699951171875,146.89999389648438,149.47000122070312,24755600,GOOGL
2024-03-22,149.44485473632812,150.77000427246094,151.5800018310547,148.97999572753906,149.1199951171875,29211800,GOOGL
2024-03-25,148.7510223388672,150.07000732421875,150.3800048828125,147.82000732421875,149.94000244140625,19229300,GOOGL
2024-03-26,149.34573364257812,150.6699981689453,152.25999450683594,149.97999572753906,150.22000122070312,22149100,GOOGL
2024-03-27,149.54396057128906,150.8699951171875,151.63999938964844,148.89999389648438,151.17999267578125,22879200,GOOGL
2024-03-28,149.60340881347656,150.92999267578125,151.42999267578125,150.1699981689453,150.85000610351562,24485400,GOOGL
2024-04-01,154.12335205078125,155.49000549316406,155.74000549316406,150.61000061035156,150.69000244140625,31730800,GOOGL
2024-04-02,153.20150756835938,154.55999755859375,154.6999969482422,152.14999389648438,153.5,24586000,GOOGL
2024-04-03,153.558349609375,154.9199981689453,155.0800018310547,152.72999572753906,153.60000610351562,24705000,GOOGL
2024-04-04,149.2069549560547,150.52999877929688,154.77000427246094,150.4499969482422,153.5,34724700,GOOGL
2024-04-05,151.15963745117188,152.5,153.4199981689453,149.60000610351562,150.02999877929688,23459200,GOOGL
2024-04-08,153.48899841308594,154.85000610351562,155.27000427246094,152.61000061035156,152.77999877929688,20702000,GOOGL
2024-04-09,155.2236328125,156.60000610351562,158.55999755859375,155.19000244140625,156.08999633789062,31079500,GOOGL
2024-04-10,154.7676544189453,156.13999938964844,156.61000061035156,154.67999267578125,156.2100067138672,22838600,GOOGL
2024-04-11,158.00889587402344,159.41000366210938,159.67999267578125,156.4600067138672,156.91000366210938,27166400,GOOGL
2024-04-12,156.34365844726562,157.72999572753906,160.22000122070312,157.13999938964844,157.9600067138672,25353700,GOOGL
2024-04-15,153.4989013671875,154.86000061035156,159.24000549316406,154.58999633789062,158.86000061035156,27136500,GOOGL
2024-04-16,153.04293823242188,154.39999389648438,155.64999389648438,153.42999267578125,154.19000244140625,20779500,GOOGL
2024-04-17,154.10353088378906,155.47000122070312,157.0800018310547,154.5800018310547,155.6199951171875,21763100,GOOGL
2024-04-18,154.6387939453125,156.00999450683594,156.94000244140625,154.6199951171875,155.33999633789062,19883000,GOOGL
2024-04-19,152.7356719970703,154.08999633789062,156.36000061035156,152.3000030517578,156.1999969482422,32615600,GOOGL
2024-04-22,154.9064178466797,156.27999877929688,157.63999938964844,154.05999755859375,154.30999755859375,26446200,GOOGL
2024-04-23,156.86900329589844,158.25999450683594,158.97000122070312,156.27999877929688,156.9600067138672,21151600,GOOGL
2024-04-24,157.7313690185547,159.1300048828125,159.57000732421875,157.1699981689453,157.49000549316406,22779100,GOOGL
2024-04-25,154.62887573242188,156.0,156.49000549316406,150.8699951171875,151.3300018310547,57109700,GOOGL
2024-04-26,170.43865966796875,171.9499969482422,174.7100067138672,169.64999389648438,174.3699951171875,64665300,GOOGL
2024-04-29,164.68963623046875,166.14999389648438,169.5500030517578,165.2100067138672,169.05999755859375,45610000,GOOGL
2024-04-30,161.3492889404297,162.77999877929688,168.10000610351562,162.60000610351562,165.61000061035156,33562900,GOOGL
2024-05-01,162.41978454589844,163.86000061035156,167.1199951171875,163.08999633789062,164.3000030517578,33493200,GOOGL
2024-05-02,165.155517578125,166.6199951171875,166.72999572753906,163.88999938964844,164.7899932861328,24294500,GOOGL
2024-05-03,165.7700958251953,167.24000549316406,167.9600067138672,163.0500030517578,167.55999755859375,34662400,GOOGL
2024-05-06,166.62254333496094,168.10000610351562,168.13999938964844,166.02999877929688,167.4600067138672,21871300,GOOGL
2024-05-07,169.74484252929688,171.25,171.75999450683594,168.38999938964844,168.5,28039700,GOOGL
2024-05-08,167.8912811279297,169.3800048828125,170.14999389648438,168.74000549316406,169.0,19569100,GOOGL
2024-05-09,168.4661865234375,169.9600067138672,170.69000244140625,168.17999267578125,169.38999938964844,15346700,GOOGL
2024-05-10,167.16769409179688,168.64999389648438,169.85000610351562,166.19000244140625,168.02999877929688,29799900,GOOGL
2024-05-13,167.65338134765625,169.13999938964844,169.27999877929688,164.0,164.25999450683594,31327600,GOOGL
2024-05-14,168.84283447265625,170.33999633789062,171.25,168.8000030517578,169.77000427246094,25127100,GOOGL
2024-05-15,170.99374389648438,172.50999450683594,172.64999389648438,170.50999450683594,170.6300048828125,26948400,GOOGL
2024-05-16,172.64907836914062,174.17999267578125,175.1199951171875,172.69000244140625,173.2899932861328,27867900,GOOGL
2024-05-17,174.51255798339844,176.05999755859375,176.27000427246094,173.69000244140625,174.17999267578125,24479300,GOOGL
2024-05-20,175.364990234375,176.9199981689453,178.77000427246094,176.0800018310547,176.19000244140625,22554400,GOOGL
2024-05-21,176.2868194580078,177.85000610351562,178.14999389648438,175.80999755859375,176.89999389648438,16989400,GOOGL
2024-05-22,174.8297576904297,176.3800048828125,177.14999389648438,175.2100067138672,176.63999938964844,17880000,GOOGL
2024-05-23,172.02464294433594,173.5500030517578,178.25,172.9499969482422,177.07000732421875,21024900,GOOGL
2024-05-24,173.45196533203125,174.99000549316406,175.77000427246094,173.64999389648438,174.97999572753906,16579400,GOOGL
2024-05-28,174.84957885742188,176.39999389648438,177.27000427246094,174.3699951171875,174.4499969482422,20572200,GOOGL
2024-05-29,174.3539581298828,175.89999389648438,176.83999633789062,174.72000122070312,175.42999267578125,23388700,GOOGL
2024-05-30,170.5972900390625,172.11000061035156,175.22000122070312,171.7899932861328,175.1999969482422,22931500,GOOGL
2024-05-31,170.98387145996094,172.5,173.05999755859375,169.44000244140625,171.86000061035156,37638900,GOOGL
2024-06-03,171.64794921875,173.1699981689453,174.52999877929688,171.16000366210938,172.5399932861328,27459100,GOOGL
2024-06-04,172.26251220703125,173.7899932861328,173.85000610351562,171.88999938964844,173.27999877929688,26879600,GOOGL
2024-06-05,173.8682861328125,175.41000366210938,176.64999389648438,173.92999267578125,175.1999969482422,22068500,GOOGL
2024-06-06,175.17666625976562,176.72999572753906,177.14999389648438,175.75,175.89999389648438,23251000,GOOGL
2024-06-07,172.9266357421875,174.4600067138672,177.8699951171875,174.3000030517578,177.0500030517578,19661400,GOOGL
2024-06-10,173.67086791992188,175.00999450683594,177.05999755859375,172.75999450683594,174.97000122070312,23726700,GOOGL
2024-06-11,175.2685546875,176.6199951171875,176.83999633789062,173.77000427246094,176.22000122070312,21540600,GOOGL
2024-06-12,176.42962646484375,177.7899932861328,180.41000366210938,176.11000061035156,178.25,27864700,GOOGL
2024-06-13,173.81976318359375,175.16000366210938,176.74000549316406,174.8800048828125,176.11000061035156,20913300,GOOGL
2024-06-14,175.43724060058594,176.7899932861328,177.05999755859375,174.14999389648438,174.22000122070312,18063600,GOOGL
2024-06-17,175.88380432128906,177.24000549316406,178.36000061035156,174.80999755859375,175.4600067138672,19618500,GOOGL
2024-06-18,173.75025939941406,175.08999633789062,177.38999938964844,174.10000610351562,177.13999938964844,21869900,GOOGL
2024-06-20,174.95101928710938,176.3000030517578,177.2899932861328,174.99000549316406,175.3699951171875,20160100,GOOGL
2024-06-21,178.2555389404297,179.6300048828125,180.85000610351562,176.61000061035156,177.0,57759000,GOOGL
2024-06-24,177.84866333007812,179.22000122070312,180.88999938964844,178.6699981689453,180.16000366210938,18298000,GOOGL
2024-06-25,182.62185668945312,184.02999877929688,184.2899932861328,179.4199981689453,179.6199951171875,23130200,GOOGL
2024-06-26,182.47299194335938,183.8800048828125,184.50999450683594,182.47999572753906,182.6300048828125,19839000,GOOGL
2024-06-27,183.99131774902344,185.41000366210938,186.0500030517578,184.02000427246094,184.17999267578125,18848900,GOOGL
2024-06-28,180.7562255859375,182.14999389648438,185.1300048828125,181.9600067138672,184.32000732421875,29156600,GOOGL
2024-07-01,181.58981323242188,182.99000549316406,183.8800048828125,181.3000030517578,183.02999877929688,16006100,GOOGL
2024-07-02,183.82261657714844,185.24000549316406,185.57000732421875,181.55999755859375,182.0500030517578,17372500,GOOGL
2024-07-03,184.398193359375,185.82000732421875,186.08999633789062,184.0,184.85000610351562,10242100,GOOGL
2024-07-05,189.1416015625,190.60000610351562,190.86000061035156,185.8000030517578,185.86000061035156,20967500,GOOGL
2024-07-08,187.5836181640625,189.02999877929688,190.1699981689453,187.77999877929688,189.89999389648438,21035900,GOOGL
2024-07-09,187.53396606445312,188.97999572753906,191.36000061035156,188.72000122070312,190.30999755859375,15121400,GOOGL
2024-07-10,189.7171630859375,191.17999267578125,191.75,189.02999877929688,189.14999389648438,15952500,GOOGL
2024-07-11,184.15008544921875,185.57000732421875,190.86000061035156,185.0800018310547,189.85000610351562,25625800,GOOGL
2024-07-12,183.6539306640625,185.07000732421875,187.11000061035156,184.49000549316406,185.0800018310547,22898400,GOOGL
2024-07-15,185.1027374267578,186.52999877929688,188.24000549316406,184.9199981689453,184.9199981689453,16474000,GOOGL
2024-07-16,182.51271057128906,183.9199981689453,188.67999267578125,183.3699951171875,187.36000061035156,18290700,GOOGL
2024-07-17,179.6348876953125,181.02000427246094,183.5500030517578,179.89999389648438,182.97000122070312,20734100,GOOGL
2024-07-18,176.3303985595703,177.69000244140625,182.5,176.47000122070312,181.92999267578125,25315700,GOOGL
2024-07-19,176.30059814453125,177.66000366210938,180.2899932861328,177.1300048828125,178.8800048828125,18881900,GOOGL
2024-07-22,180.2799072265625,181.6699981689453,182.6999969482422,180.22999572753906,180.58999633789062,24100300,GOOGL
2024-07-23,180.3989715576172,181.7899932861328,183.61000061035156,181.5399932861328,182.0500030517578,36352700,GOOGL
2024-07-24,171.30911254882812,172.6300048828125,176.19000244140625,171.82000732421875,173.60000610351562,49585200,GOOGL
2024-07-25,166.0000457763672,167.27999877929688,173.4199981689453,167.19000244140625,172.52000427246094,44852000,GOOGL
2024-07-26,165.72218322753906,167.0,168.08999633789062,164.05999755859375,167.14999389648438,41336900,GOOGL
2024-07-29,168.23281860351562,169.52999877929688,170.42999267578125,167.99000549316406,168.8300018310547,20293800,GOOGL
2024-07-30,168.98699951171875,170.2899932861328,171.22999572753906,168.44000244140625,170.24000549316406,18959700,GOOGL
2024-07-31,170.22743225097656,171.5399932861328,174.25,170.00999450683594,173.24000549316406,25729100,GOOGL
2024-08-01,169.45338439941406,170.75999450683594,174.0500030517578,168.8800048828125,170.25,24531400,GOOGL
2024-08-02,165.38478088378906,166.66000366210938,168.50999450683594,164.6699981689453,166.44000244140625,29130100,GOOGL
2024-08-05,158.03147888183594,159.25,164.42999267578125,154.92999267578125,155.5,53630700,GOOGL
2024-08-06,157.0788116455078,158.2899932861328,160.57000732421875,156.41000366210938,159.3300018310547,49004600,GOOGL
2024-08-07,157.7238311767578,158.94000244140625,162.97999572753906,158.47000122070312,161.25,25138600,GOOGL
2024-08-08,160.79019165039062,162.02999877929688,163.69000244140625,160.2100067138672,160.50999450683594,25578800,GOOGL
2024-08-09,162.41763305664062,163.6699981689453,163.7899932861328,159.05999755859375,160.00999450683594,28602300,GOOGL
2024-08-12,161.04818725585938,162.2899932861328,164.89999389648438,161.83999633789062,164.35000610351562,15895300,GOOGL
2024-08-13,162.90391540527344,164.16000366210938,164.72999572753906,162.97000122070312,163.41000366210938,18551700,GOOGL
2024-08-14,159.1428985595703,160.3699951171875,163.22000122070312,157.7100067138672,162.39999389648438,40591100,GOOGL
2024-08-15,160.0657958984375,161.3000030517578,161.63999938964844,159.61000061035156,160.5,31524300,GOOGL
2024-08-16,161.71310424804688,162.9600067138672,165.05999755859375,161.1300048828125,161.47000122070312,24208600,GOOGL
2024-08-19,165.3946990966797,166.6699981689453,166.69000244140625,164.25999450683594,165.27999877929688,22416200,GOOGL
2024-08-20,165.90078735351562,167.17999267578125,168.63999938964844,166.82000732421875,166.89999389648438,18341500,GOOGL
2024-08-21,164.5809783935547,165.85000610351562,166.85000610351562,164.6699981689453,165.14999389648438,22902000,GOOGL
2024-08-22,162.54664611816406,163.8000030517578,167.58999633789062,163.30999755859375,167.25999450683594,22493300,GOOGL
2024-08-23,164.35272216796875,165.6199951171875,166.17999267578125,163.8300018310547,164.72000122070312,13955700,GOOGL
2024-08-26,164.8885955810547,166.16000366210938,167.5500030517578,164.4600067138672,166.3800048828125,14190400,GOOGL
2024-08-27,163.41990661621094,164.67999267578125,166.44000244140625,164.4600067138672,165.83999633789062,11821900,GOOGL
2024-08-28,161.60394287109375,162.85000610351562,165.60000610351562,161.52999877929688,165.0399932861328,16407400,GOOGL
2024-08-29,160.54209899902344,161.77999877929688,165.97000122070312,160.25,164.30999755859375,19699800,GOOGL
2024-08-30,162.12986755371094,163.3800048828125,163.66000366210938,161.69000244140625,162.6199951171875,22123800,GOOGL
2024-09-03,156.15594482421875,157.36000061035156,161.85000610351562,156.47999572753906,161.72000122070312,38945300,GOOGL
2024-09-04,155.25289916992188,156.4499969482422,159.0,155.9600067138672,156.66000366210938,19353800,GOOGL
2024-09-05,156.036865234375,157.24000549316406,159.4499969482422,155.97999572753906,156.3000030517578,18688700,GOOGL
2024-09-06,149.7652130126953,150.9199981689453,157.8300018310547,150.5500030517578,157.3000030517578,37912100,GOOGL
2024-09-09,147.7679443359375,148.7100067138672,153.39999389648438,147.22000122070312,152.50999450683594,39260500,GOOGL
2024-09-10,147.71826171875,148.66000366210938,151.27000427246094,148.33999633789062,150.4499969482422,31118800,GOOGL
2024-09-11,150.20242309570312,151.16000366210938,151.5,147.52000427246094,149.9199981689453,29607700,GOOGL
2024-09-12,153.71005249023438,154.69000244140625,154.82000732421875,152.64999389648438,153.8000030517578,29621500,GOOGL
2024-09-13,156.46250915527344,157.4600067138672,158.3800048828125,155.2100067138672,155.42999267578125,29591200,GOOGL
2024-09-16,157.0587158203125,158.05999755859375,158.25,156.60000610351562,157.30999755859375,18379800,GOOGL
2024-09-17,158.3107452392578,159.32000732421875,160.5500030517578,158.3800048828125,159.02000427246094,20715600,GOOGL
2024-09-18,158.79762268066406,159.80999755859375,160.5,158.60000610351562,159.86000061035156,23677300,GOOGL
2024-09-19,161.11288452148438,162.13999938964844,163.7899932861328,161.33999633789062,163.7100067138672,26587700,GOOGL
2024-09-20,162.55368041992188,163.58999633789062,163.72999572753906,162.05999755859375,163.5,40896400,GOOGL
2024-09-23,160.82469177246094,161.85000610351562,165.49000549316406,161.6699981689453,164.35000610351562,24150900,GOOGL
2024-09-24,161.2618865966797,162.2899932861328,163.22000122070312,160.69000244140625,163.02999877929688,23332100,GOOGL
2024-09-25,160.4669647216797,161.49000549316406,162.80999755859375,161.3000030517578,161.47000122070312,18869200,GOOGL
2024-09-26,161.69911193847656,162.72999572753906,164.0800018310547,162.27999877929688,163.63999938964844,20319300,GOOGL
2024-09-27,162.91139221191406,163.9499969482422,165.6999969482422,162.6300048828125,162.80999755859375,21101300,GOOGL
2024-09-30,164.7993621826172,165.85000610351562,166.14999389648438,163.25999450683594,163.32000732421875,20413900,GOOGL
2024-10-01,165.93214416503906,166.99000549316406,169.16000366210938,164.5800018310547,167.69000244140625,28338100,GOOGL
2024-10-02,164.80929565429688,165.86000061035156,167.52000427246094,164.72999572753906,166.4199981689453,17760200,GOOGL
2024-10-03,164.80929565429688,165.86000061035156,166.63999938964844,163.9199981689453,164.41000366210938,15073100,GOOGL
2024-10-04,166.00169372558594,167.05999755859375,168.22999572753906,165.47999572753906,168.05999755859375,19047400,GOOGL
2024-10-07,161.9475555419922,162.97999572753906,168.47999572753906,162.75,167.72000122070312,22463100,GOOGL
2024-10-08,163.33868408203125,164.3800048828125,164.72999572753906,162.8699951171875,163.94000244140625,23072700,GOOGL
2024-10-09,160.83465576171875,161.86000061035156,164.83999633789062,159.74000549316406,163.4499969482422,31181800,GOOGL
2024-10-10,161.05322265625,162.0800018310547,163.07000732421875,160.39999389648438,160.8699951171875,14144100,GOOGL
2024-10-11,162.20590209960938,163.24000549316406,163.89999389648438,161.24000549316406,162.1300048828125,15344300,GOOGL
2024-10-14,163.91500854492188,164.9600067138672,166.22999572753906,163.39999389648438,163.63999938964844,19016100,GOOGL
2024-10-15,164.41183471679688,165.4600067138672,167.67999267578125,164.6300048828125,165.7899932861328,20247200,GOOGL
2024-10-16,164.11373901367188,165.16000366210938,165.8000030517578,163.74000549316406,164.52999877929688,16406000,GOOGL
2024-10-17,161.89784240722656,162.92999267578125,166.3699951171875,162.75999450683594,165.72999572753906,21453400,GOOGL
2024-10-18,162.384765625,163.4199981689453,164.7100067138672,163.0800018310547,163.19000244140625,19757700,GOOGL
2024-10-21,163.03062438964844,164.07000732421875,164.5,162.6199951171875,162.9499969482422,20946500,GOOGL
2024-10-22,164.0938720703125,165.13999938964844,165.77000427246094,162.97999572753906,162.97999572753906,16568100,GOOGL
2024-10-23,161.74880981445312,162.77999877929688,165.82000732421875,161.92999267578125,164.75999450683594,18280500,GOOGL
2024-10-24,161.68917846679688,162.72000122070312,163.3300018310547,161.00999450683594,162.8300018310547,22412500,GOOGL
2024-10-25,164.2230224609375,165.27000427246094,165.58999633789062,163.4199981689453,163.6699981689453,19828900,GOOGL
2024-10-28,165.66384887695312,166.72000122070312,168.75,163.9499969482422,168.75,32138600,GOOGL
2024-10-29,168.60508728027344,169.67999267578125,170.3800048828125,167.08999633789062,167.72999572753906,42169000,GOOGL
2024-10-30,173.35484313964844,174.4600067138672,182.02000427246094,174.05999755859375,180.67999267578125,68890800,GOOGL
2024-10-31,170.02603149414062,171.11000061035156,176.82000732421875,171.0,173.1300048828125,44769000,GOOGL
2024-11-01,170.20489501953125,171.2899932861328,172.32000732421875,168.8800048828125,170.07000732421875,31796500,GOOGL
2024-11-04,168.1678924560547,169.24000549316406,170.72999572753906,168.00999450683594,169.92999267578125,21492700,GOOGL
2024-11-05,168.66473388671875,169.74000549316406,170.52999877929688,168.83999633789062,169.42999267578125,18242100,GOOGL
2024-11-06,175.39181518554688,176.50999450683594,176.94000244140625,173.5,173.8000030517578,33695500,GOOGL
2024-11-07,179.60498046875,180.75,181.0800018310547,177.19000244140625,177.41000366210938,25352900,GOOGL
2024-11-08,177.22019958496094,178.35000610351562,180.89999389648438,178.0800018310547,180.64999389648438,22006200,GOOGL
2024-11-11,179.20750427246094,180.35000610351562,180.5500030517578,178.47000122070312,178.5800018310547,17450400,GOOGL
2024-11-12,180.46946716308594,181.6199951171875,182.49000549316406,179.38999938964844,179.82000732421875,25134900,GOOGL
2024-11-13,177.74681091308594,178.8800048828125,180.9600067138672,178.5399932861328,180.4600067138672,23184000,GOOGL
2024-11-14,174.4677276611328,175.5800018310547,178.82000732421875,174.32000732421875,178.27999877929688,31007500,GOOGL
2024-11-15,171.39730834960938,172.49000549316406,174.13999938964844,171.22000122070312,173.72999572753906,32504600,GOOGL
2024-11-18,174.18951416015625,175.3000030517578,175.44000244140625,172.89999389648438,173.4199981689453,20135300,GOOGL
2024-11-19,176.99163818359375,178.1199951171875,178.8699951171875,173.55999755859375,173.72000122070312,23434900,GOOGL
2024-11-20,174.86517333984375,175.97999572753906,177.67999267578125,173.77999877929688,177.33999633789062,18997100,GOOGL
2024-11-21,166.56809997558594,167.6300048828125,174.1300048828125,163.6999969482422,173.89999389648438,59734400,GOOGL
2024-11-22,163.71624755859375,164.75999450683594,166.4600067138672,163.89999389648438,165.85000610351562,38604600,GOOGL
2024-11-25,166.5879364013672,167.64999389648438,168.6300048828125,165.61000061035156,166.08999633789062,33135300,GOOGL
2024-11-26,168.04864501953125,169.1199951171875,169.82000732421875,167.5800018310547,167.6300048828125,20486700,GOOGL
2024-11-27,168.15794372558594,169.22999572753906,169.47999572753906,168.02000427246094,169.0,19266500,GOOGL
2024-11-29,167.8797149658203,168.9499969482422,169.42999267578125,167.16000366210938,168.5,14257200,GOOGL
2024-12-02,170.4036407470703,171.49000549316406,172.0800018310547,168.57000732421875,168.77000427246094,23789100,GOOGL
2024-12-03,170.25457763671875,171.33999633789062,172.67999267578125,170.85000610351562,171.49000549316406,22248700,GOOGL
2024-12-04,173.26536560058594,174.3699951171875,174.91000366210938,171.05999755859375,171.14999389648438,31615100,GOOGL
2024-12-05,171.54635620117188,172.63999938964844,176.05999755859375,172.3300018310547,175.36000061035156,21356200,GOOGL
2024-12-06,173.60324096679688,174.7100067138672,175.0800018310547,171.86000061035156,172.02999877929688,21462400,GOOGL
2024-12-09,174.458740234375,175.3699951171875,176.25999450683594,173.64999389648438,173.9600067138672,25389600,GOOGL
2024-12-10,184.2078399658203,185.1699981689453,186.36000061035156,181.0500030517578,182.85000610351562,54813000,GOOGL
2024-12-11,194.3846893310547,195.39999389648438,195.61000061035156,184.85000610351562,185.30999755859375,67894100,GOOGL
2024-12-12,190.96258544921875,191.9600067138672,195.17999267578125,191.7100067138672,195.0,34817500,GOOGL
2024-12-13,188.83367919921875,189.82000732421875,192.72999572753906,189.63999938964844,191.00999450683594,25143500,GOOGL
2024-12-16,195.63815307617188,196.66000366210938,199.0,192.6199951171875,192.8699951171875,44934900,GOOGL
2024-12-17,194.4045867919922,195.4199981689453,201.4199981689453,194.97999572753906,197.25,43504000,GOOGL
2024-12-18,187.42108154296875,188.39999389648438,197.0,187.74000549316406,195.22000122070312,34166100,GOOGL
2024-12-19,187.53048706054688,188.50999450683594,193.02999877929688,188.3800048828125,191.6300048828125,32265200,GOOGL
2024-12-20,190.41542053222656,191.41000366210938,192.88999938964844,185.22000122070312,185.77999877929688,63462900,GOOGL
2024-12-23,193.6186981201172,194.6300048828125,195.10000610351562,190.14999389648438,192.6199951171875,25675000,GOOGL
2024-12-24,195.0909881591797,196.11000061035156,196.11000061035156,193.77999877929688,194.83999633789062,10403300,GOOGL
2024-12-26,194.58364868164062,195.60000610351562,196.75,194.3800048828125,195.14999389648438,12046600,GOOGL
2024-12-27,191.75839233398438,192.75999450683594,195.32000732421875,190.64999389648438,194.9499969482422,18891400,GOOGL
2024-12-30,190.24630737304688,191.24000549316406,192.5500030517578,189.1199951171875,189.8000030517578,14264700,GOOGL
2024-12-31,188.3163604736328,189.3000030517578,191.9600067138672,188.50999450683594,191.0800018310547,17466900,GOOGL
2025-01-02,188.44570922851562,189.42999267578125,192.0,187.5,190.64999389648438,20370800,GOOGL
2025-01-03,190.79344177246094,191.7899932861328,193.2100067138672,189.97999572753906,191.3699951171875,18596200,GOOGL
2025-01-06,195.8470458984375,196.8699951171875,198.22000122070312,193.85000610351562,193.97999572753906,29563600,GOOGL
2025-01-07,194.47422790527344,195.49000549316406,201.0,194.60000610351562,197.11000061035156,26487200,GOOGL
2025-01-08,192.9422149658203,193.9499969482422,196.2899932861328,192.3800048828125,192.57000732421875,24864800,GOOGL
2025-01-10,191.04212951660156,192.0399932861328,196.52000427246094,190.30999755859375,194.3000030517578,26665200,GOOGL
2025-01-13,190.01748657226562,191.00999450683594,191.17999267578125,187.36000061035156,190.07000732421875,21823700,GOOGL
2025-01-14,188.6745147705078,189.66000366210938,191.97999572753906,188.30999755859375,191.24000549316406,17174900,GOOGL
2025-01-15,194.53390502929688,195.5500030517578,196.36000061035156,191.86000061035156,193.08999633789062,21776000,GOOGL
2025-01-16,191.90762329101562,192.91000366210938,195.47999572753906,192.80999755859375,194.13999938964844,17815400,GOOGL
2025-01-17,194.98155212402344,196.0,197.22999572753906,193.75,196.52999877929688,27735100,GOOGL
2025-01-21,197.02090454101562,198.0500030517578,202.2899932861328,197.8699951171875,199.07000732421875,29971300,GOOGL
2025-01-22,197.33924865722656,198.3699951171875,200.47999572753906,197.52999877929688,199.05999755859375,26200600,GOOGL
2025-01-23,196.95127868652344,197.97999572753906,200.3000030517578,195.1999969482422,198.13999938964844,26951400,GOOGL
2025-01-24,199.16969299316406,200.2100067138672,200.89999389648438,198.0,198.10000610351562,23877500,GOOGL
2025-01-27,190.81333923339844,191.80999755859375,196.8800048828125,190.72999572753906,192.41000366210938,41728900,GOOGL
2025-01-28,194.28521728515625,195.3000030517578,195.47999572753906,190.67999267578125,192.75,24157900,GOOGL
2025-01-29,194.39463806152344,195.41000366210938,196.7899932861328,193.42999267578125,195.55999755859375,18218300,GOOGL
2025-01-30,199.82627868652344,200.8699951171875,201.39999389648438,197.6699981689453,198.0,24354700,GOOGL
2025-01-31,202.9599151611328,204.02000427246094,205.47999572753906,201.8000030517578,202.0,32001100,GOOGL
2025-02-03,200.18441772460938,201.22999572753906,203.75,200.10000610351562,200.69000244140625,27838300,GOOGL
2025-02-04,205.30764770507812,206.3800048828125,207.0500030517578,202.80999755859375,203.38999938964844,43856400,GOOGL
2025-02-05,190.33584594726562,191.3300018310547,192.75,188.02999877929688,191.07000732421875,70373900,GOOGL
2025-02-06,190.6044464111328,191.60000610351562,192.10000610351562,188.72000122070312,189.5,29297400,GOOGL
2025-02-07,184.376953125,185.33999633789062,191.17999267578125,183.24000549316406,191.0500030517578,49315000,GOOGL
2025-02-10,185.5010986328125,186.47000122070312,188.1999969482422,185.86000061035156,187.35000610351562,23105600,GOOGL
2025-02-11,184.35707092285156,185.32000732421875,186.94000244140625,184.27999877929688,185.02999877929688,21239500,GOOGL
2025-02-12,182.6559600830078,183.61000061035156,185.11000061035156,181.8300018310547,183.22000122070312,22072600,GOOGL
2025-02-13,185.1728057861328,186.13999938964844,186.27999877929688,183.13999938964844,184.32000732421875,21402500,GOOGL
2025-02-14,184.2675323486328,185.22999572753906,186.39999389648438,184.32000732421875,185.05999755859375,20448400,GOOGL
2025-02-18,182.81512451171875,183.77000427246094,185.9600067138672,181.74000549316406,185.60000610351562,29916700,GOOGL
2025-02-19,184.3073272705078,185.27000427246094,185.4600067138672,183.58999633789062,184.07000732421875,19549400,GOOGL
2025-02-20,183.60101318359375,184.55999755859375,185.30999755859375,182.72000122070312,184.8000030517578,20441500,GOOGL
2025-02-21,178.7264862060547,179.66000366210938,185.33999633789062,179.0800018310547,185.14999389648438,35199200,GOOGL
2025-02-24,178.31861877441406,179.25,183.1199951171875,178.88999938964844,181.99000549316406,29854200,GOOGL
2025-02-25,174.50851440429688,175.4199981689453,178.74000549316406,174.69000244140625,178.0399932861328,41913400,GOOGL
2025-02-26,171.83250427246094,172.72999572753906,176.0800018310547,171.5800018310547,175.07000732421875,35431300,GOOGL
2025-02-27,167.6244659423828,168.5,174.55999755859375,167.94000244140625,173.99000549316406,39991000,GOOGL
2025-02-28,169.39520263671875,170.27999877929688,170.61000061035156,166.77000427246094,168.67999267578125,48130600,GOOGL
2025-03-03,166.14219665527344,167.00999450683594,173.3699951171875,165.92999267578125,171.92999267578125,40770500,GOOGL
2025-03-04,170.03189086914062,170.9199981689453,173.2899932861328,165.8000030517578,166.24000549316406,45388000,GOOGL
2025-03-05,172.12098693847656,173.02000427246094,173.77999877929688,169.05999755859375,170.52000427246094,30954900,GOOGL
2025-03-06,171.45445251464844,172.35000610351562,174.80999755859375,170.5,170.52999877929688,28302000,GOOGL
2025-03-07,172.9566192626953,173.86000061035156,174.97000122070312,170.27000427246094,171.25999450683594,27385800,GOOGL
2025-03-10,165.1981658935547,165.8699951171875,168.4600067138672,163.69000244140625,168.25999450683594,43604000,GOOGL
2025-03-11,163.37559509277344,164.0399932861328,166.75,161.3699951171875,164.91000366210938,39587400,GOOGL
2025-03-12,166.43313598632812,167.11000061035156,167.63999938964844,163.52999877929688,166.5800018310547,28372400,GOOGL
2025-03-13,162.10076904296875,162.75999450683594,166.1300048828125,162.11000061035156,166.0399932861328,31756200,GOOGL
2025-03-14,164.81971740722656,165.49000549316406,166.49000549316406,162.4499969482422,163.27000427246094,31995900,GOOGL
2025-03-17,163.6245574951172,164.2899932861328,166.3000030517578,163.6699981689453,165.02999877929688,31184300,GOOGL
2025-03-18,160.01922607421875,160.6699981689453,164.25,156.72000122070312,163.67999267578125,42074800,GOOGL
2025-03-19,163.2261962890625,163.88999938964844,165.8699951171875,161.0,161.75999450683594,34275600,GOOGL
2025-03-20,162.14059448242188,162.8000030517578,164.88999938964844,160.9600067138672,161.57000732421875,28138500,GOOGL
2025-03-21,163.3258056640625,163.99000549316406,164.24000549316406,160.88999938964844,161.2100067138672,36625800,GOOGL
2025-03-24,167.00083923339844,167.67999267578125,168.32000732421875,165.13999938964844,167.07000732421875,30879100,GOOGL
2025-03-25,169.8691864013672,170.55999755859375,170.6300048828125,168.32000732421875,168.97999572753906,24174400,GOOGL
2025-03-26,164.39144897460938,165.05999755859375,169.61000061035156,164.83999633789062,169.0,28901600,GOOGL
2025-03-27,161.58287048339844,162.24000549316406,165.4199981689453,162.0,164.6300048828125,24508300,GOOGL
2025-03-28,153.70489501953125,154.3300018310547,161.82000732421875,153.6300048828125,160.49000549316406,48669300,GOOGL
2025-03-31,154.01364135742188,154.63999938964844,155.5399932861328,150.66000366210938,153.11000061035156,54603500,GOOGL
2025-04-01,156.43380737304688,157.07000732421875,158.10000610351562,153.6199951171875,153.6199951171875,30672900,GOOGL
2025-04-02,156.40391540527344,157.0399932861328,158.41000366210938,154.6999969482422,155.14999389648438,25041700,GOOGL
2025-04-03,150.1095428466797,150.72000122070312,152.77999877929688,150.38999938964844,151.11000061035156,46883400,GOOGL
2025-04-04,145.01026916503906,145.60000610351562,151.07000732421875,145.3800048828125,148.00999450683594,62259500,GOOGL
2025-04-07,146.1555938720703,146.75,152.85000610351562,140.52999877929688,141.5500030517578,76794100,GOOGL
2025-04-08,144.11390686035156,144.6999969482422,152.24000549316406,143.02999877929688,151.22000122070312,52200200,GOOGL
2025-04-09,158.06716918945312,158.7100067138672,159.5500030517578,143.91000366210938,144.4199981689453,70406200,GOOGL
2025-04-10,152.20103454589844,152.82000732421875,157.72000122070312,149.92999267578125,156.5399932861328,48022000,GOOGL
2025-04-11,156.50352478027344,157.13999938964844,157.6699981689453,152.82000732421875,152.89999389648438,33636200,GOOGL
2025-04-14,158.4257049560547,159.07000732421875,161.72000122070312,157.55999755859375,160.0,30333000,GOOGL
2025-04-15,155.67689514160156,156.30999755859375,159.64999389648438,155.2100067138672,159.1300048828125,27551500,GOOGL
2025-04-16,152.70896911621094,153.3300018310547,155.88999938964844,151.50999450683594,153.10000610351562,28187400,GOOGL
2025-04-17,150.54776000976562,151.16000366210938,154.67999267578125,148.5,154.2899932861328,33046600,GOOGL
2025-04-21,147.07188415527344,147.6699981689453,148.9499969482422,146.10000610351562,148.8800048828125,26049100,GOOGL
2025-04-22,150.8564910888672,151.47000122070312,152.19000244140625,148.5399932861328,148.88999938964844,26971800,GOOGL
2025-04-23,154.72079467773438,155.35000610351562,157.52999877929688,153.80999755859375,155.61000061035156,31128800,GOOGL
2025-04-24,158.63487243652344,159.27999877929688,159.58999633789062,155.7899932861328,156.14999389648438,45894000,GOOGL
2025-04-25,161.3040008544922,161.9600067138672,166.10000610351562,161.0399932861328,165.07000732421875,56034000,GOOGL
2025-04-28,159.95947265625,160.61000061035156,163.14999389648438,158.60000610351562,162.42999267578125,29745800,GOOGL
2025-04-29,159.51129150390625,160.16000366210938,160.74000549316406,157.52000427246094,160.32000732421875,26809000,GOOGL
2025-04-30,158.1568145751953,158.8000030517578,159.27000427246094,155.39999389648438,157.97999572753906,34981100,GOOGL
2025-05-01,160.64669799804688,161.3000030517578,161.9499969482422,158.91000366210938,160.4499969482422,30203200,GOOGL
2025-05-02,163.36561584472656,164.02999877929688,164.97000122070312,161.8699951171875,163.41000366210938,25715000,GOOGL
2025-05-05,163.54489135742188,164.2100067138672,165.38999938964844,162.72000122070312,163.0,21341800,GOOGL
2025-05-06,162.56884765625,163.22999572753906,164.8000030517578,161.19000244140625,162.1699981689453,21277200,GOOGL
2025-05-07,150.76686096191406,151.3800048828125,165.0,147.83999633789062,164.0800018310547,127490100,GOOGL
2025-05-08,153.65509033203125,154.27999877929688,155.92999267578125,152.89999389648438,155.0,57498700,GOOGL
2025-05-09,152.13131713867188,152.75,155.0500030517578,152.1999969482422,154.1699981689453,32435300,GOOGL
2025-05-12,157.8181915283203,158.4600067138672,159.10000610351562,156.25,157.49000549316406,44138800,GOOGL
2025-05-13,158.8838348388672,159.52999877929688,160.57000732421875,156.16000366210938,158.7899932861328,42382100,GOOGL
2025-05-14,164.70021057128906,165.3699951171875,167.0,159.61000061035156,159.9600067138672,48755900,GOOGL
2025-05-15,163.29591369628906,163.9600067138672,166.2100067138672,162.3699951171875,165.83999633789062,33146700,GOOGL
2025-05-16,165.51687622070312,166.19000244140625,169.35000610351562,165.6199951171875,167.72999572753906,42846900,GOOGL
2025-05-19,165.86546325683594,166.5399932861328,166.63999938964844,164.22000122070312,164.50999450683594,30426100,GOOGL
2025-05-20,163.31582641601562,163.97999572753906,168.5,162.89999389648438,166.42999267578125,46607700,GOOGL
2025-05-21,167.8772735595703,168.55999755859375,173.13999938964844,163.55999755859375,163.69000244140625,73416000,GOOGL
2025-05-22,170.1779022216797,170.8699951171875,176.77000427246094,170.7100067138672,171.85000610351562,74864400,GOOGL
2025-05-23,167.78762817382812,168.47000122070312,169.9600067138672,167.88999938964844,169.05999755859375,35211400,GOOGL
2025-05-27,172.19969177246094,172.89999389648438,173.1699981689453,170.0,170.16000366210938,37995700,GOOGL
2025-05-28,171.66188049316406,172.36000061035156,175.27000427246094,171.91000366210938,173.16000366210938,34784000,GOOGL
2025-05-29,171.16392517089844,171.86000061035156,174.4199981689453,170.6300048828125,174.0,29317300,GOOGL
2025-05-30,171.04440307617188,171.74000549316406,172.2100067138672,167.44000244140625,171.35000610351562,52639900,GOOGL
2025-06-02,168.34536743164062,169.02999877929688,169.8699951171875,167.38999938964844,167.83999633789062,38612300,GOOGL
2025-06-03,165.5069122314453,166.17999267578125,168.47999572753906,165.27999877929688,167.49000549316406,45084900,GOOGL
2025-06-04,167.3693389892578,168.0500030517578,168.22000122070312,166.36000061035156,166.74000549316406,26900800,GOOGL
2025-06-05,167.5286865234375,168.2100067138672,170.92999267578125,167.58999633789062,170.33999633789062,36379100,GOOGL
2025-06-06,172.9765167236328,173.67999267578125,174.5,170.8300018310547,170.8300018310547,35731800,GOOGL
2025-06-09,175.58908081054688,176.08999633789062,176.47000122070312,174.3699951171875,174.5399932861328,28935900,GOOGL
2025-06-10,178.09194946289062,178.60000610351562,181.11000061035156,174.91000366210938,176.1999969482422,61766100,GOOGL
2025-06-11,176.8455047607422,177.35000610351562,180.3699951171875,176.75,179.77000427246094,31646800,GOOGL
2025-06-12,175.20018005371094,175.6999969482422,176.72000122070312,174.75,176.17999267578125,20941900,GOOGL
2025-06-13,174.17312622070312,174.6699981689453,177.1300048828125,172.38999938964844,172.44000244140625,27663100,GOOGL
2025-06-16,176.26715087890625,176.77000427246094,176.94000244140625,174.64999389648438,174.72999572753906,27389200,GOOGL
2025-06-17,175.44949340820312,175.9499969482422,177.36000061035156,174.5800018310547,175.6999969482422,24973000,GOOGL
2025-06-18,172.8269805908203,173.32000732421875,176.55999755859375,173.1999969482422,176.00999450683594,28707500,GOOGL
2025-06-20,166.1659698486328,166.63999938964844,174.33999633789062,165.4600067138672,173.9499969482422,75659900,GOOGL
2025-06-23,164.72010803222656,165.19000244140625,167.33999633789062,162.0,166.27000427246094,57671000,GOOGL
2025-06-24,166.29559326171875,166.77000427246094,168.22000122070312,166.1300048828125,166.9199981689453,40524300,GOOGL
2025-06-25,170.19447326660156,170.67999267578125,172.36000061035156,167.5500030517578,167.6300048828125,35479000,GOOGL
2025-06-26,173.0463409423828,173.5399932861328,173.69000244140625,169.94000244140625,172.42999267578125,31796700,GOOGL
2025-06-27,178.0221405029297,178.52999877929688,178.67999267578125,171.72999572753906,173.5399932861328,108140200,GOOGL
2025-06-30,175.72869873046875,176.22999572753906,181.22999572753906,174.5800018310547,180.77999877929688,63378900,GOOGL
2025-07-01,175.3397979736328,175.83999633789062,176.08999633789062,173.52999877929688,175.74000549316406,35904500,GOOGL
2025-07-02,178.13182067871094,178.63999938964844,178.86000061035156,175.07000732421875,175.5399932861328,29128900,GOOGL
2025-07-03,179.01930236816406,179.52999877929688,179.6699981689453,177.0500030517578,178.5,21689700,GOOGL
2025-07-07,176.28709411621094,176.7899932861328,179.3000030517578,175.67999267578125,179.05999755859375,34175600,GOOGL
2025-07-08,173.864013671875,174.36000061035156,177.9499969482422,172.80999755859375,177.85000610351562,40442500,GOOGL
2025-07-09,176.11756896972656,176.6199951171875,179.44000244140625,172.77000427246094,175.25,43025600,GOOGL
2025-07-10,177.11471557617188,177.6199951171875,178.42999267578125,174.3800048828125,175.6300048828125,29252400,GOOGL
2025-07-11,179.67742919921875,180.19000244140625,181.42999267578125,176.47999572753906,176.7899932861328,34282900,GOOGL
2025-07-14,181.0435333251953,181.55999755859375,183.6699981689453,179.67999267578125,181.00999450683594,32536600,GOOGL
2025-07-15,181.48226928710938,182.0,184.22000122070312,181.60000610351562,182.80999755859375,33448300,GOOGL
2025-07-16,182.4495086669922,182.97000122070312,184.3300018310547,182.02999877929688,183.24000549316406,33104200,GOOGL
2025-07-17,183.0577850341797,183.5800018310547,184.05999755859375,180.47999572753906,182.13999938964844,31992600,GOOGL
2025-07-18,184.5335693359375,185.05999755859375,186.4199981689453,183.7100067138672,185.39999389648438,34014500,GOOGL
2025-07-21,189.55923461914062,190.10000610351562,190.2899932861328,186.14999389648438,186.25,45803100,GOOGL
2025-07-22,190.7957000732422,191.33999633789062,191.64999389648438,187.4600067138672,191.5,44660200,GOOGL
2025-07-23,189.68885803222656,190.22999572753906,192.52999877929688,189.17999267578125,191.5,58681900,GOOGL
2025-07-24,191.62335205078125,192.1699981689453,197.9499969482422,191.0,197.02999877929688,74881700,GOOGL
2025-07-25,192.63047790527344,193.17999267578125,194.3300018310547,191.25999450683594,191.97999572753906,39785900,GOOGL
2025-07-28,192.0321807861328,192.5800018310547,194.0500030517578,190.83999633789062,193.64999389648438,38139500,GOOGL
2025-07-29,195.1931610107422,195.75,195.9199981689453,192.0800018310547,192.42999267578125,41389200,GOOGL
2025-07-30,195.970947265625,196.52999877929688,197.60000610351562,194.69000244140625,195.60000610351562,32445400,GOOGL
2025-07-31,191.35411071777344,191.89999389648438,195.99000549316406,191.08999633789062,195.7100067138672,51329200,GOOGL
2025-08-01,188.5919952392578,189.1300048828125,190.8300018310547,187.82000732421875,189.02999877929688,34832200,GOOGL
2025-08-04,194.4851837158203,195.0399932861328,195.27000427246094,190.1199951171875,190.2899932861328,31547400,GOOGL
2025-08-05,194.11622619628906,194.6699981689453,197.86000061035156,193.88999938964844,194.7100067138672,31602300,GOOGL
2025-08-06,195.5321807861328,196.08999633789062,196.6300048828125,193.6699981689453,194.5,21562900,GOOGL
2025-08-07,195.9609832763672,196.52000427246094,197.5399932861328,194.3300018310547,197.05999755859375,26321800,GOOGL
2025-08-08,200.84701538085938,201.4199981689453,202.61000061035156,197.1699981689453,197.22000122070312,39161800,GOOGL
2025-08-11,200.42822265625,201.0,201.47999572753906,199.07000732421875,200.94000244140625,25832400,GOOGL
2025-08-12,202.76156616210938,203.33999633789062,204.5,200.58999633789062,201.3699951171875,30397900,GOOGL
2025-08-13,201.385498046875,201.9600067138672,204.52999877929688,197.50999450683594,204.1300048828125,28342900,GOOGL
2025-08-14,202.36270141601562,202.94000244140625,204.44000244140625,201.22999572753906,201.5,25230400,GOOGL
2025-08-15,203.31996154785156,203.89999389648438,206.44000244140625,201.27999877929688,203.85000610351562,34931400,GOOGL
2025-08-18,202.92111206054688,203.5,205.27000427246094,202.49000549316406,204.1999969482422,18526600,GOOGL
2025-08-19,200.99661254882812,201.57000732421875,203.44000244140625,199.9600067138672,203.02999877929688,24240200,GOOGL
2025-08-20,198.7530059814453,199.32000732421875,201.27999877929688,196.60000610351562,200.72999572753906,28955500,GOOGL
2025-08-21,199.18177795410156,199.75,202.47999572753906,199.42999267578125,199.75,19774600,GOOGL
2025-08-22,205.5037384033203,206.08999633789062,208.5399932861328,201.3000030517578,202.72999572753906,42827000,GOOGL
2025-08-25,207.89694213867188,208.49000549316406,210.52000427246094,205.27999877929688,206.42999267578125,29928900,GOOGL
2025-08-26,206.55075073242188,207.13999938964844,207.85000610351562,205.6999969482422,207.50999450683594,28464100,GOOGL
2025-08-27,206.88978576660156,207.47999572753906,208.91000366210938,205.64999389648438,205.6999969482422,23022900,GOOGL
2025-08-28,211.03794860839844,211.63999938964844,212.22000122070312,206.89999389648438,207.25,32339300,GOOGL
2025-08-29,212.3043670654297,212.91000366210938,214.64999389648438,210.1999969482422,210.50999450683594,39728400,GOOGL
2025-09-02,210.748779296875,211.35000610351562,211.67999267578125,206.1999969482422,208.44000244140625,47523000,GOOGL
2025-09-03,230.00384521484375,230.66000366210938,231.30999755859375,224.7899932861328,226.2100067138672,103336100,GOOGL
2025-09-04,231.63919067382812,232.3000030517578,232.3699951171875,226.11000061035156,229.64999389648438,51684200,GOOGL
2025-09-05,234.33151245117188,235.0,235.75999450683594,231.89999389648438,232.1999969482422,46588900,GOOGL
2025-09-08,233.5829620361328,234.0399932861328,238.1300048828125,233.6699981689453,235.47000122070312,32474700,GOOGL
2025-09-09,239.1620330810547,239.6300048828125,240.47000122070312,233.22999572753906,234.1699981689453,38061000,GOOGL
2025-09-10,238.70294189453125,239.1699981689453,241.66000366210938,237.85000610351562,238.89999389648438,35141100,GOOGL
2025-09-11,239.9005889892578,240.3699951171875,242.25,236.25,239.8800048828125,30599300,GOOGL
2025-09-12,240.32977294921875,240.8000030517578,242.0800018310547,238.0,240.3699951171875,26771600,GOOGL
2025-09-15,251.11866760253906,251.61000061035156,252.41000366210938,244.66000366210938,244.66000366210938,58383800,GOOGL
2025-09-16,250.66954040527344,251.16000366210938,253.0399932861328,249.47000122070312,252.0800018310547,34109700,GOOGL
2025-09-17,249.042724609375,249.52999877929688,251.60000610351562,246.27999877929688,251.22000122070312,34108000,GOOGL
2025-09-18,251.537841796875,252.02999877929688,253.99000549316406,249.8000030517578,251.67999267578125,31239500,GOOGL
2025-09-19,254.2225799560547,254.72000122070312,256.0,251.80999755859375,253.25,55571400,GOOGL
2025-09-22,252.036865234375,252.52999877929688,255.77999877929688,250.3000030517578,254.42999267578125,32290500,GOOGL
2025-09-23,251.16856384277344,251.66000366210938,254.36000061035156,250.47999572753906,253.0399932861328,26628000,GOOGL
2025-09-24,246.6573944091797,247.13999938964844,252.35000610351562,246.44000244140625,251.66000366210938,28201000,GOOGL
2025-09-25,245.3100128173828,245.7899932861328,246.49000549316406,240.74000549316406,244.39999389648438,31020400,GOOGL
2025-09-26,246.0585479736328,246.5399932861328,249.4199981689453,245.97000122070312,247.07000732421875,18503200,GOOGL
2025-09-29,243.5734100341797,244.0500030517578,251.14999389648438,242.77000427246094,247.85000610351562,32505800,GOOGL
2025-09-30,242.6252899169922,243.10000610351562,243.2899932861328,239.25,242.80999755859375,34724300,GOOGL
2025-10-01,244.4217529296875,244.89999389648438,246.3000030517578,238.61000061035156,240.75,31658200,GOOGL
2025-10-02,245.210205078125,245.69000244140625,246.80999755859375,242.3000030517578,245.14999389648438,25483300,GOOGL
2025-10-03,244.8708953857422,245.35000610351562,246.3000030517578,241.66000366210938,244.49000549316406,30249600,GOOGL
2025-10-06,249.94094848632812,250.42999267578125,251.32000732421875,244.5800018310547,244.77999877929688,28894700,GOOGL
2025-10-07,245.2800750732422,245.75999450683594,250.44000244140625,245.52000427246094,248.27000427246094,23181300,GOOGL
2025-10-08,244.14230346679688,244.6199951171875,246.00999450683594,243.82000732421875,244.9600067138672,21307100,GOOGL
2025-10-09,241.05833435058594,241.52999877929688,244.75999450683594,239.14999389648438,244.47000122070312,27892100,GOOGL
2025-10-10,236.10801696777344,236.57000732421875,244.08999633789062,235.83999633789062,241.42999267578125,33180300,GOOGL
2025-10-13,243.6732177734375,244.14999389648438,244.5,239.7100067138672,240.2100067138672,24995000,GOOGL
2025-10-14,244.97068786621094,245.4499969482422,247.1199951171875,240.50999450683594,241.22999572753906,22111600,GOOGL
2025-10-15,250.53977966308594,251.02999877929688,252.11000061035156,245.99000549316406,247.25,27007700,GOOGL
2025-10-16,250.96896362304688,251.4600067138672,256.9599914550781,250.10000610351562,251.77000427246094,27997200,GOOGL
2025-10-17,252.80535888671875,253.3000030517578,254.22000122070312,247.80999755859375,250.75999450683594,29671600,GOOGL
2025-10-20,256.04901123046875,256.54998779296875,257.3299865722656,254.22999572753906,254.69000244140625,22350200,GOOGL
2025-10-21,249.97091674804688,250.4600067138672,254.8800048828125,244.14999389648438,254.74000549316406,47312100,GOOGL
2025-10-22,251.19850158691406,251.69000244140625,256.3599853515625,249.2899932861328,254.3699951171875,35029400,GOOGL
2025-10-23,252.58578491210938,253.0800018310547,255.0399932861328,251.85000610351562,252.97999572753906,19901400,GOOGL
2025-10-24,259.4124450683594,259.9200134277344,261.67999267578125,255.32000732421875,256.5799865722656,28655100,GOOGL
2025-10-27,268.7441711425781,269.2699890136719,270.1400146484375,264.2799987792969,264.82000732421875,35235200,GOOGL
2025-10-28,266.9476623535156,267.4700012207031,270.7300109863281,266.5,269.69000244140625,29738600,GOOGL
2025-10-29,274.0338134765625,274.57000732421875,275.3399963378906,267.6700134277344,267.75,43580300,GOOGL
2025-10-30,280.9303283691406,281.4800109863281,291.5899963378906,280.05999755859375,291.5899963378906,74876000,GOOGL
2025-10-31,280.6408996582031,281.19000244140625,286.0,277.0299987792969,283.2099914550781,39267900,GOOGL
2025-11-03,283.1659240722656,283.7200012207031,285.5299987792969,279.79998779296875,282.17999267578125,29786000,GOOGL
2025-11-04,276.9980163574219,277.5400085449219,281.2699890136719,276.260009765625,276.75,30078400,GOOGL
2025-11-05,283.75482177734375,284.30999755859375,286.4200134277344,277.3399963378906,278.8699951171875,31010300,GOOGL
2025-11-06,284.19390869140625,284.75,288.3500061035156,281.1400146484375,285.3299865722656,37173600,GOOGL
2025-11-07,278.2854919433594,278.8299865722656,283.7799987792969,275.19000244140625,283.2099914550781,34479600,GOOGL
2025-11-10,289.5334777832031,290.1000061035156,290.79998779296875,282.8599853515625,284.4200134277344,29557300,GOOGL
2025-11-11,290.7411193847656,291.30999755859375,291.9200134277344,287.32000732421875,287.75,19842100,GOOGL
2025-11-12,286.15008544921875,286.7099914550781,292.010009765625,283.69000244140625,291.67999267578125,24829900,GOOGL
2025-11-13,278.0260314941406,278.57000732421875,282.8399963378906,277.239990234375,282.3399963378906,29494000,GOOGL
2025-11-14,275.8702087402344,276.4100036621094,278.55999755859375,270.70001220703125,271.4100036621094,31647200,GOOGL
2025-11-17,284.4634094238281,285.0199890136719,293.95001220703125,283.57000732421875,285.7799987792969,52670200,GOOGL
2025-11-18,283.7248229980469,284.2799987792969,288.79998779296875,278.20001220703125,287.9200134277344,49158700,GOOGL
2025-11-19,292.2381896972656,292.80999755859375,303.80999755859375,286.6300048828125,287.1600036621094,68198900,GOOGL
2025-11-20,288.884765625,289.45001220703125,306.4200134277344,288.6700134277344,304.5400085449219,62025200,GOOGL
2025-11-21,299.0747985839844,299.6600036621094,303.9200134277344,293.8500061035156,296.4200134277344,74137700,GOOGL
2025-11-24,317.9578552246094,318.5799865722656,319.4800109863281,309.6000061035156,311.1300048828125,85165100,GOOGL
2025-11-25,322.8083801269531,323.44000244140625,328.8299865722656,317.6499938964844,326.2099914550781,88632100,GOOGL
2025-11-26,319.3252258300781,319.95001220703125,324.5,316.7900085449219,320.67999267578125,51373400,GOOGL
2025-11-28,319.55474853515625,320.17999267578125,326.8500061035156,316.7900085449219,323.3699951171875,26018600,GOOGL
2025-12-01,314.2751159667969,314.8900146484375,319.8500061035156,313.8900146484375,317.70001220703125,41183000,GOOGL
2025-12-02,315.1932678222656,315.80999755859375,318.3800048828125,313.9100036621094,316.739990234375,35854700,GOOGL
2025-12-03,319.0058288574219,319.6300048828125,321.5799865722656,314.1000061035156,315.8900146484375,41838300,GOOGL
2025-12-04,316.999755859375,317.6199951171875,322.3599853515625,314.70001220703125,322.2300109863281,31240900,GOOGL
2025-12-05,320.64263916015625,321.2699890136719,323.1600036621094,319.1700134277344,319.489990234375,28851700,GOOGL
2025-12-08,313.3121643066406,313.7200012207031,320.44000244140625,311.2200012207031,320.04998779296875,33909400,GOOGL
2025-12-09,316.66778564453125,317.0799865722656,317.989990234375,311.8999938964844,312.3699951171875,30194000,GOOGL
2025-12-10,319.7937316894531,320.2099914550781,321.30999755859375,314.67999267578125,315.8299865722656,33428900,GOOGL
2025-12-11,312.02386474609375,312.42999267578125,321.1199951171875,308.6000061035156,320.0799865722656,42353700,GOOGL
2025-12-12,308.887939453125,309.2900085449219,314.8699951171875,305.55999755859375,313.70001220703125,35940200,GOOGL
2025-12-15,307.8193359375,308.2200012207031,311.4200134277344,304.8800048828125,311.32000732421875,29151900,GOOGL
2025-12-16,306.1714782714844,306.57000732421875,310.7699890136719,302.5899963378906,304.95001220703125,30585000,GOOGL
2025-12-17,296.3342590332031,296.7200012207031,308.0899963378906,296.1199951171875,308.010009765625,43930400,GOOGL
2025-12-18,302.0668029785156,302.4599914550781,303.9599914550781,299.2300109863281,301.7200012207031,33518000,GOOGL
2025-12-19,306.7607116699219,307.1600036621094,307.25,300.9700012207031,301.7300109863281,59943200,GOOGL
2025-12-22,309.3773193359375,309.7799987792969,310.1300048828125,305.29998779296875,309.8800048828125,26429900,GOOGL
2025-12-23,313.94134521484375,314.3500061035156,314.94000244140625,309.32000732421875,309.6300048828125,25478700,GOOGL
2025-12-24,313.6816711425781,314.0899963378906,315.0799865722656,311.9200134277344,314.7699890136719,10097400,GOOGL
2025-12-26,313.10247802734375,313.510009765625,315.0899963378906,312.2799987792969,314.4800109863281,10899000,GOOGL
2025-12-29,313.15240478515625,313.55999755859375,314.0199890136719,310.6199951171875,311.3699951171875,19621800,GOOGL
2025-12-30,313.4420166015625,313.8500061035156,316.95001220703125,312.4599914550781,312.5,17380900,GOOGL
