date,adj_close,close,high,low,open,volume,symbol
2020-01-02,151.82955932617188,160.6199951171875,160.72999572753906,158.3300018310547,158.77999877929688,22622100,MSFT
2020-01-03,149.93899536132812,158.6199951171875,159.9499969482422,158.05999755859375,158.32000732421875,21116200,MSFT
2020-01-06,150.32656860351562,159.02999877929688,159.10000610351562,156.50999450683594,157.0800018310547,20813700,MSFT
2020-01-07,148.95591735839844,157.5800018310547,159.6699981689453,157.32000732421875,159.32000732421875,21634100,MSFT
2020-01-08,151.32858276367188,160.08999633789062,160.8000030517578,157.9499969482422,158.92999267578125,27746500,MSFT
2020-01-09,153.2191162109375,162.08999633789062,162.22000122070312,161.02999877929688,161.83999633789062,21385000,MSFT
2020-01-10,152.5101776123047,161.33999633789062,163.22000122070312,161.17999267578125,162.82000732421875,20725900,MSFT
2020-01-13,154.34397888183594,163.27999877929688,163.30999755859375,161.25999450683594,161.75999450683594,21626500,MSFT
2020-01-14,153.25692749023438,162.1300048828125,163.60000610351562,161.72000122070312,163.38999938964844,23477400,MSFT
2020-01-15,154.24942016601562,163.17999267578125,163.94000244140625,162.57000732421875,162.6199951171875,21417900,MSFT
2020-01-16,157.07577514648438,166.1699981689453,166.24000549316406,164.02999877929688,164.35000610351562,23865400,MSFT
2020-01-17,157.95492553710938,167.10000610351562,167.47000122070312,165.42999267578125,167.4199981689453,34371700,MSFT
2020-01-21,157.38775634765625,166.5,168.19000244140625,166.42999267578125,166.67999267578125,29517200,MSFT
2020-01-22,156.63153076171875,165.6999969482422,167.49000549316406,165.67999267578125,167.39999389648438,24138800,MSFT
2020-01-23,157.59573364257812,166.72000122070312,166.8000030517578,165.27000427246094,166.19000244140625,19680800,MSFT
2020-01-24,156.00762939453125,165.0399932861328,167.52999877929688,164.4499969482422,167.50999450683594,24918100,MSFT
2020-01-27,153.3987579345703,162.27999877929688,163.3800048828125,160.1999969482422,161.14999389648438,32078100,MSFT
2020-01-28,156.40467834472656,165.4600067138672,165.75999450683594,163.07000732421875,163.77999877929688,24899900,MSFT
2020-01-29,158.84344482421875,168.0399932861328,168.75,165.69000244140625,167.83999633789062,34754500,MSFT
2020-01-30,163.32406616210938,172.77999877929688,174.0500030517578,170.7899932861328,174.0500030517578,51597500,MSFT
2020-01-31,160.9136199951172,170.22999572753906,172.39999389648438,169.5800018310547,172.2100067138672,36142700,MSFT
2020-02-03,164.83653259277344,174.3800048828125,174.5,170.39999389648438,170.42999267578125,30107000,MSFT
2020-02-04,170.26239013671875,180.1199951171875,180.63999938964844,176.30999755859375,177.13999938964844,36433300,MSFT
2020-02-05,170.05438232421875,179.89999389648438,184.1999969482422,178.41000366210938,184.02999877929688,39186300,MSFT
2020-02-06,173.58023071289062,183.6300048828125,183.82000732421875,180.05999755859375,180.97000122070312,27751400,MSFT
2020-02-07,173.82603454589844,183.88999938964844,185.6300048828125,182.47999572753906,182.85000610351562,33529100,MSFT
2020-02-10,178.37281799316406,188.6999969482422,188.83999633789062,183.25,183.5800018310547,35844300,MSFT
2020-02-11,174.345947265625,184.44000244140625,190.6999969482422,183.5,190.64999389648438,53159900,MSFT
2020-02-12,174.60116577148438,184.7100067138672,185.85000610351562,181.85000610351562,185.5800018310547,47062900,MSFT
2020-02-13,173.65589904785156,183.7100067138672,186.22999572753906,182.8699951171875,183.0800018310547,35295800,MSFT
2020-02-14,175.20614624023438,185.35000610351562,185.41000366210938,182.64999389648438,183.25,23149500,MSFT
2020-02-18,176.98326110839844,187.22999572753906,187.6999969482422,185.5,185.61000061035156,27792200,MSFT
2020-02-19,177.51405334472656,187.27999877929688,188.17999267578125,186.47000122070312,188.05999755859375,29997500,MSFT
2020-02-20,174.8031768798828,184.4199981689453,187.25,181.10000610351562,186.9499969482422,36862400,MSFT
2020-02-21,169.2771759033203,178.58999633789062,183.5,177.25,183.1699981689453,48572600,MSFT
2020-02-24,161.9787139892578,170.88999938964844,174.5500030517578,163.22999572753906,167.77000427246094,68311100,MSFT
2020-02-25,159.30580139160156,168.07000732421875,174.83999633789062,167.64999389648438,174.1999969482422,68073300,MSFT
2020-02-26,161.29624938964844,170.1699981689453,173.25999450683594,168.2100067138672,169.7100067138672,56206100,MSFT
2020-02-27,149.9314422607422,158.17999267578125,167.02999877929688,157.97999572753906,163.32000732421875,93174900,MSFT
2020-02-28,153.56179809570312,162.00999450683594,163.7100067138672,152.0,152.41000366210938,97012700,MSFT
2020-03-02,163.7796173095703,172.7899932861328,172.9199981689453,162.30999755859375,165.30999755859375,71030800,MSFT
2020-03-03,155.93138122558594,164.50999450683594,175.0,162.25999450683594,173.8000030517578,71677000,MSFT
2020-03-04,161.65647888183594,170.5500030517578,170.6999969482422,165.6199951171875,168.49000549316406,49814400,MSFT
2020-03-05,157.599609375,166.27000427246094,170.8699951171875,165.69000244140625,166.0500030517578,47817300,MSFT
2020-03-06,153.14474487304688,161.57000732421875,163.11000061035156,156.0,162.61000061035156,72821100,MSFT
2020-03-09,142.7657012939453,150.6199951171875,157.75,150.0,151.0,70419300,MSFT
2020-03-10,152.52859497070312,160.9199981689453,161.02999877929688,152.5800018310547,158.16000366210938,65354400,MSFT
2020-03-11,145.61875915527344,153.6300048828125,157.6999969482422,151.14999389648438,157.1300048828125,56371600,MSFT
2020-03-12,131.8085174560547,139.05999755859375,153.47000122070312,138.5800018310547,145.3000030517578,93226400,MSFT
2020-03-13,150.547607421875,158.8300018310547,161.91000366210938,140.72999572753906,147.5,92727400,MSFT
2020-03-16,128.35836791992188,135.4199981689453,149.35000610351562,135.0,140.0,87905900,MSFT
2020-03-17,138.9269256591797,146.57000732421875,147.5,135.0,140.0,81059800,MSFT
2020-03-18,133.0786590576172,140.39999389648438,146.0,135.02000427246094,138.0,81593200,MSFT
2020-03-19,135.26821899414062,142.7100067138672,150.14999389648438,139.0,142.77000427246094,85922700,MSFT
2020-03-20,130.18771362304688,137.35000610351562,147.10000610351562,135.86000061035156,146.0,84866200,MSFT
2020-03-23,128.88912963867188,135.97999572753906,140.57000732421875,132.52000427246094,137.00999450683594,78975200,MSFT
2020-03-24,140.60459899902344,148.33999633789062,149.60000610351562,141.27000427246094,143.75,82516700,MSFT
2020-03-25,139.25863647460938,146.9199981689453,154.3300018310547,144.44000244140625,148.91000366210938,75638200,MSFT
2020-03-26,147.96949768066406,156.11000061035156,156.66000366210938,148.3699951171875,148.39999389648438,64568100,MSFT
2020-03-27,141.8937225341797,149.6999969482422,154.88999938964844,149.1999969482422,151.75,57042300,MSFT
2020-03-30,151.8745574951172,160.22999572753906,160.60000610351562,150.00999450683594,152.44000244140625,63420300,MSFT
2020-03-31,149.48597717285156,157.7100067138672,164.77999877929688,156.55999755859375,159.39999389648438,77927200,MSFT
2020-04-01,144.1780242919922,152.11000061035156,157.75,150.82000732421875,153.0,57969900,MSFT
2020-04-02,147.16375732421875,155.25999450683594,155.47999572753906,150.36000061035156,151.86000061035156,49630700,MSFT
2020-04-03,145.80831909179688,153.8300018310547,157.3800048828125,152.19000244140625,155.10000610351562,41243300,MSFT
2020-04-06,156.65176391601562,165.27000427246094,166.5,157.5800018310547,160.32000732421875,67111700,MSFT
2020-04-07,154.96461486816406,163.49000549316406,170.0,163.25999450683594,169.58999633789062,62769000,MSFT
2020-04-08,156.5190887451172,165.1300048828125,166.6699981689453,163.5,165.6699981689453,48318200,MSFT
2020-04-09,156.528564453125,165.13999938964844,167.3699951171875,163.3300018310547,166.36000061035156,51385100,MSFT
2020-04-13,156.87924194335938,165.50999450683594,165.57000732421875,162.3000030517578,164.35000610351562,41905300,MSFT
2020-04-14,164.64215087890625,173.6999969482422,173.75,168.0,169.0,52874300,MSFT
2020-04-15,162.91709899902344,171.8800048828125,173.57000732421875,169.24000549316406,171.1999969482422,40940800,MSFT
2020-04-16,167.8079833984375,177.0399932861328,177.27999877929688,172.89999389648438,174.3000030517578,50479600,MSFT
2020-04-17,169.28665161132812,178.60000610351562,180.0,175.8699951171875,179.5,52765600,MSFT
2020-04-20,165.9312744140625,175.05999755859375,178.75,174.99000549316406,176.6300048828125,36669600,MSFT
2020-04-21,159.0688018798828,167.82000732421875,173.6699981689453,166.11000061035156,173.5,56203700,MSFT
2020-04-22,164.47154235839844,173.52000427246094,174.0,170.82000732421875,171.38999938964844,34620200,MSFT
2020-04-23,162.4810791015625,171.4199981689453,175.05999755859375,170.91000366210938,174.11000061035156,32790800,MSFT
2020-04-24,165.44786071777344,174.5500030517578,174.55999755859375,170.7100067138672,172.05999755859375,34277600,MSFT
2020-04-27,164.9739227294922,174.0500030517578,176.89999389648438,173.3000030517578,176.58999633789062,33194400,MSFT
2020-04-28,160.9550323486328,169.80999755859375,175.6699981689453,169.38999938964844,175.58999633789062,34392700,MSFT
2020-04-29,168.17767333984375,177.42999267578125,177.67999267578125,171.8800048828125,173.22000122070312,51286600,MSFT
2020-04-30,169.86483764648438,179.2100067138672,180.39999389648438,176.22999572753906,180.0,53875900,MSFT
2020-05-01,165.46681213378906,174.57000732421875,178.63999938964844,174.00999450683594,175.8000030517578,39370500,MSFT
2020-05-04,169.5141143798828,178.83999633789062,179.0,173.8000030517578,174.49000549316406,30372900,MSFT
2020-05-05,171.333984375,180.75999450683594,183.64999389648438,179.89999389648438,180.6199951171875,36839200,MSFT
2020-05-06,173.02120971679688,182.5399932861328,184.1999969482422,181.6300048828125,182.0800018310547,32139300,MSFT
2020-05-07,174.0259246826172,183.60000610351562,184.5500030517578,182.5800018310547,184.1699981689453,28316000,MSFT
2020-05-08,175.04962158203125,184.67999267578125,185.0,183.36000061035156,184.97999572753906,30877800,MSFT
2020-05-11,177.00218200683594,186.74000549316406,187.50999450683594,182.85000610351562,183.14999389648438,30892700,MSFT
2020-05-12,172.9927978515625,182.50999450683594,187.0399932861328,182.3000030517578,186.8000030517578,32038200,MSFT
2020-05-13,170.376708984375,179.75,184.0500030517578,176.5399932861328,182.5500030517578,44711500,MSFT
2020-05-14,171.1160125732422,180.52999877929688,180.69000244140625,175.67999267578125,177.5399932861328,41873900,MSFT
2020-05-15,173.60887145996094,183.16000366210938,187.05999755859375,177.0,179.05999755859375,46610400,MSFT
2020-05-18,175.26763916015625,184.91000366210938,186.1999969482422,183.9600067138672,185.75,35264500,MSFT
2020-05-19,174.05438232421875,183.6300048828125,186.60000610351562,183.49000549316406,185.02999877929688,26799100,MSFT
2020-05-20,176.46864318847656,185.66000366210938,185.85000610351562,183.94000244140625,184.80999755859375,31261300,MSFT
2020-05-21,174.34901428222656,183.42999267578125,186.6699981689453,183.2899932861328,185.39999389648438,29119500,MSFT
2020-05-22,174.425048828125,183.50999450683594,184.4600067138672,182.5399932861328,183.19000244140625,20826900,MSFT
2020-05-26,172.5811004638672,181.57000732421875,186.5,181.10000610351562,186.33999633789062,36073600,MSFT
2020-05-27,172.80921936035156,181.80999755859375,181.99000549316406,176.60000610351562,180.1999969482422,39517100,MSFT
2020-05-28,172.4195098876953,181.39999389648438,184.14999389648438,180.3800048828125,180.74000549316406,33810200,MSFT
2020-05-29,174.17794799804688,183.25,184.27000427246094,180.41000366210938,182.72999572753906,42130400,MSFT
2020-06-01,173.7787322998047,182.8300018310547,183.0,181.4600067138672,182.5399932861328,22622400,MSFT
2020-06-02,175.7557373046875,184.91000366210938,185.0,181.35000610351562,184.25,30794600,MSFT
2020-06-03,176.18348693847656,185.36000061035156,185.94000244140625,183.5800018310547,184.82000732421875,27311000,MSFT
2020-06-04,173.8642578125,182.9199981689453,185.83999633789062,182.3000030517578,184.3000030517578,28761800,MSFT
2020-06-05,177.93240356445312,187.1999969482422,187.72999572753906,182.00999450683594,182.6199951171875,39893600,MSFT
2020-06-08,179.03497314453125,188.36000061035156,188.5500030517578,184.44000244140625,185.94000244140625,33211600,MSFT
2020-06-09,180.40365600585938,189.8000030517578,190.6999969482422,187.25999450683594,188.0,29783900,MSFT
2020-06-10,187.0951385498047,196.83999633789062,198.52000427246094,191.00999450683594,191.1300048828125,43872300,MSFT
2020-06-11,177.04840087890625,186.27000427246094,195.75999450683594,186.07000732421875,193.1300048828125,52854700,MSFT
2020-06-12,178.44569396972656,187.74000549316406,191.72000122070312,185.17999267578125,190.5399932861328,43373600,MSFT
2020-06-15,179.5862274169922,188.94000244140625,190.82000732421875,184.00999450683594,184.5800018310547,32770200,MSFT
2020-06-16,183.987060546875,193.57000732421875,195.5800018310547,191.4600067138672,192.88999938964844,42556700,MSFT
2020-06-17,184.6238555908203,194.24000549316406,196.32000732421875,193.69000244140625,195.02999877929688,25687800,MSFT
2020-06-18,186.6008758544922,196.32000732421875,196.49000549316406,194.0,194.0,23061600,MSFT
2020-06-19,185.48880004882812,195.14999389648438,199.2899932861328,194.3699951171875,198.58999633789062,44441100,MSFT
2020-06-22,190.6405029296875,200.57000732421875,200.75999450683594,195.22999572753906,195.7899932861328,32818900,MSFT
2020-06-23,191.9141387939453,201.91000366210938,203.9499969482422,201.42999267578125,202.08999633789062,30917400,MSFT
2020-06-24,188.045654296875,197.83999633789062,203.25,196.55999755859375,201.60000610351562,36740600,MSFT
2020-06-25,190.42184448242188,200.33999633789062,200.61000061035156,195.47000122070312,197.8000030517578,27803900,MSFT
2020-06-26,186.61036682128906,196.3300018310547,199.88999938964844,194.8800048828125,199.72999572753906,54675800,MSFT
2020-06-29,188.615966796875,198.44000244140625,198.52999877929688,193.5500030517578,195.77999877929688,26701600,MSFT
2020-06-30,193.4349365234375,203.50999450683594,204.39999389648438,197.74000549316406,197.8800048828125,34310300,MSFT
2020-07-01,194.5659942626953,204.6999969482422,206.35000610351562,201.77000427246094,203.13999938964844,32061200,MSFT
2020-07-02,196.0487823486328,206.25999450683594,208.02000427246094,205.0,205.67999267578125,29315800,MSFT
2020-07-06,200.26895141601562,210.6999969482422,211.1300048828125,208.08999633789062,208.8300018310547,31897600,MSFT
2020-07-07,197.94027709960938,208.25,214.6699981689453,207.99000549316406,210.4499969482422,33600700,MSFT
2020-07-08,202.29354858398438,212.8300018310547,213.25999450683594,208.69000244140625,210.07000732421875,33600000,MSFT
2020-07-09,203.70977783203125,214.32000732421875,216.3800048828125,211.47000122070312,216.3300018310547,33121700,MSFT
2020-07-10,203.09194946289062,213.6699981689453,214.0800018310547,211.0800018310547,213.6199951171875,26177600,MSFT
2020-07-13,196.8186798095703,207.07000732421875,215.8000030517578,206.5,214.47999572753906,38135600,MSFT
2020-07-14,198.03533935546875,208.35000610351562,208.85000610351562,202.02999877929688,206.1300048828125,37591800,MSFT
2020-07-15,197.74066162109375,208.0399932861328,211.3300018310547,205.02999877929688,209.55999755859375,32179400,MSFT
2020-07-16,193.82467651367188,203.9199981689453,205.6999969482422,202.30999755859375,205.39999389648438,29940700,MSFT
2020-07-17,192.83609008789062,202.8800048828125,205.0399932861328,201.38999938964844,204.47000122070312,31635300,MSFT
2020-07-20,201.12440490722656,211.60000610351562,212.3000030517578,203.00999450683594,205.0,36884800,MSFT
2020-07-21,198.41552734375,208.75,213.94000244140625,208.02999877929688,213.66000366210938,37990400,MSFT
2020-07-22,201.26695251464844,211.75,212.3000030517578,208.38999938964844,209.1999969482422,49605700,MSFT
2020-07-23,192.51290893554688,202.5399932861328,210.9199981689453,202.14999389648438,207.19000244140625,67457000,MSFT
2020-07-24,191.3343505859375,201.3000030517578,202.86000061035156,197.50999450683594,200.4199981689453,39827000,MSFT
2020-07-27,193.75811767578125,203.85000610351562,203.97000122070312,200.86000061035156,201.47000122070312,30160900,MSFT
2020-07-28,192.0187225341797,202.02000427246094,204.6999969482422,201.74000549316406,203.61000061035156,23251400,MSFT
2020-07-29,193.95770263671875,204.05999755859375,204.64999389648438,202.00999450683594,202.5,19632600,MSFT
2020-07-30,193.80563354492188,203.89999389648438,204.4600067138672,199.57000732421875,201.0,25079600,MSFT
2020-07-31,194.8606414794922,205.00999450683594,205.10000610351562,199.00999450683594,204.39999389648438,51044000,MSFT
2020-08-03,205.81988525390625,216.5399932861328,217.63999938964844,210.44000244140625,211.52000427246094,78983000,MSFT
2020-08-04,202.7307586669922,213.2899932861328,214.77000427246094,210.30999755859375,214.1699981689453,49280100,MSFT
2020-08-05,202.39808654785156,212.94000244140625,215.0,211.57000732421875,214.89999389648438,28806400,MSFT
2020-08-06,205.6392822265625,216.35000610351562,216.3699951171875,211.5500030517578,212.33999633789062,32656800,MSFT
2020-08-07,201.9608612060547,212.47999572753906,215.6999969482422,210.92999267578125,214.85000610351562,27820400,MSFT
2020-08-10,197.94027709960938,208.25,211.8800048828125,206.35000610351562,211.6699981689453,36716500,MSFT
2020-08-11,193.31141662597656,203.3800048828125,207.64999389648438,203.13999938964844,207.16000366210938,36446500,MSFT
2020-08-12,198.83370971679688,209.19000244140625,210.27999877929688,204.75,205.2899932861328,28013100,MSFT
2020-08-13,198.3679962158203,208.6999969482422,211.35000610351562,208.14999389648438,209.44000244140625,22588900,MSFT
2020-08-14,198.55809020996094,208.89999389648438,209.58999633789062,207.50999450683594,208.75999450683594,17958900,MSFT
2020-08-17,199.8697967529297,210.27999877929688,211.19000244140625,208.9199981689453,209.60000610351562,20184800,MSFT
2020-08-18,201.01988220214844,211.49000549316406,212.36000061035156,209.2100067138672,210.52999877929688,21336200,MSFT
2020-08-19,199.8003387451172,209.6999969482422,212.10000610351562,209.25,211.49000549316406,27627600,MSFT
2020-08-20,204.4499053955078,214.5800018310547,215.0,208.91000366210938,209.5399932861328,26981500,MSFT
2020-08-21,202.96359252929688,213.02000427246094,216.25,212.85000610351562,213.86000061035156,36249300,MSFT
2020-08-24,203.60194396972656,213.69000244140625,215.52000427246094,212.42999267578125,214.7899932861328,25460100,MSFT
2020-08-25,206.25067138671875,216.47000122070312,216.61000061035156,213.10000610351562,213.10000610351562,23043700,MSFT
2020-08-26,210.70974731445312,221.14999389648438,222.08999633789062,217.36000061035156,217.8800048828125,39600800,MSFT
2020-08-27,215.88340759277344,226.5800018310547,231.14999389648438,219.39999389648438,222.88999938964844,57602200,MSFT
2020-08-28,218.1034393310547,228.91000366210938,230.63999938964844,226.5800018310547,228.17999267578125,26292900,MSFT
2020-08-31,214.88299560546875,225.52999877929688,228.6999969482422,224.30999755859375,227.0,28774200,MSFT
2020-09-01,216.54083251953125,227.27000427246094,227.4499969482422,224.42999267578125,225.50999450683594,25725500,MSFT
2020-09-02,220.7140655517578,231.64999389648438,232.86000061035156,227.35000610351562,227.97000122070312,34080800,MSFT
2020-09-03,207.04147338867188,217.3000030517578,229.30999755859375,214.9600067138672,229.27000427246094,58400300,MSFT
2020-09-04,204.13551330566406,214.25,218.36000061035156,205.19000244140625,215.10000610351562,59664100,MSFT
2020-09-08,193.09266662597656,202.66000366210938,210.02999877929688,202.1999969482422,206.5,52924300,MSFT
2020-09-09,201.31524658203125,211.2899932861328,214.83999633789062,206.6999969482422,207.60000610351562,45679000,MSFT
2020-09-10,195.6746826171875,205.3699951171875,214.74000549316406,204.11000061035156,213.39999389648438,35461500,MSFT
2020-09-11,194.39794921875,204.02999877929688,208.6300048828125,201.24000549316406,207.1999969482422,33620100,MSFT
2020-09-14,195.71279907226562,205.41000366210938,209.1999969482422,204.02999877929688,204.24000549316406,30375800,MSFT
2020-09-15,198.92373657226562,208.77999877929688,209.77999877929688,206.92999267578125,208.4199981689453,21823900,MSFT
2020-09-16,195.36981201171875,205.0500030517578,210.64999389648438,204.63999938964844,210.6199951171875,26328100,MSFT
2020-09-17,193.33084106445312,202.91000366210938,204.3300018310547,199.9600067138672,200.0500030517578,34011300,MSFT
2020-09-18,190.9298095703125,200.38999938964844,203.64999389648438,196.25,202.8000030517578,55225300,MSFT
2020-09-21,192.97828674316406,202.5399932861328,202.7100067138672,196.3800048828125,197.19000244140625,39839700,MSFT
2020-09-22,197.62791442871094,207.4199981689453,208.10000610351562,202.0800018310547,205.05999755859375,33517100,MSFT
2020-09-23,191.12037658691406,200.58999633789062,208.10000610351562,200.02999877929688,207.89999389648438,30803800,MSFT
2020-09-24,193.59762573242188,203.19000244140625,205.57000732421875,199.1999969482422,199.85000610351562,31202500,MSFT
2020-09-25,198.00904846191406,207.82000732421875,209.0399932861328,202.5399932861328,203.5500030517578,29437300,MSFT
2020-09-28,199.55255126953125,209.44000244140625,212.57000732421875,208.05999755859375,210.8800048828125,32004900,MSFT
2020-09-29,197.47547912597656,207.25999450683594,210.07000732421875,206.80999755859375,209.35000610351562,24221900,MSFT
2020-09-30,200.4005584716797,210.3300018310547,211.97999572753906,206.5399932861328,207.72999572753906,33829100,MSFT
2020-10-01,202.4300079345703,212.4600067138672,213.99000549316406,211.32000732421875,213.49000549316406,27158400,MSFT
2020-10-02,196.4560089111328,206.19000244140625,210.99000549316406,205.5399932861328,208.0,33154800,MSFT
2020-10-05,200.44818115234375,210.3800048828125,210.41000366210938,206.97999572753906,207.22000122070312,21331600,MSFT
2020-10-06,196.18923950195312,205.91000366210938,210.17999267578125,204.82000732421875,208.82000732421875,28554300,MSFT
2020-10-07,199.92417907714844,209.8300018310547,210.11000061035156,206.72000122070312,207.05999755859375,25681100,MSFT
2020-10-08,200.63882446289062,210.5800018310547,211.19000244140625,208.32000732421875,210.50999450683594,19925800,MSFT
2020-10-09,205.62185668945312,215.80999755859375,215.86000061035156,211.22999572753906,211.22999572753906,26458000,MSFT
2020-10-12,210.9479522705078,221.39999389648438,223.86000061035156,216.80999755859375,218.7899932861328,40461400,MSFT
2020-10-13,212.3389892578125,222.86000061035156,225.2100067138672,220.42999267578125,222.72000122070312,28950800,MSFT
2020-10-14,210.43344116210938,220.86000061035156,224.22000122070312,219.1300048828125,223.0,23421700,MSFT
2020-10-15,209.29010009765625,219.66000366210938,220.36000061035156,216.00999450683594,217.10000610351562,22733100,MSFT
2020-10-16,209.29010009765625,219.66000366210938,222.2899932861328,219.32000732421875,220.14999389648438,26057900,MSFT
2020-10-19,204.10690307617188,214.22000122070312,222.3000030517578,213.72000122070312,220.4199981689453,27625800,MSFT
2020-10-20,204.5166015625,214.64999389648438,217.3699951171875,213.08999633789062,215.8000030517578,22753500,MSFT
2020-10-21,204.65956115722656,214.8000030517578,216.9199981689453,213.1199951171875,213.1199951171875,22724900,MSFT
2020-10-22,204.74530029296875,214.88999938964844,216.05999755859375,211.6999969482422,213.92999267578125,22351500,MSFT
2020-10-23,206.0220184326172,216.22999572753906,216.27999877929688,213.16000366210938,215.02999877929688,18879600,MSFT
2020-10-26,200.16238403320312,210.0800018310547,216.33999633789062,208.10000610351562,213.85000610351562,37111600,MSFT
2020-10-27,203.18267822265625,213.25,214.6699981689453,210.3300018310547,211.58999633789062,36700300,MSFT
2020-10-28,193.1116943359375,202.67999267578125,208.83999633789062,202.10000610351562,207.6699981689453,51195600,MSFT
2020-10-29,195.05538940429688,204.72000122070312,207.36000061035156,203.3699951171875,204.07000732421875,31432600,MSFT
2020-10-30,192.9115753173828,202.47000122070312,204.2899932861328,199.6199951171875,203.5,36953700,MSFT
2020-11-02,192.77825927734375,202.3300018310547,205.27999877929688,200.1199951171875,204.2899932861328,30842200,MSFT
2020-11-03,196.6846466064453,206.42999267578125,208.1199951171875,203.1199951171875,203.88999938964844,27512000,MSFT
2020-11-04,206.1744842529297,216.38999938964844,218.32000732421875,212.4199981689453,214.02000427246094,42311800,MSFT
2020-11-05,212.7487030029297,223.2899932861328,224.1199951171875,221.14999389648438,222.0399932861328,36080100,MSFT
2020-11-06,213.15843200683594,223.72000122070312,224.36000061035156,218.02999877929688,222.25999450683594,25231900,MSFT
2020-11-09,208.08004760742188,218.38999938964844,228.1199951171875,217.8800048828125,224.44000244140625,44395000,MSFT
2020-11-10,201.04847717285156,211.00999450683594,216.5,209.72000122070312,214.5,44045100,MSFT
2020-11-11,206.32693481445312,216.5500030517578,218.0399932861328,212.1999969482422,212.38999938964844,29440800,MSFT
2020-11-12,205.2693328857422,215.44000244140625,219.11000061035156,214.4600067138672,217.2100067138672,21593900,MSFT
2020-11-13,206.288818359375,216.50999450683594,217.4199981689453,214.16000366210938,216.36000061035156,18621100,MSFT
2020-11-16,206.97479248046875,217.22999572753906,217.74000549316406,214.52000427246094,214.8699951171875,24953300,MSFT
2020-11-17,204.3356170654297,214.4600067138672,217.67999267578125,214.0800018310547,216.10000610351562,24154100,MSFT
2020-11-18,201.64169311523438,211.0800018310547,215.1699981689453,210.92999267578125,213.64999389648438,28372800,MSFT
2020-11-19,202.92176818847656,212.4199981689453,213.02999877929688,209.92999267578125,211.3800048828125,24792700,MSFT
2020-11-20,200.9825439453125,210.38999938964844,213.2899932861328,210.0,212.1999969482422,22843100,MSFT
2020-11-23,200.71507263183594,210.11000061035156,212.2899932861328,208.16000366210938,210.9499969482422,25683500,MSFT
2020-11-24,204.29737854003906,213.86000061035156,214.25,208.86000061035156,209.58999633789062,33979700,MSFT
2020-11-25,204.3069305419922,213.8699951171875,215.2899932861328,212.4600067138672,215.11000061035156,21012900,MSFT
2020-11-27,205.60614013671875,215.22999572753906,216.27000427246094,214.0399932861328,214.85000610351562,14512200,MSFT
2020-11-30,204.49801635742188,214.07000732421875,214.75999450683594,210.83999633789062,214.10000610351562,33064800,MSFT
2020-12-01,206.54232788085938,216.2100067138672,217.32000732421875,213.35000610351562,214.50999450683594,30904500,MSFT
2020-12-02,205.73989868164062,215.3699951171875,215.47000122070312,212.8000030517578,214.8800048828125,23724500,MSFT
2020-12-03,204.66043090820312,214.24000549316406,216.3800048828125,213.64999389648438,214.61000061035156,25120900,MSFT
2020-12-04,204.77503967285156,214.36000061035156,215.3800048828125,213.17999267578125,214.22000122070312,24666000,MSFT
2020-12-07,204.70816040039062,214.2899932861328,215.5399932861328,212.99000549316406,214.3699951171875,24620000,MSFT
2020-12-08,206.35125732421875,216.00999450683594,216.9499969482422,212.88999938964844,213.97000122070312,23284100,MSFT
2020-12-09,202.32948303222656,211.8000030517578,215.22999572753906,211.2100067138672,215.16000366210938,32440600,MSFT
2020-12-10,201.1067657470703,210.52000427246094,213.0800018310547,210.36000061035156,211.77000427246094,26733300,MSFT
2020-12-11,203.72421264648438,213.25999450683594,213.32000732421875,209.11000061035156,210.0500030517578,30979400,MSFT
2020-12-14,204.6221923828125,214.1999969482422,216.2100067138672,212.8800048828125,213.10000610351562,28798400,MSFT
2020-12-15,204.55532836914062,214.1300048828125,215.4199981689453,212.24000549316406,215.1699981689453,27000600,MSFT
2020-12-16,209.47499084472656,219.27999877929688,220.11000061035156,214.72000122070312,214.75,35023300,MSFT
2020-12-17,209.6087646484375,219.4199981689453,220.88999938964844,217.9199981689453,219.8699951171875,32515800,MSFT
2020-12-18,208.81588745117188,218.58999633789062,219.69000244140625,216.02000427246094,218.58999633789062,63354900,MSFT
2020-12-21,212.6370391845703,222.58999633789062,224.0,217.27999877929688,217.5500030517578,37181900,MSFT
2020-12-22,213.9266815185547,223.94000244140625,225.6300048828125,221.85000610351562,222.69000244140625,22612200,MSFT
2020-12-23,211.1372528076172,221.02000427246094,223.55999755859375,220.8000030517578,223.11000061035156,18699600,MSFT
2020-12-24,212.78990173339844,222.75,223.61000061035156,221.1999969482422,221.4199981689453,10550600,MSFT
2020-12-28,214.9010772705078,224.9600067138672,226.02999877929688,223.02000427246094,224.4499969482422,17933500,MSFT
2020-12-29,214.1272735595703,224.14999389648438,227.17999267578125,223.5800018310547,226.30999755859375,17403200,MSFT
2020-12-30,211.76768493652344,221.67999267578125,225.6300048828125,221.47000122070312,225.22999572753906,20272300,MSFT
2020-12-31,212.4746551513672,222.4199981689453,223.0,219.67999267578125,221.6999969482422,20942100,MSFT
2021-01-04,207.95614624023438,217.69000244140625,223.0,214.80999755859375,222.52999877929688,37130100,MSFT
2021-01-05,208.15673828125,217.89999389648438,218.52000427246094,215.6999969482422,217.25999450683594,23823000,MSFT
2021-01-06,202.75938415527344,212.25,216.49000549316406,211.94000244140625,212.1699981689453,35930700,MSFT
2021-01-07,208.52931213378906,218.2899932861328,219.33999633789062,213.7100067138672,214.0399932861328,27694500,MSFT
2021-01-08,209.7998046875,219.6199951171875,220.5800018310547,217.02999877929688,218.67999267578125,22956200,MSFT
2021-01-11,207.7650909423828,217.49000549316406,218.91000366210938,216.72999572753906,218.47000122070312,23031300,MSFT
2021-01-12,205.3195037841797,214.92999267578125,217.10000610351562,213.32000732421875,216.5,23249300,MSFT
2021-01-13,206.66647338867188,216.33999633789062,216.75999450683594,213.92999267578125,214.02000427246094,20087100,MSFT
2021-01-14,203.49493408203125,213.02000427246094,217.4600067138672,212.74000549316406,215.91000366210938,29480800,MSFT
2021-01-15,203.1414794921875,212.64999389648438,214.50999450683594,212.02999877929688,213.52000427246094,31746500,MSFT
2021-01-19,206.76199340820312,216.44000244140625,216.97999572753906,212.6300048828125,213.75,30480900,MSFT
2021-01-20,214.30877685546875,224.33999633789062,225.7899932861328,217.2899932861328,217.6999969482422,37777300,MSFT
2021-01-21,214.91055297851562,224.97000122070312,226.3000030517578,222.4199981689453,224.6999969482422,30709400,MSFT
2021-01-22,215.8468017578125,225.9499969482422,230.07000732421875,225.8000030517578,227.0800018310547,30172700,MSFT
2021-01-25,219.26673889160156,229.52999877929688,229.77999877929688,224.22000122070312,229.1199951171875,33152100,MSFT
2021-01-26,221.94149780273438,232.3300018310547,234.17999267578125,230.0800018310547,231.86000061035156,49169600,MSFT
2021-01-27,222.4860382080078,232.89999389648438,240.44000244140625,230.13999938964844,238.0,69870600,MSFT
2021-01-28,228.24639892578125,238.92999267578125,242.63999938964844,235.08999633789062,235.61000061035156,49111200,MSFT
2021-01-29,221.58802795410156,231.9600067138672,238.02000427246094,231.35000610351562,235.99000549316406,42503100,MSFT
2021-02-01,228.9341583251953,239.64999389648438,242.5,232.42999267578125,235.05999755859375,33314200,MSFT
2021-02-02,228.80044555664062,239.50999450683594,242.30999755859375,238.69000244140625,241.3000030517578,25916300,MSFT
2021-02-03,232.13438415527344,243.0,245.08999633789062,239.25999450683594,239.57000732421875,27158100,MSFT
2021-02-04,231.1886749267578,242.00999450683594,243.24000549316406,240.3699951171875,242.66000366210938,25296100,MSFT
2021-02-05,231.3701629638672,242.1999969482422,243.27999877929688,240.4199981689453,242.22999572753906,18054800,MSFT
2021-02-08,231.6280975341797,242.47000122070312,243.67999267578125,240.80999755859375,243.14999389648438,22211900,MSFT
2021-02-09,232.8699951171875,243.77000427246094,244.75999450683594,241.3800048828125,241.8699951171875,23565000,MSFT
2021-02-10,231.96246337890625,242.82000732421875,245.9199981689453,240.88999938964844,245.0,22186700,MSFT
2021-02-11,233.55776977539062,244.49000549316406,245.14999389648438,242.14999389648438,244.77999877929688,15751100,MSFT
2021-02-12,234.03538513183594,244.99000549316406,245.3000030517578,242.72999572753906,243.92999267578125,16561100,MSFT
2021-02-16,232.80311584472656,243.6999969482422,246.1300048828125,242.9199981689453,245.02999877929688,26728500,MSFT
2021-02-17,233.81800842285156,244.1999969482422,244.30999755859375,240.94000244140625,241.32000732421875,21653500,MSFT
2021-02-18,233.4254608154297,243.7899932861328,243.92999267578125,240.86000061035156,241.8000030517578,16925600,MSFT
2021-02-19,230.72537231445312,240.97000122070312,243.86000061035156,240.17999267578125,243.75,25262600,MSFT
2021-02-22,224.53997802734375,234.50999450683594,237.92999267578125,232.39999389648438,237.4199981689453,36446900,MSFT
2021-02-23,223.3527374267578,233.27000427246094,234.8300018310547,228.72999572753906,230.3300018310547,30228700,MSFT
2021-02-24,224.57830810546875,234.5500030517578,235.1999969482422,229.0,230.00999450683594,26339700,MSFT
2021-02-25,219.25465393066406,228.99000549316406,234.58999633789062,227.8800048828125,232.0800018310547,39542200,MSFT
2021-02-26,222.5005645751953,232.3800048828125,235.3699951171875,229.5399932861328,231.52999877929688,37819200,MSFT
2021-03-01,226.86672973632812,236.94000244140625,237.47000122070312,233.14999389648438,235.89999389648438,25324000,MSFT
2021-03-02,223.92718505859375,233.8699951171875,237.3000030517578,233.4499969482422,237.00999450683594,22812500,MSFT
2021-03-03,217.88546752929688,227.55999755859375,233.5800018310547,227.25999450683594,232.16000366210938,34029500,MSFT
2021-03-04,217.09075927734375,226.72999572753906,232.49000549316406,224.25999450683594,226.74000549316406,44727800,MSFT
2021-03-05,221.7537384033203,231.60000610351562,233.27000427246094,226.4600067138672,229.52000427246094,41872800,MSFT
2021-03-08,217.72265625,227.38999938964844,233.3699951171875,227.1300048828125,231.3699951171875,35267400,MSFT
2021-03-09,223.84104919433594,233.77999877929688,235.3800048828125,231.6699981689453,232.8800048828125,33080500,MSFT
2021-03-10,222.5388641357422,232.4199981689453,237.0,232.0399932861328,237.0,29746800,MSFT
2021-03-11,227.04859924316406,237.1300048828125,239.1699981689453,234.30999755859375,234.9600067138672,29907600,MSFT
2021-03-12,225.72726440429688,235.75,235.82000732421875,233.22999572753906,234.00999450683594,22653700,MSFT
2021-03-15,224.8271942138672,234.80999755859375,235.19000244140625,231.80999755859375,234.9600067138672,26034900,MSFT
2021-03-16,227.60394287109375,237.7100067138672,240.05999755859375,235.94000244140625,236.27999877929688,28092200,MSFT
2021-03-17,226.96246337890625,237.0399932861328,238.5500030517578,233.22999572753906,236.14999389648438,29562100,MSFT
2021-03-18,220.91116333007812,230.72000122070312,234.19000244140625,230.3300018310547,232.55999755859375,34833000,MSFT
2021-03-19,220.55686950683594,230.35000610351562,232.47000122070312,229.35000610351562,231.02000427246094,46430700,MSFT
2021-03-22,225.9570770263672,235.99000549316406,236.89999389648438,230.13999938964844,230.27000427246094,30127000,MSFT
2021-03-23,227.47946166992188,237.5800018310547,241.0500030517578,237.07000732421875,237.49000549316406,31638400,MSFT
2021-03-24,225.44960021972656,235.4600067138672,238.0,235.32000732421875,237.85000610351562,25620100,MSFT
2021-03-25,222.4622344970703,232.33999633789062,236.94000244140625,231.57000732421875,235.3000030517578,34061900,MSFT
2021-03-26,226.42617797851562,236.47999572753906,236.7100067138672,231.5500030517578,231.5500030517578,25479900,MSFT
2021-03-29,225.23895263671875,235.24000549316406,236.8000030517578,231.8800048828125,236.58999633789062,25227500,MSFT
2021-03-30,221.99310302734375,231.85000610351562,233.85000610351562,231.10000610351562,233.52999877929688,24792000,MSFT
2021-03-31,225.74644470214844,235.77000427246094,239.10000610351562,232.38999938964844,232.91000366210938,43623500,MSFT
2021-04-01,232.04669189453125,242.35000610351562,242.83999633789062,238.0500030517578,238.47000122070312,30338000,MSFT
2021-04-05,238.48101806640625,249.07000732421875,249.9600067138672,242.6999969482422,242.75999450683594,36910600,MSFT
2021-04-06,237.32241821289062,247.86000061035156,249.39999389648438,246.8800048828125,247.61000061035156,22931900,MSFT
2021-04-07,239.2757110595703,249.89999389648438,250.92999267578125,247.19000244140625,247.80999755859375,22719800,MSFT
2021-04-08,242.48326110839844,253.25,254.13999938964844,252.0,252.77000427246094,23625200,MSFT
2021-04-09,244.97276306152344,255.85000610351562,255.99000549316406,252.44000244140625,252.8699951171875,24326800,MSFT
2021-04-12,245.03018188476562,255.91000366210938,257.6700134277344,254.6199951171875,254.7100067138672,27148700,MSFT
2021-04-13,247.50050354003906,258.489990234375,259.19000244140625,256.8299865722656,257.260009765625,23837500,MSFT
2021-04-14,244.7238006591797,255.58999633789062,258.8299865722656,255.16000366210938,257.4800109863281,23070900,MSFT
2021-04-15,248.46755981445312,259.5,259.92999267578125,257.7300109863281,257.92999267578125,25627500,MSFT
2021-04-16,249.6548614501953,260.739990234375,261.0,257.6000061035156,259.4700012207031,24878600,MSFT
2021-04-19,247.7398681640625,258.739990234375,261.4800109863281,257.82000732421875,260.19000244140625,23209300,MSFT
2021-04-20,247.2803192138672,258.260009765625,260.20001220703125,256.8399963378906,257.82000732421875,19722900,MSFT
2021-04-21,249.50160217285156,260.5799865722656,260.67999267578125,257.25,258.94000244140625,24030400,MSFT
2021-04-22,246.23663330078125,257.1700134277344,261.7799987792969,255.63999938964844,260.2099914550781,25606200,MSFT
2021-04-23,250.0474090576172,261.1499938964844,261.510009765625,257.2699890136719,257.8800048828125,21462600,MSFT
2021-04-26,250.430419921875,261.54998779296875,262.44000244140625,260.1700134277344,261.6600036621094,19763300,MSFT
2021-04-27,250.83253479003906,261.9700012207031,263.19000244140625,260.1199951171875,261.5799865722656,31014200,MSFT
2021-04-28,243.73757934570312,254.55999755859375,256.5400085449219,252.9499969482422,256.0799865722656,46903100,MSFT
2021-04-29,241.7747344970703,252.50999450683594,256.1000061035156,249.0,255.4600067138672,40589000,MSFT
2021-04-30,241.458740234375,252.17999267578125,253.0800018310547,249.60000610351562,249.74000549316406,30945100,MSFT
2021-05-03,241.15237426757812,251.86000061035156,254.35000610351562,251.1199951171875,253.39999389648438,19626600,MSFT
2021-05-04,237.2554168701172,247.7899932861328,251.2100067138672,245.75999450683594,250.97000122070312,32756100,MSFT
2021-05-05,235.99156188964844,246.47000122070312,249.5,245.82000732421875,249.05999755859375,21901300,MSFT
2021-05-06,239.11289978027344,249.72999572753906,249.86000061035156,244.69000244140625,246.4499969482422,26491100,MSFT
2021-05-07,241.72689819335938,252.4600067138672,254.3000030517578,251.1699981689453,252.14999389648438,27032900,MSFT
2021-05-10,236.67137145996094,247.17999267578125,251.72999572753906,247.1199951171875,250.8699951171875,29299900,MSFT
2021-05-11,235.76173400878906,246.22999572753906,246.60000610351562,242.57000732421875,244.5500030517578,33641600,MSFT
2021-05-12,228.83908081054688,239.0,244.3800048828125,238.07000732421875,242.1699981689453,36684400,MSFT
2021-05-13,232.69778442382812,243.02999877929688,245.60000610351562,241.4199981689453,241.8000030517578,29624300,MSFT
2021-05-14,237.60008239746094,248.14999389648438,249.17999267578125,245.49000549316406,245.5800018310547,23901100,MSFT
2021-05-17,234.7563934326172,245.17999267578125,246.58999633789062,243.52000427246094,246.5500030517578,24970200,MSFT
2021-05-18,232.74566650390625,243.0800018310547,246.41000366210938,242.89999389648438,246.27000427246094,20168000,MSFT
2021-05-19,233.32147216796875,243.1199951171875,243.22999572753906,238.60000610351562,239.30999755859375,25739800,MSFT
2021-05-20,236.54603576660156,246.47999572753906,247.9499969482422,243.86000061035156,243.9600067138672,21800700,MSFT
2021-05-21,235.2888641357422,245.1699981689453,248.3300018310547,244.74000549316406,247.57000732421875,21863100,MSFT
2021-05-24,240.6727752685547,250.77999877929688,251.16000366210938,247.50999450683594,247.7899932861328,21411500,MSFT
2021-05-25,241.57489013671875,251.72000122070312,252.75,250.82000732421875,251.77000427246094,17704300,MSFT
2021-05-26,241.3541717529297,251.49000549316406,252.94000244140625,250.75,251.42999267578125,17771600,MSFT
2021-05-27,239.26199340820312,249.30999755859375,251.47999572753906,249.25,251.1699981689453,24426200,MSFT
2021-05-28,239.61705017089844,249.67999267578125,252.0800018310547,249.55999755859375,251.0,18270200,MSFT
2021-06-01,237.428955078125,247.39999389648438,251.2899932861328,246.9600067138672,251.22999572753906,23213300,MSFT
2021-06-02,237.33302307128906,247.3000030517578,249.27000427246094,245.83999633789062,248.1300048828125,19406700,MSFT
2021-06-03,235.8070831298828,245.7100067138672,246.33999633789062,243.0,245.22000122070312,25307700,MSFT
2021-06-04,240.68234252929688,250.7899932861328,251.64999389648438,247.50999450683594,247.75999450683594,25281100,MSFT
2021-06-07,243.5806121826172,253.80999755859375,254.08999633789062,249.80999755859375,249.97999572753906,23079200,MSFT
2021-06-08,242.390625,252.57000732421875,256.010009765625,252.50999450683594,255.16000366210938,22455000,MSFT
2021-06-09,243.36949157714844,253.58999633789062,255.52999877929688,253.2100067138672,253.80999755859375,17937600,MSFT
2021-06-10,246.87237548828125,257.239990234375,257.4599914550781,253.6699981689453,254.2899932861328,24563600,MSFT
2021-06-11,247.49620056152344,257.8900146484375,258.489990234375,256.6099853515625,257.989990234375,18999700,MSFT
2021-06-14,249.41561889648438,259.8900146484375,259.95001220703125,256.79998779296875,257.8999938964844,19150500,MSFT
2021-06-15,247.9472198486328,258.3599853515625,259.989990234375,257.67999267578125,259.7699890136719,18038900,MSFT
2021-06-16,247.00672912597656,257.3800048828125,260.5799865722656,254.4199981689453,259.3999938964844,27220000,MSFT
2021-06-17,250.38482666015625,260.8999938964844,261.75,256.010009765625,256.07000732421875,27565500,MSFT
2021-06-18,248.97412109375,259.42999267578125,262.29998779296875,258.75,259.6300048828125,37202200,MSFT
2021-06-21,252.04518127441406,262.6300048828125,263.5199890136719,257.9200134277344,259.82000732421875,26696100,MSFT
2021-06-22,254.8091278076172,265.510009765625,265.7900085449219,262.3999938964844,262.7200012207031,24694100,MSFT
2021-06-23,254.57884216308594,265.2699890136719,266.8299865722656,264.42999267578125,265.989990234375,19518700,MSFT
2021-06-24,255.9416046142578,266.69000244140625,267.8500061035156,265.4700012207031,266.1600036621094,21446900,MSFT
2021-06-25,254.33877563476562,265.0199890136719,267.25,264.760009765625,266.2300109863281,25611100,MSFT
2021-06-28,257.8897399902344,268.7200012207031,268.8999938964844,265.9100036621094,266.19000244140625,19590000,MSFT
2021-06-29,260.4616394042969,271.3999938964844,271.6499938964844,267.9800109863281,268.8699951171875,19937800,MSFT
2021-06-30,259.9818115234375,270.8999938964844,271.3599853515625,269.6000061035156,270.69000244140625,21656500,MSFT
2021-07-01,260.6536560058594,271.6000061035156,271.8399963378906,269.6000061035156,269.6099853515625,16725300,MSFT
2021-07-02,266.45977783203125,277.6499938964844,278.0,272.5,272.82000732421875,26458000,MSFT
2021-07-06,266.4693908691406,277.6600036621094,279.3699951171875,274.29998779296875,278.0299987792969,31565600,MSFT
2021-07-07,268.6479187011719,279.92999267578125,280.69000244140625,277.1499938964844,279.3999938964844,23260000,MSFT
2021-07-08,266.23907470703125,277.4200134277344,278.7300109863281,274.8699951171875,276.8999938964844,24618600,MSFT
2021-07-09,266.7381286621094,277.94000244140625,278.04998779296875,275.32000732421875,275.7200012207031,23916700,MSFT
2021-07-12,266.14312744140625,277.32000732421875,279.7699890136719,276.5799865722656,279.1600036621094,18931700,MSFT
2021-07-13,269.65557861328125,280.9800109863281,282.8500061035156,277.3900146484375,277.5199890136719,26120100,MSFT
2021-07-14,271.1238708496094,282.510009765625,283.6600036621094,280.54998779296875,282.3500061035156,23113700,MSFT
2021-07-15,269.70355224609375,281.0299987792969,282.510009765625,279.8299865722656,282.0,22604200,MSFT
2021-07-16,269.43475341796875,280.75,284.1000061035156,279.4599914550781,282.07000732421875,26186800,MSFT
2021-07-19,265.8455810546875,277.010009765625,280.3699951171875,274.45001220703125,278.92999267578125,32935600,MSFT
2021-07-20,268.0625,279.32000732421875,280.9700012207031,276.260009765625,278.0299987792969,26259700,MSFT
2021-07-21,270.0586242675781,281.3999938964844,281.5199890136719,277.2900085449219,278.8999938964844,24364300,MSFT
2021-07-22,274.6076965332031,286.1400146484375,286.4200134277344,283.4200134277344,283.8399963378906,23384100,MSFT
2021-07-23,277.995361328125,289.6700134277344,289.989990234375,286.5,287.3699951171875,22768100,MSFT
2021-07-26,277.400390625,289.04998779296875,289.69000244140625,286.6400146484375,289.0,23176100,MSFT
2021-07-27,274.9914855957031,286.5400085449219,289.5799865722656,282.95001220703125,289.42999267578125,33604100,MSFT
2021-07-28,274.6844177246094,286.2200012207031,290.1499938964844,283.8299865722656,288.989990234375,33566900,MSFT
2021-07-29,274.9530944824219,286.5,288.6199951171875,286.0799865722656,286.239990234375,18168300,MSFT
2021-07-30,273.42724609375,284.9100036621094,286.6600036621094,283.9100036621094,285.1700134277344,20944800,MSFT
2021-08-02,273.3408203125,284.82000732421875,286.7699890136719,283.739990234375,286.3599853515625,16267400,MSFT
2021-08-03,275.5481262207031,287.1199951171875,287.2300109863281,284.0,285.4200134277344,17879000,MSFT
2021-08-04,274.96270751953125,286.510009765625,287.5899963378906,284.6499938964844,286.2200012207031,16191300,MSFT
2021-08-05,277.8513488769531,289.5199890136719,289.6300048828125,286.1000061035156,286.8800048828125,13900200,MSFT
2021-08-06,277.7937316894531,289.4599914550781,289.5,287.6199951171875,288.510009765625,16589300,MSFT
2021-08-09,276.7093811035156,288.3299865722656,291.54998779296875,287.80999755859375,289.75,16117600,MSFT
2021-08-10,274.8955383300781,286.44000244140625,289.25,285.20001220703125,288.79998779296875,18616600,MSFT
2021-08-11,275.38494873046875,286.95001220703125,288.6600036621094,285.8599853515625,287.2099914550781,13955900,MSFT
2021-08-12,278.1296691894531,289.80999755859375,289.9700012207031,286.3399963378906,286.6300048828125,14561300,MSFT
2021-08-13,281.04718017578125,292.8500061035156,292.8999938964844,289.29998779296875,289.4800109863281,18249000,MSFT
2021-08-16,282.7267150878906,294.6000061035156,294.82000732421875,290.0199890136719,293.19000244140625,22507600,MSFT
2021-08-17,281.2678527832031,293.0799865722656,293.42999267578125,291.0799865722656,292.3900146484375,20075300,MSFT
2021-08-18,279.5467529296875,290.7300109863281,294.82000732421875,290.2699890136719,292.0400085449219,21813000,MSFT
2021-08-19,285.3544616699219,296.7699890136719,297.4700012207031,288.6400146484375,288.69000244140625,29850500,MSFT
2021-08-20,292.6524353027344,304.3599853515625,305.8399963378906,298.05999755859375,299.7200012207031,40817600,MSFT
2021-08-23,292.9312744140625,304.6499938964844,305.3999938964844,301.8500061035156,303.25,22830200,MSFT
2021-08-24,290.97943115234375,302.6199951171875,305.6499938964844,302.0,305.0199890136719,18175800,MSFT
2021-08-25,290.3928527832031,302.010009765625,304.5899963378906,300.4200134277344,304.29998779296875,20006100,MSFT
2021-08-26,287.5851745605469,299.0899963378906,302.42999267578125,298.95001220703125,300.989990234375,17666100,MSFT
2021-08-27,288.1910095214844,299.7200012207031,300.8699951171875,296.8299865722656,298.989990234375,22605700,MSFT
2021-08-30,291.9120788574219,303.5899963378906,304.2200012207031,301.05999755859375,301.1199951171875,16348100,MSFT
2021-08-31,290.26788330078125,301.8800048828125,304.5,301.5,304.4200134277344,26285300,MSFT
2021-09-01,290.2197265625,301.8299865722656,305.19000244140625,301.489990234375,302.8699951171875,18983800,MSFT
2021-09-02,289.56597900390625,301.1499938964844,303.3599853515625,300.17999267578125,302.20001220703125,16285600,MSFT
2021-09-03,289.55633544921875,301.1400146484375,302.6000061035156,300.260009765625,300.989990234375,14747900,MSFT
2021-09-07,288.63330078125,300.17999267578125,301.0899963378906,298.20001220703125,301.010009765625,17180400,MSFT
2021-09-08,288.662109375,300.2099914550781,300.6099853515625,297.4700012207031,299.7799987792969,15046800,MSFT
2021-09-09,285.8159484863281,297.25,302.1400146484375,297.0,300.82000732421875,19927000,MSFT
2021-09-10,284.33514404296875,295.7099914550781,299.9200134277344,295.3800048828125,298.4200134277344,19633400,MSFT
2021-09-13,285.56597900390625,296.989990234375,298.5400085449219,294.0799865722656,297.54998779296875,23652900,MSFT
2021-09-14,288.2582702636719,299.7900085449219,301.3900146484375,298.1000061035156,299.55999755859375,21853400,MSFT
2021-09-15,293.0947265625,304.82000732421875,305.32000732421875,301.82000732421875,303.260009765625,28356300,MSFT
2021-09-16,293.47943115234375,305.2200012207031,305.30999755859375,300.760009765625,303.760009765625,19550800,MSFT
2021-09-17,288.335205078125,299.8699951171875,304.5,299.5299987792969,304.1700134277344,41372500,MSFT
2021-09-20,282.9794616699219,294.29998779296875,298.7200012207031,289.5199890136719,296.3299865722656,38278700,MSFT
2021-09-21,283.4601745605469,294.79998779296875,297.5400085449219,294.07000732421875,295.69000244140625,22364100,MSFT
2021-09-22,287.09478759765625,298.5799865722656,300.2200012207031,294.510009765625,296.7300109863281,26626300,MSFT
2021-09-23,288.037109375,299.55999755859375,300.8999938964844,297.5299987792969,298.8500061035156,18604600,MSFT
2021-09-24,287.8352355957031,299.3500061035156,299.79998779296875,296.92999267578125,298.2300109863281,14999000,MSFT
2021-09-27,282.85443115234375,294.1700134277344,296.4700012207031,292.94000244140625,296.1400146484375,23571700,MSFT
2021-09-28,272.6141052246094,283.5199890136719,290.7799987792969,282.75,289.79998779296875,43186200,MSFT
2021-09-29,273.0755920410156,284.0,286.7699890136719,283.010009765625,285.1000061035156,26353700,MSFT
2021-09-30,271.07568359375,281.9200134277344,287.8299865722656,281.6199951171875,285.7099914550781,32343600,MSFT
2021-10-01,277.9795227050781,289.1000061035156,289.9800109863281,281.2900085449219,282.1199951171875,30086300,MSFT
2021-10-04,272.2198486328125,283.1099853515625,287.75,280.25,287.3999938964844,31350700,MSFT
2021-10-05,277.652587890625,288.760009765625,290.3999938964844,284.04998779296875,284.04998779296875,24993000,MSFT
2021-10-06,281.8351745605469,293.1099853515625,293.6300048828125,285.510009765625,285.7799987792969,28002600,MSFT
2021-10-07,283.50830078125,294.8500061035156,296.6400146484375,293.9200134277344,295.17999267578125,20430500,MSFT
2021-10-08,283.50830078125,294.8500061035156,296.6400146484375,293.760009765625,296.2200012207031,17685700,MSFT
2021-10-11,282.912109375,294.2300109863281,297.9700012207031,292.75,292.9200134277344,19298600,MSFT
2021-10-12,281.6141052246094,292.8800048828125,295.44000244140625,292.3500061035156,295.3399963378906,17974100,MSFT
2021-10-13,284.9121398925781,296.30999755859375,297.2799987792969,293.489990234375,294.9100036621094,23416300,MSFT
2021-10-14,291.1043701171875,302.75,303.2699890136719,297.8299865722656,299.2099914550781,27262900,MSFT
2021-10-15,292.50823974609375,304.2099914550781,304.45001220703125,300.5199890136719,302.3399963378906,25384800,MSFT
2021-10-18,295.46978759765625,307.2900085449219,308.2099914550781,302.69000244140625,303.57000732421875,22729300,MSFT
2021-10-19,296.3736572265625,308.2300109863281,309.29998779296875,307.2200012207031,308.3500061035156,17682100,MSFT
2021-10-20,295.5850524902344,307.4100036621094,309.70001220703125,306.1099853515625,309.2099914550781,16537100,MSFT
2021-10-21,298.8063659667969,310.760009765625,311.0199890136719,306.3599853515625,307.1700134277344,16918100,MSFT
2021-10-22,297.267822265625,309.1600036621094,311.0899963378906,307.79998779296875,310.3999938964844,17449300,MSFT
2021-10-25,296.27740478515625,308.1300048828125,309.3999938964844,306.4599914550781,309.3599853515625,17554500,MSFT
2021-10-26,298.18133544921875,310.1099853515625,312.3999938964844,308.6000061035156,311.0,28107300,MSFT
2021-10-27,310.7389221191406,323.1700134277344,326.1000061035156,316.0,316.0,52588700,MSFT
2021-10-28,311.8736267089844,324.3500061035156,324.8699951171875,321.3599853515625,324.3299865722656,26297900,MSFT
2021-10-29,318.8638916015625,331.6199951171875,332.0,323.8999938964844,324.1300048828125,34766000,MSFT
2021-11-01,316.700439453125,329.3699951171875,331.489990234375,326.3699951171875,331.3599853515625,27073200,MSFT
2021-11-02,320.3158874511719,333.1300048828125,333.45001220703125,330.0,330.30999755859375,26487100,MSFT
2021-11-03,321.1523132324219,334.0,334.8999938964844,330.6499938964844,333.8999938964844,21500100,MSFT
2021-11-04,323.49853515625,336.44000244140625,336.5400085449219,329.510009765625,332.8900146484375,23992200,MSFT
2021-11-05,323.1330871582031,336.05999755859375,338.7900085449219,334.4200134277344,338.510009765625,22570100,MSFT
2021-11-08,324.02734375,336.989990234375,337.6499938964844,334.44000244140625,337.29998779296875,20897000,MSFT
2021-11-09,323.02734375,335.95001220703125,338.7200012207031,334.5299987792969,337.1099853515625,21307400,MSFT
2021-11-10,318.07537841796875,330.79998779296875,334.6300048828125,329.9200134277344,334.57000732421875,25500900,MSFT
2021-11-11,319.6427307128906,332.42999267578125,333.7699890136719,330.510009765625,331.25,16849800,MSFT
2021-11-12,323.7677001953125,336.7200012207031,337.2300109863281,333.7900085449219,333.9200134277344,23831000,MSFT
2021-11-15,323.1427917480469,336.07000732421875,337.8800048828125,334.0299987792969,337.5400085449219,16723000,MSFT
2021-11-16,326.450439453125,339.510009765625,340.6700134277344,335.510009765625,335.67999267578125,20886800,MSFT
2021-11-17,326.67193603515625,339.1199951171875,342.19000244140625,338.0,338.94000244140625,19053400,MSFT
2021-11-18,328.7430114746094,341.2699890136719,342.45001220703125,337.1199951171875,338.17999267578125,22463500,MSFT
2021-11-19,330.5155029296875,343.1099853515625,345.1000061035156,342.20001220703125,342.6400146484375,21963400,MSFT
2021-11-22,327.35589599609375,339.8299865722656,349.6700134277344,339.54998779296875,344.6199951171875,31031100,MSFT
2021-11-23,325.2848205566406,337.67999267578125,339.45001220703125,333.55999755859375,337.04998779296875,30427600,MSFT
2021-11-24,325.50634765625,337.9100036621094,338.1600036621094,333.9100036621094,336.2799987792969,21661300,MSFT
2021-11-26,317.5785217285156,329.67999267578125,337.92999267578125,328.1199951171875,334.3500061035156,24217200,MSFT
2021-11-29,324.2734069824219,336.6300048828125,339.0299987792969,334.739990234375,334.94000244140625,28563500,MSFT
2021-11-30,318.4550476074219,330.5899963378906,337.7799987792969,328.989990234375,335.32000732421875,42885600,MSFT
2021-12-01,317.9638366699219,330.0799865722656,339.2799987792969,329.3900146484375,335.1300048828125,33337600,MSFT
2021-12-02,317.3954162597656,329.489990234375,333.489990234375,327.79998779296875,330.29998779296875,30766000,MSFT
2021-12-03,311.15325927734375,323.010009765625,332.70001220703125,318.0299987792969,331.989990234375,41779300,MSFT
2021-12-06,314.2165832519531,326.19000244140625,327.45001220703125,319.2300109863281,323.95001220703125,30032600,MSFT
2021-12-07,322.6260681152344,334.9200134277344,335.79998779296875,330.1000061035156,331.6400146484375,31021900,MSFT
2021-12-08,322.6742248535156,334.9700012207031,335.5,330.79998779296875,335.30999755859375,24761000,MSFT
2021-12-09,320.8730163574219,333.1000061035156,336.489990234375,332.1199951171875,334.4100036621094,22214200,MSFT
2021-12-10,329.9664306640625,342.5400085449219,343.0,334.7900085449219,334.9800109863281,38095700,MSFT
2021-12-13,326.9417419433594,339.3999938964844,343.7900085449219,339.0799865722656,340.67999267578125,28899400,MSFT
2021-12-14,316.28765869140625,328.3399963378906,334.6400146484375,324.1099853515625,333.2200012207031,44438700,MSFT
2021-12-15,322.36602783203125,334.6499938964844,335.19000244140625,324.5,328.6099853515625,35381100,MSFT
2021-12-16,312.9739685058594,324.8999938964844,336.760009765625,323.0199890136719,335.7099914550781,35034800,MSFT
2021-12-17,311.9141845703125,323.79998779296875,324.9200134277344,317.25,320.8800048828125,47750300,MSFT
2021-12-20,308.16705322265625,319.9100036621094,322.79998779296875,317.57000732421875,320.04998779296875,28326500,MSFT
2021-12-21,315.27618408203125,327.2900085449219,327.7300109863281,319.79998779296875,323.2900085449219,24740600,MSFT
2021-12-22,320.9692687988281,333.20001220703125,333.6099853515625,325.75,328.29998779296875,24831500,MSFT
2021-12-23,322.40460205078125,334.69000244140625,336.3900146484375,332.7300109863281,332.75,19617800,MSFT
2021-12-27,329.8797302246094,342.45001220703125,342.4800109863281,335.42999267578125,335.4599914550781,19947000,MSFT
2021-12-28,328.7237854003906,341.25,343.80999755859375,340.32000732421875,343.1499938964844,15661500,MSFT
2021-12-29,329.3981018066406,341.95001220703125,344.29998779296875,339.67999267578125,341.29998779296875,15042000,MSFT
2021-12-30,326.8645935058594,339.32000732421875,343.1300048828125,338.82000732421875,341.9100036621094,15994500,MSFT
2021-12-31,323.9747619628906,336.32000732421875,339.3599853515625,335.8500061035156,338.510009765625,18000800,MSFT
2022-01-03,322.46234130859375,334.75,338.0,329.7799987792969,335.3500061035156,28865100,MSFT
2022-01-04,316.93304443359375,329.010009765625,335.20001220703125,326.1199951171875,334.8299865722656,32674300,MSFT
2022-01-05,304.7666015625,316.3800048828125,326.07000732421875,315.9800109863281,325.8599853515625,40054300,MSFT
2022-01-06,302.3584899902344,313.8800048828125,318.70001220703125,311.489990234375,313.1499938964844,39646100,MSFT
2022-01-07,302.5125427246094,314.0400085449219,316.5,310.0899963378906,314.1499938964844,32720000,MSFT
2022-01-10,302.73406982421875,314.2699890136719,314.7200012207031,304.69000244140625,309.489990234375,44289500,MSFT
2022-01-11,303.4180603027344,314.9800109863281,316.6099853515625,309.8900146484375,313.3800048828125,29386800,MSFT
2022-01-12,306.5873718261719,318.2699890136719,323.4100036621094,317.0799865722656,319.6700134277344,34372200,MSFT
2022-01-13,293.6117858886719,304.79998779296875,320.8800048828125,304.0,320.4700012207031,45366000,MSFT
2022-01-14,298.8134460449219,310.20001220703125,310.82000732421875,303.75,304.25,39846400,MSFT
2022-01-18,291.54058837890625,302.6499938964844,309.79998779296875,301.739990234375,304.07000732421875,42333200,MSFT
2022-01-19,292.1956481933594,303.3299865722656,313.9100036621094,302.70001220703125,306.2900085449219,45933900,MSFT
2022-01-20,290.52923583984375,301.6000061035156,311.6499938964844,301.1400146484375,309.07000732421875,35380700,MSFT
2022-01-21,285.16363525390625,296.0299987792969,304.1099853515625,295.6099853515625,302.69000244140625,57984400,MSFT
2022-01-24,285.49114990234375,296.3699951171875,297.1099853515625,276.04998779296875,292.20001220703125,85731500,MSFT
2022-01-25,277.9004211425781,288.489990234375,294.989990234375,285.1700134277344,291.5199890136719,72848600,MSFT
2022-01-26,285.8186950683594,296.7099914550781,308.5,293.0299987792969,307.989990234375,90428900,MSFT
2022-01-27,288.8338317871094,299.8399963378906,307.29998779296875,297.92999267578125,302.6600036621094,53481300,MSFT
2022-01-28,296.94476318359375,308.260009765625,308.4800109863281,294.45001220703125,300.2300109863281,49743700,MSFT
2022-01-31,299.56494140625,310.9800109863281,312.3800048828125,306.3699951171875,308.95001220703125,46444500,MSFT
2022-02-01,297.42645263671875,308.760009765625,310.6300048828125,305.1300048828125,310.4100036621094,40950400,MSFT
2022-02-02,301.9538269042969,313.4599914550781,315.1199951171875,308.8800048828125,309.6300048828125,36636000,MSFT
2022-02-03,290.1920166015625,301.25,311.2300109863281,299.9599914550781,309.489990234375,43730000,MSFT
2022-02-04,294.7098693847656,305.94000244140625,308.79998779296875,299.9700012207031,300.2099914550781,35096500,MSFT
2022-02-07,289.90301513671875,300.95001220703125,307.8399963378906,299.8999938964844,306.1700134277344,28533300,MSFT
2022-02-08,293.3805847167969,304.55999755859375,305.55999755859375,299.95001220703125,301.25,32421200,MSFT
2022-02-09,299.7864074707031,311.2099914550781,311.92999267578125,307.3900146484375,309.8699951171875,31284700,MSFT
2022-02-10,291.2805480957031,302.3800048828125,309.1199951171875,300.70001220703125,304.0400085449219,45386200,MSFT
2022-02-11,284.21002197265625,295.0400085449219,304.2900085449219,294.2200012207031,303.19000244140625,39175600,MSFT
2022-02-14,284.17144775390625,295.0,296.760009765625,291.3500061035156,293.7699890136719,36359500,MSFT
2022-02-15,289.44073486328125,300.4700012207031,300.79998779296875,297.0199890136719,300.010009765625,27058300,MSFT
2022-02-16,289.102783203125,299.5,300.8699951171875,293.67999267578125,298.3699951171875,29982100,MSFT
2022-02-17,280.63726806640625,290.7300109863281,296.79998779296875,290.0,296.3599853515625,32461600,MSFT
2022-02-18,277.9345703125,287.92999267578125,293.8599853515625,286.30999755859375,293.04998779296875,34264000,MSFT
2022-02-22,277.7317810058594,287.7200012207031,291.5400085449219,284.5,285.0,41736100,MSFT
2022-02-23,270.5404052734375,280.2699890136719,291.70001220703125,280.1000061035156,290.17999267578125,37811200,MSFT
2022-02-24,284.36334228515625,294.5899963378906,295.1600036621094,271.5199890136719,272.510009765625,56989700,MSFT
2022-02-25,286.9888610839844,297.30999755859375,297.6300048828125,291.6499938964844,295.1400146484375,32546700,MSFT
2022-02-28,288.4175109863281,298.7900085449219,299.1400146484375,293.0,294.30999755859375,34627500,MSFT
2022-03-01,284.71075439453125,294.95001220703125,299.9700012207031,292.1499938964844,296.3999938964844,31217800,MSFT
2022-03-02,289.7689208984375,300.19000244140625,301.4700012207031,293.70001220703125,295.3599853515625,31873000,MSFT
2022-03-03,285.6470947265625,295.9200134277344,303.1300048828125,294.04998779296875,302.8900146484375,27314500,MSFT
2022-03-04,279.79742431640625,289.8599853515625,295.6600036621094,287.1700134277344,294.2900085449219,32356500,MSFT
2022-03-07,269.2276306152344,278.9100036621094,289.69000244140625,278.5299987792969,288.5299987792969,43157200,MSFT
2022-03-08,266.2738037109375,275.8500061035156,283.9599914550781,270.0,277.79998779296875,48159500,MSFT
2022-03-09,278.4847106933594,288.5,289.6000061035156,280.7799987792969,283.44000244140625,35204500,MSFT
2022-03-10,275.67572021484375,285.5899963378906,286.6000061035156,280.5799865722656,283.0199890136719,30628000,MSFT
2022-03-11,270.347412109375,280.07000732421875,289.510009765625,279.42999267578125,287.9599914550781,27209300,MSFT
2022-03-14,266.8433837890625,276.44000244140625,285.3999938964844,275.82000732421875,280.3399963378906,30660700,MSFT
2022-03-15,277.1815490722656,287.1499938964844,287.82000732421875,278.7300109863281,280.3500061035156,34245100,MSFT
2022-03-16,284.1702880859375,294.3900146484375,294.57000732421875,283.20001220703125,289.1099853515625,37826300,MSFT
2022-03-17,284.971435546875,295.2200012207031,295.6099853515625,289.3699951171875,293.2900085449219,30816600,MSFT
2022-03-18,290.0005187988281,300.42999267578125,301.0,292.7300109863281,295.3699951171875,43390600,MSFT
2022-03-21,288.77459716796875,299.1600036621094,300.1400146484375,294.8999938964844,298.8900146484375,28351200,MSFT
2022-03-22,293.5045471191406,304.05999755859375,305.0,298.7699890136719,299.79998779296875,27599700,MSFT
2022-03-23,289.09320068359375,299.489990234375,303.2300109863281,297.7200012207031,300.510009765625,25715400,MSFT
2022-03-24,293.54315185546875,304.1000061035156,304.20001220703125,298.32000732421875,299.1400146484375,24484500,MSFT
2022-03-25,293.1377868652344,303.67999267578125,305.5,299.2900085449219,305.2300109863281,22566500,MSFT
2022-03-28,299.9140930175781,310.70001220703125,310.79998779296875,304.3299865722656,304.3299865722656,29578200,MSFT
2022-03-29,304.4604797363281,315.4100036621094,315.82000732421875,309.04998779296875,313.9100036621094,30393400,MSFT
2022-03-30,302.96435546875,313.8599853515625,315.95001220703125,311.5799865722656,313.760009765625,28163600,MSFT
2022-03-31,297.60699462890625,308.30999755859375,315.1400146484375,307.8900146484375,313.8999938964844,33422100,MSFT
2022-04-01,298.6784362792969,309.4200134277344,310.1300048828125,305.5400085449219,309.3699951171875,27110500,MSFT
2022-04-04,304.03582763671875,314.9700012207031,315.1099853515625,309.7099914550781,310.0899963378906,24289600,MSFT
2022-04-05,300.0877990722656,310.8800048828125,314.8699951171875,309.8699951171875,313.2699890136719,23156700,MSFT
2022-04-06,289.102783203125,299.5,307.0,296.7099914550781,305.19000244140625,40110400,MSFT
2022-04-07,290.90789794921875,301.3699951171875,303.6499938964844,296.3500061035156,296.6600036621094,31411200,MSFT
2022-04-08,286.66070556640625,296.9700012207031,301.1199951171875,296.2799987792969,300.44000244140625,24361900,MSFT
2022-04-11,275.3571472167969,285.260009765625,292.6099853515625,285.0,291.7900085449219,34569300,MSFT
2022-04-12,272.2682800292969,282.05999755859375,290.739990234375,280.489990234375,289.239990234375,30966700,MSFT
2022-04-13,277.63525390625,287.6199951171875,288.5799865722656,281.29998779296875,282.7300109863281,21907200,MSFT
2022-04-14,270.1156311035156,279.8299865722656,288.30999755859375,279.32000732421875,288.0899963378906,28221600,MSFT
2022-04-18,270.7816162109375,280.5199890136719,282.4599914550781,278.3399963378906,278.9100036621094,20778000,MSFT
2022-04-19,275.3958435058594,285.29998779296875,286.1700134277344,278.4100036621094,279.3800048828125,22297700,MSFT
2022-04-20,276.41900634765625,286.3599853515625,289.70001220703125,285.3699951171875,289.3999938964844,22906700,MSFT
2022-04-21,271.0617370605469,280.80999755859375,293.29998779296875,280.05999755859375,288.5799865722656,29454600,MSFT
2022-04-22,264.5170593261719,274.0299987792969,283.20001220703125,273.3800048828125,281.67999267578125,29405800,MSFT
2022-04-25,270.9748229980469,280.7200012207031,281.1099853515625,270.7699890136719,273.2900085449219,35678900,MSFT
2022-04-26,260.83929443359375,270.2200012207031,278.3599853515625,270.0,277.5,46518400,MSFT
2022-04-27,273.3880615234375,283.2200012207031,290.9700012207031,279.1600036621094,282.1000061035156,63477700,MSFT
2022-04-28,279.5754699707031,289.6300048828125,290.9800109863281,281.4599914550781,285.19000244140625,33646600,MSFT
2022-04-29,267.8858947753906,277.5199890136719,289.8800048828125,276.5,288.6099853515625,37073900,MSFT
2022-05-02,274.5946044921875,284.4700012207031,284.94000244140625,276.2200012207031,277.7099914550781,35151100,MSFT
2022-05-03,271.99798583984375,281.7799987792969,284.1300048828125,280.1499938964844,283.9599914550781,25978600,MSFT
2022-05-04,279.9133605957031,289.9800109863281,290.8800048828125,276.7300109863281,282.5899963378906,33599300,MSFT
2022-05-05,267.7217712402344,277.3500061035156,286.3500061035156,274.3399963378906,285.5400085449219,43260400,MSFT
2022-05-06,265.1927185058594,274.7300109863281,279.25,271.2699890136719,274.80999755859375,37780300,MSFT
2022-05-09,255.3950653076172,264.5799865722656,272.3599853515625,263.32000732421875,270.05999755859375,47726000,MSFT
2022-05-10,260.1443176269531,269.5,273.75,265.07000732421875,271.69000244140625,39336400,MSFT
2022-05-11,251.5050048828125,260.54998779296875,271.3599853515625,259.29998779296875,265.67999267578125,48975900,MSFT
2022-05-12,246.4855194091797,255.35000610351562,259.8800048828125,250.02000427246094,257.69000244140625,51033800,MSFT
2022-05-13,252.05519104003906,261.1199951171875,263.0400085449219,255.35000610351562,257.3500061035156,34925100,MSFT
2022-05-16,252.42202758789062,261.5,265.82000732421875,255.77999877929688,259.9599914550781,32550900,MSFT
2022-05-17,257.5572509765625,266.82000732421875,268.3299865722656,262.4599914550781,266.1099853515625,28828800,MSFT
2022-05-18,245.8308563232422,254.0800018310547,263.6000061035156,252.77000427246094,263.0,31356000,MSFT
2022-05-19,244.92135620117188,253.13999938964844,257.6700134277344,251.8800048828125,253.89999389648438,32692300,MSFT
2022-05-20,244.36016845703125,252.55999755859375,258.5400085449219,246.44000244140625,257.239990234375,39199300,MSFT
2022-05-23,252.18756103515625,260.6499938964844,261.5,253.42999267578125,255.49000549316406,33175400,MSFT
2022-05-24,251.19097900390625,259.6199951171875,261.3299865722656,253.5,257.8900146484375,29043900,MSFT
2022-05-25,253.9967498779297,262.5199890136719,264.5799865722656,257.1300048828125,258.1400146484375,28547900,MSFT
2022-05-26,257.26702880859375,265.8999938964844,267.1099853515625,261.42999267578125,262.2699890136719,25002100,MSFT
2022-05-27,264.36871337890625,273.239990234375,273.3399963378906,267.55999755859375,268.4800109863281,26910800,MSFT
2022-05-31,263.04327392578125,271.8699951171875,274.7699890136719,268.92999267578125,272.5299987792969,37827700,MSFT
2022-06-01,263.575439453125,272.4200134277344,277.69000244140625,270.0400085449219,275.20001220703125,25292200,MSFT
2022-06-02,265.66522216796875,274.5799865722656,274.6499938964844,261.6000061035156,264.45001220703125,44008200,MSFT
2022-06-03,261.2532958984375,270.0199890136719,273.45001220703125,268.4100036621094,270.30999755859375,28059000,MSFT
2022-06-06,260.0245056152344,268.75,274.17999267578125,267.2200012207031,272.05999755859375,22400300,MSFT
2022-06-07,263.6528625488281,272.5,273.1300048828125,265.94000244140625,266.6400146484375,22860700,MSFT
2022-06-08,261.630615234375,270.4100036621094,273.0,269.6099853515625,271.7099914550781,17372300,MSFT
2022-06-09,256.193115234375,264.7900085449219,272.7099914550781,264.6300048828125,267.7799987792969,26439700,MSFT
2022-06-10,244.77622985839844,252.99000549316406,260.5799865722656,252.52999877929688,260.5799865722656,31422800,MSFT
2022-06-13,234.39459228515625,242.25999450683594,249.02000427246094,241.52999877929688,245.11000061035156,46135800,MSFT
2022-06-14,236.5521697998047,244.49000549316406,245.74000549316406,241.50999450683594,243.86000061035156,28651500,MSFT
2022-06-15,243.58612060546875,251.75999450683594,255.3000030517578,246.4199981689453,248.30999755859375,33111700,MSFT
2022-06-16,237.01658630371094,244.97000122070312,247.4199981689453,243.02000427246094,245.97999572753906,33169200,MSFT
2022-06-17,239.60955810546875,247.64999389648438,250.5,244.02999877929688,244.6999969482422,43084800,MSFT
2022-06-21,245.5018768310547,253.74000549316406,254.75,249.50999450683594,250.25999450683594,29928300,MSFT
2022-06-22,244.91171264648438,253.1300048828125,257.1700134277344,250.3699951171875,251.88999938964844,25939900,MSFT
2022-06-23,250.45562744140625,258.8599853515625,259.3699951171875,253.6300048828125,255.57000732421875,25861400,MSFT
2022-06-24,259.00860595703125,267.70001220703125,267.9800109863281,261.7200012207031,261.80999755859375,33923200,MSFT
2022-06-27,256.289794921875,264.8900146484375,268.29998779296875,263.2799987792969,268.2099914550781,24615100,MSFT
2022-06-28,248.1529083251953,256.4800109863281,266.9100036621094,256.32000732421875,263.9800109863281,27295500,MSFT
2022-06-29,251.81015014648438,260.260009765625,261.9700012207031,255.75999450683594,257.5899963378906,20069800,MSFT
2022-06-30,248.49151611328125,256.8299865722656,259.5299987792969,252.89999389648438,257.04998779296875,31730900,MSFT
2022-07-01,251.1522674560547,259.5799865722656,259.7699890136719,254.61000061035156,256.3900146484375,22837700,MSFT
2022-07-05,254.31610107421875,262.8500061035156,262.9800109863281,254.74000549316406,256.1600036621094,22941000,MSFT
2022-07-06,257.5669860839844,266.2099914550781,267.989990234375,262.3999938964844,263.75,23824400,MSFT
2022-07-07,259.6859436035156,268.3999938964844,269.05999755859375,265.0199890136719,265.1199951171875,20859900,MSFT
2022-07-08,258.9699401855469,267.6600036621094,268.1000061035156,263.2900085449219,264.7900085449219,19658800,MSFT
2022-07-11,255.92218017578125,264.510009765625,266.5299987792969,262.17999267578125,265.6499938964844,19455200,MSFT
2022-07-12,245.4341278076172,253.6699981689453,265.94000244140625,252.0399932861328,265.8800048828125,35868500,MSFT
2022-07-13,244.51498413085938,252.72000122070312,253.5500030517578,248.11000061035156,250.19000244140625,29497400,MSFT
2022-07-14,245.8308563232422,254.0800018310547,255.13999938964844,245.94000244140625,250.57000732421875,25102800,MSFT
2022-07-15,248.3851318359375,256.7200012207031,260.3699951171875,254.77000427246094,255.72000122070312,29774100,MSFT
2022-07-18,245.9953155517578,254.25,260.8399963378906,253.3000030517578,259.75,20975000,MSFT
2022-07-19,251.1038818359375,259.5299987792969,259.7200012207031,253.67999267578125,257.5799865722656,25012600,MSFT
2022-07-20,253.7548828125,262.2699890136719,264.8699951171875,258.9100036621094,259.8999938964844,22788300,MSFT
2022-07-21,256.2415771484375,264.8399963378906,264.8900146484375,257.0299987792969,259.7900085449219,22404700,MSFT
2022-07-22,251.9069061279297,260.3599853515625,265.3299865722656,259.07000732421875,265.239990234375,21881300,MSFT
2022-07-25,250.4265594482422,258.8299865722656,261.5,256.80999755859375,261.0,21056000,MSFT
2022-07-26,243.7216339111328,251.89999389648438,259.8800048828125,249.57000732421875,259.8599853515625,39348000,MSFT
2022-07-27,260.014892578125,268.739990234375,270.04998779296875,258.8500061035156,261.1600036621094,45994000,MSFT
2022-07-28,267.4358215332031,276.4100036621094,277.8399963378906,267.8699951171875,269.75,33459300,MSFT
2022-07-29,271.6252746582031,280.739990234375,282.0,276.6300048828125,277.70001220703125,32152800,MSFT
2022-08-01,268.9839172363281,278.010009765625,281.2799987792969,275.8399963378906,277.82000732421875,21539600,MSFT
2022-08-02,265.89752197265625,274.82000732421875,277.8900146484375,272.3800048828125,276.0,22754200,MSFT
2022-08-03,273.299072265625,282.4700012207031,283.5,276.6099853515625,276.760009765625,23518900,MSFT
2022-08-04,274.4407958984375,283.6499938964844,283.79998779296875,280.1700134277344,281.79998779296875,18098700,MSFT
2022-08-05,273.7248229980469,282.9100036621094,283.6499938964844,278.67999267578125,279.1499938964844,16774600,MSFT
2022-08-08,271.2189025878906,280.32000732421875,285.9200134277344,279.32000732421875,284.04998779296875,18739200,MSFT
2022-08-09,273.1346435546875,282.29998779296875,283.0799865722656,277.6099853515625,279.6400146484375,23405200,MSFT
2022-08-10,279.7718505859375,289.1600036621094,289.80999755859375,286.94000244140625,288.1700134277344,24687800,MSFT
2022-08-11,277.7012939453125,287.0199890136719,291.2099914550781,286.510009765625,290.8500061035156,20065900,MSFT
2022-08-12,282.4326477050781,291.9100036621094,291.9100036621094,286.94000244140625,288.4800109863281,22619700,MSFT
2022-08-15,283.94195556640625,293.4700012207031,294.17999267578125,290.1099853515625,291.0,18085700,MSFT
2022-08-16,283.2066345214844,292.7099914550781,294.0400085449219,290.4200134277344,291.989990234375,18102900,MSFT
2022-08-17,282.4599914550781,291.32000732421875,293.3500061035156,289.4700012207031,289.739990234375,18253400,MSFT
2022-08-18,281.34503173828125,290.1700134277344,291.9100036621094,289.0799865722656,290.19000244140625,17186200,MSFT
2022-08-19,277.44732666015625,286.1499938964844,289.25,285.55999755859375,288.8999938964844,20570000,MSFT
2022-08-22,269.3027648925781,277.75,282.4599914550781,277.2200012207031,282.0799865722656,25061100,MSFT
2022-08-23,268.0325622558594,276.44000244140625,278.8599853515625,275.3999938964844,276.44000244140625,17527400,MSFT
2022-08-24,267.4023742675781,275.7900085449219,277.2300109863281,275.1099853515625,275.4100036621094,18137000,MSFT
2022-08-25,270.369384765625,278.8500061035156,279.0199890136719,274.5199890136719,277.3299865722656,16583400,MSFT
2022-08-26,259.9365234375,268.0899963378906,280.3399963378906,267.9800109863281,279.0799865722656,27549300,MSFT
2022-08-29,257.16351318359375,265.2300109863281,267.3999938964844,263.8500061035156,265.8500061035156,20338500,MSFT
2022-08-30,254.97225952148438,262.9700012207031,267.04998779296875,260.6600036621094,266.6700134277344,22767100,MSFT
2022-08-31,253.51785278320312,261.4700012207031,267.1099853515625,261.3299865722656,265.3900146484375,24791800,MSFT
2022-09-01,252.48040771484375,260.3999938964844,260.8900146484375,255.41000366210938,258.8699951171875,23263400,MSFT
2022-09-02,248.2724151611328,256.05999755859375,264.739990234375,254.47000122070312,261.70001220703125,22855400,MSFT
2022-09-06,245.5478515625,253.25,257.8299865722656,251.94000244140625,256.20001220703125,21328200,MSFT
2022-09-07,250.24066162109375,258.0899963378906,258.8299865722656,253.22000122070312,254.6999969482422,24126700,MSFT
2022-09-08,250.6575927734375,258.5199890136719,260.42999267578125,254.7899932861328,257.510009765625,20319900,MSFT
2022-09-09,256.4169616699219,264.4599914550781,265.2300109863281,260.2900085449219,260.5,22084700,MSFT
2022-09-12,258.54034423828125,266.6499938964844,267.45001220703125,265.1600036621094,265.7799987792969,18747700,MSFT
2022-09-13,244.32618713378906,251.99000549316406,260.3999938964844,251.58999633789062,258.8399963378906,33353300,MSFT
2022-09-14,244.54920959472656,252.22000122070312,254.22999572753906,249.86000061035156,253.52999877929688,23913000,MSFT
2022-09-15,237.917236328125,245.3800048828125,251.39999389648438,244.02000427246094,249.77000427246094,31530900,MSFT
2022-09-16,237.2967071533203,244.74000549316406,245.3000030517578,242.05999755859375,244.25999450683594,39791800,MSFT
2022-09-19,237.08338928222656,244.52000427246094,245.13999938964844,240.85000610351562,242.47000122070312,26826900,MSFT
2022-09-20,235.07635498046875,242.4499969482422,243.50999450683594,239.63999938964844,242.07000732421875,26660300,MSFT
2022-09-21,231.68276977539062,238.9499969482422,247.66000366210938,238.89999389648438,244.27000427246094,28625600,MSFT
2022-09-22,233.65103149414062,240.97999572753906,243.86000061035156,237.57000732421875,237.8699951171875,31061200,MSFT
2022-09-23,230.68409729003906,237.9199981689453,241.1300048828125,235.1999969482422,239.5399932861328,34176000,MSFT
2022-09-26,230.22840881347656,237.4499969482422,241.4499969482422,236.89999389648438,237.0500030517578,27694200,MSFT
2022-09-27,229.22003173828125,236.41000366210938,241.8000030517578,234.5,239.97999572753906,27018700,MSFT
2022-09-28,233.73829650878906,241.07000732421875,242.3300018310547,234.72999572753906,236.80999755859375,29029700,MSFT
2022-09-29,230.27687072753906,237.5,239.9499969482422,234.41000366210938,238.88999938964844,27484200,MSFT
2022-09-30,225.81678771972656,232.89999389648438,240.5399932861328,232.72999572753906,238.2899932861328,35694800,MSFT
2022-10-03,233.41836547851562,240.74000549316406,241.61000061035156,234.66000366210938,235.41000366210938,28880400,MSFT
2022-10-04,241.31080627441406,248.8800048828125,250.36000061035156,244.97999572753906,245.08999633789062,34888400,MSFT
2022-10-05,241.62106323242188,249.1999969482422,250.5800018310547,244.10000610351562,245.99000549316406,20347100,MSFT
2022-10-06,239.28433227539062,246.7899932861328,250.33999633789062,246.0800018310547,247.92999267578125,20239900,MSFT
2022-10-07,227.11602783203125,234.24000549316406,241.32000732421875,233.1699981689453,240.89999389648438,37769600,MSFT
2022-10-10,222.27774047851562,229.25,234.55999755859375,226.72999572753906,233.0500030517578,29743600,MSFT
2022-10-11,218.55459594726562,225.41000366210938,229.05999755859375,224.11000061035156,227.6199951171875,30474000,MSFT
2022-10-12,218.8842010498047,225.75,227.86000061035156,223.9600067138672,225.39999389648438,21903900,MSFT
2022-10-13,227.11602783203125,234.24000549316406,236.10000610351562,219.1300048828125,219.85000610351562,42551800,MSFT
2022-10-14,221.6087646484375,228.55999755859375,237.24000549316406,228.33999633789062,235.5399932861328,30198600,MSFT
2022-10-17,230.30593872070312,237.52999877929688,238.9600067138672,235.13999938964844,235.82000732421875,28142300,MSFT
2022-10-18,231.24649047851562,238.5,243.92999267578125,235.3699951171875,243.24000549316406,26329600,MSFT
2022-10-19,229.2878875732422,236.47999572753906,239.61000061035156,234.2899932861328,237.0399932861328,19985700,MSFT
2022-10-20,228.9679412841797,236.14999389648438,241.30999755859375,234.8699951171875,235.77000427246094,21811000,MSFT
2022-10-21,234.7563934326172,242.1199951171875,243.0,234.5,234.74000549316406,26299700,MSFT
2022-10-24,239.73036193847656,247.25,247.83999633789062,241.3000030517578,243.75999450683594,24911200,MSFT
2022-10-25,243.03665161132812,250.66000366210938,251.0399932861328,245.8300018310547,247.25999450683594,34775500,MSFT
2022-10-26,224.2848358154297,231.32000732421875,238.3000030517578,230.05999755859375,231.1699981689453,82543200,MSFT
2022-10-27,219.8538055419922,226.75,233.69000244140625,225.77999877929688,231.0399932861328,40424600,MSFT
2022-10-28,228.69644165039062,235.8699951171875,236.60000610351562,226.0500030517578,226.24000549316406,40647700,MSFT
2022-10-31,225.07022094726562,232.1300048828125,234.9199981689453,231.14999389648438,233.75999450683594,28357300,MSFT
2022-11-01,221.23060607910156,228.1699981689453,235.74000549316406,227.3300018310547,234.60000610351562,30592300,MSFT
2022-11-02,213.40609741210938,220.10000610351562,231.3000030517578,220.0399932861328,229.4600067138672,38407000,MSFT
2022-11-03,207.7339630126953,214.25,220.41000366210938,213.97999572753906,220.08999633789062,36633900,MSFT
2022-11-04,214.65684509277344,221.38999938964844,221.58999633789062,213.42999267578125,217.5500030517578,36789100,MSFT
2022-11-07,220.93972778320312,227.8699951171875,228.41000366210938,221.27999877929688,221.99000549316406,33498000,MSFT
2022-11-08,221.90931701660156,228.8699951171875,231.64999389648438,225.83999633789062,228.6999969482422,28192500,MSFT
2022-11-09,217.6819610595703,224.50999450683594,228.6300048828125,224.3300018310547,227.3699951171875,27852900,MSFT
2022-11-10,235.5902099609375,242.97999572753906,243.3300018310547,235.0,235.42999267578125,46268000,MSFT
2022-11-11,239.5946044921875,247.11000061035156,247.99000549316406,241.92999267578125,242.99000549316406,34620200,MSFT
2022-11-14,234.20367431640625,241.5500030517578,243.91000366210938,239.2100067138672,241.99000549316406,31123300,MSFT
2022-11-15,234.61093139648438,241.97000122070312,247.0,240.02999877929688,245.66000366210938,31390100,MSFT
2022-11-16,235.0387420654297,241.72999572753906,243.8000030517578,240.4199981689453,242.7899932861328,24093300,MSFT
2022-11-17,234.9901123046875,241.67999267578125,243.25,237.6300048828125,237.77999877929688,23123500,MSFT
2022-11-18,234.54286193847656,241.22000122070312,243.74000549316406,239.02999877929688,243.50999450683594,27613500,MSFT
2022-11-21,235.34986877441406,242.0500030517578,244.6699981689453,241.19000244140625,241.42999267578125,26394700,MSFT
2022-11-22,238.24737548828125,245.02999877929688,245.30999755859375,240.7100067138672,243.58999633789062,19665700,MSFT
2022-11-23,240.72683715820312,247.5800018310547,248.27999877929688,244.27000427246094,245.11000061035156,19508500,MSFT
2022-11-25,240.63931274414062,247.49000549316406,248.6999969482422,246.72999572753906,247.30999755859375,9200800,MSFT
2022-11-28,235.06790161132812,241.75999450683594,246.64999389648438,240.8000030517578,246.0800018310547,24778200,MSFT
2022-11-29,233.67750549316406,240.3300018310547,242.7899932861328,238.2100067138672,241.39999389648438,17956300,MSFT
2022-11-30,248.07752990722656,255.13999938964844,255.3300018310547,239.86000061035156,240.57000732421875,47594200,MSFT
2022-12-01,247.64002990722656,254.69000244140625,256.1199951171875,250.9199981689453,253.8699951171875,26041500,MSFT
2022-12-02,247.96087646484375,255.02000427246094,256.05999755859375,249.69000244140625,249.82000732421875,21528500,MSFT
2022-12-05,243.27426147460938,250.1999969482422,253.82000732421875,248.05999755859375,252.00999450683594,23435300,MSFT
2022-12-06,238.3349151611328,245.1199951171875,251.86000061035156,243.77999877929688,250.82000732421875,22463700,MSFT
2022-12-07,237.6056365966797,244.3699951171875,246.16000366210938,242.2100067138672,244.8300018310547,20481500,MSFT
2022-12-08,240.55177307128906,247.39999389648438,248.74000549316406,243.05999755859375,244.83999633789062,22611800,MSFT
2022-12-09,238.62661743164062,245.4199981689453,248.30999755859375,244.16000366210938,244.6999969482422,20609700,MSFT
2022-12-12,245.52035522460938,252.50999450683594,252.5399932861328,247.1699981689453,247.4499969482422,30665100,MSFT
2022-12-13,249.8082733154297,256.9200134277344,263.9200134277344,253.07000732421875,261.69000244140625,42196900,MSFT
2022-12-14,250.09999084472656,257.2200012207031,262.5899963378906,254.30999755859375,257.1300048828125,35410900,MSFT
2022-12-15,242.11721801757812,249.00999450683594,254.1999969482422,247.33999633789062,253.72000122070312,35560400,MSFT
2022-12-16,237.9168243408203,244.69000244140625,249.83999633789062,243.50999450683594,248.5500030517578,86102000,MSFT
2022-12-19,233.7941436767578,240.4499969482422,245.2100067138672,238.7100067138672,244.86000061035156,29696400,MSFT
2022-12-20,235.10684204101562,241.8000030517578,242.91000366210938,238.4199981689453,239.39999389648438,25150800,MSFT
2022-12-21,237.66400146484375,244.42999267578125,245.6199951171875,240.11000061035156,241.69000244140625,23690600,MSFT
2022-12-22,231.5967254638672,238.19000244140625,241.99000549316406,233.8699951171875,241.25999450683594,28651700,MSFT
2022-12-23,232.1217803955078,238.72999572753906,238.8699951171875,233.94000244140625,236.11000061035156,21207000,MSFT
2022-12-27,230.40081787109375,236.9600067138672,238.92999267578125,235.8300018310547,238.6999969482422,16688600,MSFT
2022-12-28,228.03807067871094,234.52999877929688,239.72000122070312,234.1699981689453,236.88999938964844,17457100,MSFT
2022-12-29,234.3386688232422,241.00999450683594,241.9199981689453,235.64999389648438,235.64999389648438,19770700,MSFT
2022-12-30,233.18162536621094,239.82000732421875,239.9600067138672,236.66000366210938,238.2100067138672,21938500,MSFT
2023-01-03,232.9482421875,239.5800018310547,245.75,237.39999389648438,243.0800018310547,25740000,MSFT
2023-01-04,222.7583770751953,229.10000610351562,232.8699951171875,225.9600067138672,232.27999877929688,50623400,MSFT
2023-01-05,216.1562957763672,222.30999755859375,227.5500030517578,221.75999450683594,227.1999969482422,39585600,MSFT
2023-01-06,218.7037811279297,224.92999267578125,225.75999450683594,219.35000610351562,223.0,43613600,MSFT
2023-01-09,220.8331298828125,227.1199951171875,231.24000549316406,226.41000366210938,226.4499969482422,27369800,MSFT
2023-01-10,222.5152587890625,228.85000610351562,231.30999755859375,227.3300018310547,227.75999450683594,27033900,MSFT
2023-01-11,229.2437286376953,235.77000427246094,235.9499969482422,231.11000061035156,231.2899932861328,28669300,MSFT
2023-01-12,231.9078826904297,238.50999450683594,239.89999389648438,233.55999755859375,235.25999450683594,27269500,MSFT
2023-01-13,232.6079559326172,239.22999572753906,239.3699951171875,234.9199981689453,237.0,21333300,MSFT
2023-01-17,233.69696044921875,240.35000610351562,240.91000366210938,237.08999633789062,237.97000122070312,29831300,MSFT
2023-01-18,229.28260803222656,235.80999755859375,242.3800048828125,235.52000427246094,241.57000732421875,30028700,MSFT
2023-01-19,225.51004028320312,231.92999267578125,235.52000427246094,230.67999267578125,233.77999877929688,28623000,MSFT
2023-01-20,233.57058715820312,240.22000122070312,240.74000549316406,234.50999450683594,234.86000061035156,35389800,MSFT
2023-01-23,235.86521911621094,242.5800018310547,245.1699981689453,239.64999389648438,241.10000610351562,31934000,MSFT
2023-01-24,235.3401641845703,242.0399932861328,243.9499969482422,240.44000244140625,242.5,40234400,MSFT
2023-01-25,233.9497528076172,240.61000061035156,243.3000030517578,230.89999389648438,234.47999572753906,66526600,MSFT
2023-01-26,241.13519287109375,248.0,248.30999755859375,242.0,243.64999389648438,33454500,MSFT
2023-01-27,241.29075622558594,248.16000366210938,249.8300018310547,246.8300018310547,248.99000549316406,26498900,MSFT
2023-01-30,235.9916229248047,242.7100067138672,245.60000610351562,242.1999969482422,244.50999450683594,25867400,MSFT
2023-01-31,240.95046997070312,247.80999755859375,247.9499969482422,242.9499969482422,243.4499969482422,26541100,MSFT
2023-02-01,245.75369262695312,252.75,255.17999267578125,245.47000122070312,248.0,31259900,MSFT
2023-02-02,257.2757263183594,264.6000061035156,264.69000244140625,257.25,258.82000732421875,39940400,MSFT
2023-02-03,251.19869995117188,258.3500061035156,264.20001220703125,257.1000061035156,259.5400085449219,29077300,MSFT
2023-02-06,249.66241455078125,256.7699890136719,258.29998779296875,254.77999877929688,257.44000244140625,22518000,MSFT
2023-02-07,260.15374755859375,267.55999755859375,268.7699890136719,260.0799865722656,260.5299987792969,50841400,MSFT
2023-02-08,259.34674072265625,266.7300109863281,276.760009765625,266.2099914550781,273.20001220703125,54686000,MSFT
2023-02-09,256.32281494140625,263.6199951171875,273.9800109863281,262.79998779296875,273.79998779296875,42375100,MSFT
2023-02-10,255.81723022460938,263.1000061035156,264.0899963378906,260.6600036621094,261.5299987792969,25818500,MSFT
2023-02-13,263.8096923828125,271.32000732421875,274.6000061035156,267.1499938964844,267.6400146484375,44630900,MSFT
2023-02-14,264.6361389160156,272.1700134277344,274.9700012207031,269.2799987792969,272.6700134277344,37047900,MSFT
2023-02-15,262.52093505859375,269.32000732421875,270.7300109863281,266.17999267578125,268.32000732421875,28922400,MSFT
2023-02-16,255.53189086914062,262.1499938964844,266.739990234375,261.8999938964844,264.0199890136719,29603600,MSFT
2023-02-17,251.54519653320312,258.05999755859375,260.0899963378906,256.0,259.3900146484375,30000100,MSFT
2023-02-21,246.29129028320312,252.6699981689453,255.49000549316406,251.58999633789062,254.47999572753906,28397400,MSFT
2023-02-22,245.16053771972656,251.50999450683594,254.33999633789062,250.33999633789062,254.08999633789062,22491100,MSFT
2023-02-23,248.3382568359375,254.77000427246094,256.8399963378906,250.47999572753906,255.55999755859375,29219100,MSFT
2023-02-24,242.92837524414062,249.22000122070312,251.0,248.10000610351562,249.9600067138672,24990900,MSFT
2023-02-27,243.84463500976562,250.16000366210938,252.82000732421875,249.38999938964844,252.4600067138672,21190000,MSFT
2023-02-28,243.12332153320312,249.4199981689453,251.49000549316406,248.72999572753906,249.07000732421875,22491000,MSFT
2023-03-01,240.0528564453125,246.27000427246094,250.92999267578125,245.7899932861328,250.75999450683594,27565300,MSFT
2023-03-02,244.77064514160156,251.11000061035156,251.39999389648438,245.61000061035156,246.5500030517578,24808200,MSFT
2023-03-03,248.84510803222656,255.2899932861328,255.6199951171875,251.38999938964844,252.19000244140625,30760100,MSFT
2023-03-06,250.38523864746094,256.8699951171875,260.1199951171875,255.97999572753906,256.42999267578125,24109800,MSFT
2023-03-07,247.73388671875,254.14999389648438,257.69000244140625,253.38999938964844,256.29998779296875,21473200,MSFT
2023-03-08,247.29525756835938,253.6999969482422,254.5399932861328,250.80999755859375,254.0399932861328,17340200,MSFT
2023-03-09,245.95010375976562,252.32000732421875,259.55999755859375,251.5800018310547,255.82000732421875,26653400,MSFT
2023-03-10,242.31427001953125,248.58999633789062,252.7899932861328,247.60000610351562,251.0800018310547,28333900,MSFT
2023-03-13,247.5097198486328,253.9199981689453,257.9100036621094,245.72999572753906,247.39999389648438,33339700,MSFT
2023-03-14,254.206298828125,260.7900085449219,261.07000732421875,255.86000061035156,256.75,33620300,MSFT
2023-03-15,258.7388916015625,265.44000244140625,266.4800109863281,259.2099914550781,259.9800109863281,46028000,MSFT
2023-03-16,269.2272644042969,276.20001220703125,276.55999755859375,263.2799987792969,265.2099914550781,54768800,MSFT
2023-03-17,272.3757019042969,279.42999267578125,283.3299865722656,276.32000732421875,278.260009765625,69527400,MSFT
2023-03-20,265.3574523925781,272.2300109863281,277.4800109863281,269.8500061035156,276.9800109863281,43466600,MSFT
2023-03-21,266.8683166503906,273.7799987792969,275.0,269.5199890136719,274.8800048828125,34558700,MSFT
2023-03-22,265.4159240722656,272.2900085449219,281.0400085449219,272.17999267578125,273.3999938964844,34873300,MSFT
2023-03-23,270.650390625,277.6600036621094,281.05999755859375,275.20001220703125,277.94000244140625,36610900,MSFT
2023-03-24,273.4869079589844,280.57000732421875,280.6300048828125,275.2799987792969,277.239990234375,28172000,MSFT
2023-03-27,269.4027404785156,276.3800048828125,281.4599914550781,275.5199890136719,280.5,26840200,MSFT
2023-03-28,268.2817077636719,275.2300109863281,276.1400146484375,272.04998779296875,275.7900085449219,21878600,MSFT
2023-03-29,273.4284362792969,280.510009765625,281.1400146484375,278.4100036621094,278.9599914550781,25087000,MSFT
2023-03-30,276.879150390625,284.04998779296875,284.4599914550781,281.4800109863281,284.2300109863281,25053400,MSFT
2023-03-31,281.0217590332031,288.29998779296875,289.2699890136719,283.0,283.7300109863281,32766000,MSFT
2023-04-03,279.9787902832031,287.2300109863281,288.2699890136719,283.95001220703125,286.5199890136719,24883300,MSFT
2023-04-04,279.9300231933594,287.17999267578125,290.45001220703125,285.6700134277344,287.2300109863281,25824300,MSFT
2023-04-05,277.1617126464844,284.3399963378906,287.1499938964844,282.9200134277344,285.8500061035156,22064800,MSFT
2023-04-06,284.2384338378906,291.6000061035156,292.0799865722656,282.0299987792969,283.2099914550781,29770300,MSFT
2023-04-10,282.0843200683594,289.3900146484375,289.6000061035156,284.7099914550781,289.2099914550781,23103000,MSFT
2023-04-11,275.6898193359375,282.8299865722656,285.9800109863281,281.6400146484375,285.75,27276600,MSFT
2023-04-12,276.33319091796875,283.489990234375,287.010009765625,281.9599914550781,284.7900085449219,27403400,MSFT
2023-04-13,282.52288818359375,289.8399963378906,289.8999938964844,283.1700134277344,283.5899963378906,24222700,MSFT
2023-04-14,278.9162902832031,286.1400146484375,288.4800109863281,283.69000244140625,287.0,20987900,MSFT
2023-04-17,281.50909423828125,288.79998779296875,291.6000061035156,286.1600036621094,289.92999267578125,23836200,MSFT
2023-04-18,281.0899963378906,288.3699951171875,291.760009765625,287.010009765625,291.57000732421875,20161800,MSFT
2023-04-19,281.16802978515625,288.45001220703125,289.04998779296875,284.5400085449219,285.989990234375,17150300,MSFT
2023-04-20,278.88702392578125,286.1099853515625,289.0299987792969,285.0799865722656,285.25,23244400,MSFT
2023-04-21,278.5459289550781,285.760009765625,286.2699890136719,283.05999755859375,285.010009765625,21676400,MSFT
2023-04-24,274.6565856933594,281.7699890136719,284.95001220703125,278.7200012207031,282.0899963378906,26611000,MSFT
2023-04-25,268.4669494628906,275.4200134277344,281.6000061035156,275.3699951171875,279.510009765625,45772200,MSFT
2023-04-26,287.91326904296875,295.3699951171875,299.57000732421875,292.7300109863281,296.70001220703125,64599200,MSFT
2023-04-27,297.1345520019531,304.8299865722656,305.20001220703125,295.25,295.9700012207031,46462600,MSFT
2023-04-28,299.5030517578125,307.260009765625,308.92999267578125,303.30999755859375,304.010009765625,36469600,MSFT
2023-05-01,297.84600830078125,305.55999755859375,308.6000061035156,305.1499938964844,306.9700012207031,21294100,MSFT
2023-05-02,297.6997985839844,305.4100036621094,309.17999267578125,303.9100036621094,307.760009765625,26404400,MSFT
2023-05-03,296.71533203125,304.3999938964844,308.6099853515625,304.0899963378906,306.6199951171875,22360800,MSFT
2023-05-04,297.6997985839844,305.4100036621094,307.760009765625,303.3999938964844,306.239990234375,22519900,MSFT
2023-05-05,302.8075256347656,310.6499938964844,311.9700012207031,304.2699890136719,305.7200012207031,28197100,MSFT
2023-05-08,300.8580322265625,308.6499938964844,310.20001220703125,306.0899963378906,310.1300048828125,21318600,MSFT
2023-05-09,299.2496643066406,307.0,310.0400085449219,306.30999755859375,308.0,21340800,MSFT
2023-05-10,304.4256286621094,312.30999755859375,313.0,307.6700134277344,308.6199951171875,30078000,MSFT
2023-05-11,302.2811584472656,310.1099853515625,311.1199951171875,306.260009765625,310.1000061035156,31680200,MSFT
2023-05-12,301.16998291015625,308.9700012207031,310.6499938964844,306.6000061035156,310.54998779296875,19774700,MSFT
2023-05-15,301.6476135253906,309.4599914550781,309.8999938964844,307.5899963378906,309.1000061035156,16336500,MSFT
2023-05-16,303.8699951171875,311.739990234375,313.7099914550781,309.8299865722656,309.8299865722656,26730300,MSFT
2023-05-17,306.7420654296875,314.0,314.42999267578125,310.739990234375,312.2900085449219,24315000,MSFT
2023-05-18,311.1575927734375,318.5199890136719,319.0400085449219,313.7200012207031,314.5299987792969,27276000,MSFT
2023-05-19,310.9817810058594,318.3399963378906,318.75,316.3699951171875,316.739990234375,27546700,MSFT
2023-05-22,313.756103515625,321.17999267578125,322.5899963378906,318.010009765625,318.6000061035156,24115700,MSFT
2023-05-23,307.9729919433594,315.260009765625,322.7200012207031,315.25,320.0299987792969,30797200,MSFT
2023-05-24,306.59552001953125,313.8500061035156,316.5,312.6099853515625,314.7300109863281,23384900,MSFT
2023-05-25,318.3865661621094,325.9200134277344,326.8999938964844,320.0,323.239990234375,43301700,MSFT
2023-05-26,325.1954650878906,332.8900146484375,333.3999938964844,323.8800048828125,324.0199890136719,36630600,MSFT
2023-05-30,323.55426025390625,331.2099914550781,335.739990234375,330.5199890136719,335.2300109863281,29503100,MSFT
2023-05-31,320.79949951171875,328.3900146484375,335.94000244140625,327.3299865722656,332.2900085449219,45950600,MSFT
2023-06-01,324.892578125,332.5799865722656,333.5299987792969,324.7200012207031,325.92999267578125,26773900,MSFT
2023-06-02,327.64739990234375,335.3999938964844,337.5,332.54998779296875,334.25,25873800,MSFT
2023-06-05,328.1749572753906,335.94000244140625,338.55999755859375,334.6600036621094,335.2200012207031,21307100,MSFT
2023-06-06,325.9671630859375,333.67999267578125,335.3699951171875,332.1700134277344,335.3299865722656,20396200,MSFT
2023-06-07,315.90521240234375,323.3800048828125,334.489990234375,322.5,331.6499938964844,40717100,MSFT
2023-06-08,317.74176025390625,325.260009765625,326.6400146484375,323.3500061035156,323.94000244140625,23277700,MSFT
2023-06-09,319.2364501953125,326.7900085449219,329.989990234375,324.4100036621094,324.989990234375,22529000,MSFT
2023-06-12,324.1794738769531,331.8500061035156,332.1000061035156,325.1600036621094,328.5799865722656,24260300,MSFT
2023-06-13,326.5631408691406,334.2900085449219,336.9800109863281,330.3900146484375,334.4700012207031,22951300,MSFT
2023-06-14,329.5426025390625,337.3399963378906,339.0400085449219,332.80999755859375,334.3399963378906,26003800,MSFT
2023-06-15,340.0538635253906,348.1000061035156,349.8399963378906,337.20001220703125,337.4800109863281,38899100,MSFT
2023-06-16,334.417236328125,342.3299865722656,351.4700012207031,341.95001220703125,351.32000732421875,46552000,MSFT
2023-06-20,330.2361755371094,338.04998779296875,342.0799865722656,335.8599853515625,339.30999755859375,26375400,MSFT
2023-06-21,325.8499450683594,333.55999755859375,337.7300109863281,332.07000732421875,336.3699951171875,25117800,MSFT
2023-06-22,331.8578186035156,339.7099914550781,340.1199951171875,333.3399963378906,334.1199951171875,23556800,MSFT
2023-06-23,327.2762145996094,335.0199890136719,337.9599914550781,333.45001220703125,334.3599853515625,23146900,MSFT
2023-06-26,321.00457763671875,328.6000061035156,336.1099853515625,328.489990234375,333.7200012207031,21520600,MSFT
2023-06-27,326.8366394042969,334.57000732421875,336.1499938964844,329.29998779296875,331.8599853515625,24354100,MSFT
2023-06-28,328.0870056152344,335.8500061035156,337.9800109863281,333.80999755859375,334.6600036621094,20259500,MSFT
2023-06-29,327.30548095703125,335.04998779296875,336.1099853515625,332.6199951171875,334.7099914550781,16997000,MSFT
2023-06-30,332.6686096191406,340.5400085449219,342.7300109863281,337.20001220703125,337.75,26832800,MSFT
2023-07-03,330.1775207519531,337.989990234375,340.8999938964844,336.57000732421875,339.19000244140625,12508700,MSFT
2023-07-05,330.3338928222656,338.1499938964844,341.6499938964844,334.7300109863281,335.0899963378906,18172400,MSFT
2023-07-06,333.3817138671875,341.2699890136719,342.989990234375,335.5,337.29998779296875,28161200,MSFT
2023-07-07,329.42535400390625,337.2200012207031,341.7900085449219,337.0,339.32000732421875,21214800,MSFT
2023-07-10,324.159912109375,331.8299865722656,335.2300109863281,327.5899963378906,334.6000061035156,32791400,MSFT
2023-07-11,324.7851257324219,332.4700012207031,332.8599853515625,327.0,331.05999755859375,26698200,MSFT
2023-07-12,329.4058532714844,337.20001220703125,341.6499938964844,335.6700134277344,336.6000061035156,29995300,MSFT
2023-07-13,334.7395935058594,342.6600036621094,343.739990234375,339.0199890136719,339.55999755859375,20567200,MSFT
2023-07-14,337.25994873046875,345.239990234375,351.42999267578125,344.30999755859375,347.5899963378906,28352700,MSFT
2023-07-17,337.7386474609375,345.7300109863281,346.989990234375,342.20001220703125,345.67999267578125,20363900,MSFT
2023-07-18,351.1806335449219,359.489990234375,366.7799987792969,342.1700134277344,345.8299865722656,64738600,MSFT
2023-07-19,346.87249755859375,355.0799865722656,362.4599914550781,352.44000244140625,361.75,39732900,MSFT
2023-07-20,338.8522644042969,346.8699951171875,357.9700012207031,345.3699951171875,353.57000732421875,33778400,MSFT
2023-07-21,335.8240051269531,343.7699890136719,350.29998779296875,339.8299865722656,349.1499938964844,69405400,MSFT
2023-07-24,337.1329345703125,345.1099853515625,346.9200134277344,342.30999755859375,345.8500061035156,26678100,MSFT
2023-07-25,342.8673400878906,350.9800109863281,351.8900146484375,345.07000732421875,347.1099853515625,41637700,MSFT
2023-07-26,329.962646484375,337.7699890136719,344.6700134277344,333.1099853515625,341.44000244140625,58383700,MSFT
2023-07-27,323.0755615234375,330.7200012207031,341.3299865722656,329.04998779296875,340.4800109863281,39635300,MSFT
2023-07-28,330.5487976074219,338.3699951171875,340.010009765625,333.1700134277344,333.6700134277344,28484900,MSFT
2023-07-31,328.1554260253906,335.9200134277344,337.70001220703125,333.3599853515625,336.9200134277344,25446000,MSFT
2023-08-01,328.5656433105469,336.3399963378906,338.5400085449219,333.70001220703125,335.19000244140625,18311900,MSFT
2023-08-02,319.92999267578125,327.5,333.6300048828125,326.3599853515625,333.6300048828125,27761300,MSFT
2023-08-03,319.10943603515625,326.6600036621094,329.8800048828125,325.95001220703125,326.0,18253700,MSFT
2023-08-04,320.2035217285156,327.7799987792969,335.1400146484375,327.239990234375,331.8800048828125,23741500,MSFT
2023-08-07,322.47967529296875,330.1099853515625,331.1099853515625,327.5199890136719,328.3699951171875,17741500,MSFT
2023-08-08,318.51348876953125,326.04998779296875,328.75,323.0,326.9599914550781,22327600,MSFT
2023-08-09,314.7818298339844,322.2300109863281,327.1099853515625,321.04998779296875,326.4700012207031,22373300,MSFT
2023-08-10,315.4656677246094,322.92999267578125,328.260009765625,321.17999267578125,326.0199890136719,20113700,MSFT
2023-08-11,313.59002685546875,321.010009765625,322.4100036621094,319.2099914550781,320.260009765625,24355500,MSFT
2023-08-14,316.550048828125,324.0400085449219,324.05999755859375,320.0799865722656,321.3900146484375,18836100,MSFT
2023-08-15,314.4203796386719,321.8599853515625,325.0899963378906,320.8999938964844,323.0,16966300,MSFT
2023-08-16,313.65679931640625,320.3999938964844,324.4200134277344,319.79998779296875,320.79998779296875,20698900,MSFT
2023-08-17,310.2109680175781,316.8800048828125,321.8699951171875,316.2099914550781,320.5400085449219,21257200,MSFT
2023-08-18,309.81927490234375,316.4800109863281,318.3800048828125,311.54998779296875,314.489990234375,24755000,MSFT
2023-08-21,315.10565185546875,321.8800048828125,322.7699890136719,317.0400085449219,317.92999267578125,24040000,MSFT
2023-08-22,315.6734313964844,322.4599914550781,326.0799865722656,321.4599914550781,325.5,16084600,MSFT
2023-08-23,320.117919921875,327.0,329.20001220703125,323.4599914550781,323.82000732421875,21166400,MSFT
2023-08-24,313.23583984375,319.9700012207031,332.9800109863281,319.9599914550781,332.8500061035156,23281400,MSFT
2023-08-25,316.1824951171875,322.9800109863281,325.3599853515625,318.79998779296875,321.4700012207031,21684100,MSFT
2023-08-28,316.8873596191406,323.70001220703125,326.1499938964844,321.7200012207031,325.6600036621094,14808500,MSFT
2023-08-29,321.4981994628906,328.4100036621094,328.9800109863281,321.8800048828125,321.8800048828125,19284600,MSFT
2023-08-30,321.8702392578125,328.7900085449219,329.80999755859375,326.45001220703125,328.6700134277344,15222100,MSFT
2023-08-31,320.8619079589844,327.760009765625,330.9100036621094,326.7799987792969,329.20001220703125,26411000,MSFT
2023-09-01,321.7429504394531,328.6600036621094,331.989990234375,326.7799987792969,331.30999755859375,14942000,MSFT
2023-09-05,326.530029296875,333.54998779296875,334.8500061035156,328.6600036621094,329.0,18553900,MSFT
2023-09-06,325.8741760253906,332.8800048828125,334.4599914550781,330.17999267578125,333.3800048828125,17535800,MSFT
2023-09-07,322.9665832519531,329.9100036621094,333.0799865722656,329.0299987792969,331.2900085449219,18381000,MSFT
2023-09-08,327.2348937988281,334.2699890136719,336.1600036621094,329.4599914550781,330.0899963378906,19530100,MSFT
2023-09-11,330.82769775390625,337.94000244140625,338.4200134277344,335.42999267578125,337.239990234375,16583300,MSFT
2023-09-12,324.78753662109375,331.7699890136719,336.7900085449219,331.4800109863281,335.82000732421875,17565500,MSFT
2023-09-13,328.9871826171875,336.05999755859375,336.8500061035156,331.1700134277344,331.30999755859375,16544400,MSFT
2023-09-14,331.5716552734375,338.70001220703125,340.8599853515625,336.57000732421875,339.1499938964844,20267000,MSFT
2023-09-15,323.2701416015625,330.2200012207031,337.3999938964844,329.6499938964844,336.9200134277344,37679800,MSFT
2023-09-18,322.13458251953125,329.05999755859375,330.3999938964844,326.3599853515625,327.79998779296875,16834200,MSFT
2023-09-19,321.7331848144531,328.6499938964844,329.3900146484375,324.510009765625,326.1700134277344,16505900,MSFT
2023-09-20,314.01904296875,320.7699890136719,329.5899963378906,320.510009765625,329.510009765625,21436500,MSFT
2023-09-21,312.8050842285156,319.5299987792969,325.3500061035156,315.0,319.260009765625,35560400,MSFT
2023-09-22,310.3381652832031,317.010009765625,321.45001220703125,316.1499938964844,321.32000732421875,21447900,MSFT
2023-09-25,310.8570251464844,317.5400085449219,317.6700134277344,315.0,316.5899963378906,17836000,MSFT
2023-09-26,305.5706787109375,312.1400146484375,315.8800048828125,310.0199890136719,315.1300048828125,26297600,MSFT
2023-09-27,306.20697021484375,312.7900085449219,314.29998779296875,309.69000244140625,312.29998779296875,19410100,MSFT
2023-09-28,307.03912353515625,313.6400146484375,315.4800109863281,309.45001220703125,310.989990234375,19683600,MSFT
2023-09-29,309.1047058105469,315.75,319.4700012207031,314.9800109863281,317.75,24147300,MSFT
2023-10-02,315.02728271484375,321.79998779296875,321.8900146484375,315.17999267578125,316.2799987792969,20570000,MSFT
2023-10-03,306.79437255859375,313.3900146484375,321.3900146484375,311.2099914550781,320.8299865722656,21033500,MSFT
2023-10-04,312.24713134765625,318.9599914550781,320.0400085449219,314.0,314.0299987792969,20720100,MSFT
2023-10-05,312.6386413574219,319.3599853515625,319.9800109863281,314.8999938964844,319.0899963378906,16965600,MSFT
2023-10-06,320.3724060058594,327.260009765625,329.19000244140625,316.29998779296875,316.54998779296875,25673600,MSFT
2023-10-09,322.8785095214844,329.82000732421875,330.29998779296875,323.17999267578125,324.75,19891200,MSFT
2023-10-10,321.47869873046875,328.3900146484375,331.1000061035156,327.6700134277344,330.9599914550781,20557100,MSFT
2023-10-11,325.423828125,332.4200134277344,332.82000732421875,329.1400146484375,331.2099914550781,20063200,MSFT
2023-10-12,324.1903991699219,331.1600036621094,333.6300048828125,328.7200012207031,330.57000732421875,19313100,MSFT
2023-10-13,320.8325500488281,327.7300109863281,333.8299865722656,326.3599853515625,332.3800048828125,21072400,MSFT
2023-10-16,325.63922119140625,332.6400146484375,336.1400146484375,330.6000061035156,331.04998779296875,22158000,MSFT
2023-10-17,325.0714111328125,332.05999755859375,333.4599914550781,327.4100036621094,329.5899963378906,18338500,MSFT
2023-10-18,323.1624450683594,330.1099853515625,335.5899963378906,328.29998779296875,332.489990234375,23153600,MSFT
2023-10-19,324.3469543457031,331.32000732421875,336.8800048828125,330.9100036621094,332.1499938964844,25052100,MSFT
2023-10-20,319.7948303222656,326.6700134277344,331.9200134277344,325.45001220703125,331.7200012207031,25027700,MSFT
2023-10-23,322.38909912109375,329.32000732421875,332.7300109863281,324.3900146484375,325.4700012207031,24374700,MSFT
2023-10-24,323.57354736328125,330.5299987792969,331.8399963378906,327.6000061035156,331.29998779296875,31153600,MSFT
2023-10-25,333.5002136230469,340.6700134277344,346.20001220703125,337.6199951171875,345.0199890136719,55053800,MSFT
2023-10-26,320.9891662597656,327.8900146484375,341.6300048828125,326.94000244140625,340.5400085449219,37828500,MSFT
2023-10-27,322.8687744140625,329.80999755859375,336.7200012207031,328.3999938964844,330.42999267578125,29856500,MSFT
2023-10-30,330.2109375,337.30999755859375,339.45001220703125,331.8299865722656,333.4100036621094,22828100,MSFT
2023-10-31,330.99407958984375,338.1099853515625,339.0,334.69000244140625,338.8500061035156,20265300,MSFT
2023-11-01,338.7865905761719,346.07000732421875,347.4200134277344,339.6499938964844,339.7900085449219,28158800,MSFT
2023-11-02,340.9892272949219,348.32000732421875,348.8299865722656,344.7699890136719,347.239990234375,24348100,MSFT
2023-11-03,345.3748779296875,352.79998779296875,354.3900146484375,347.3299865722656,349.6300048828125,23637700,MSFT
2023-11-06,349.02642822265625,356.5299987792969,357.5400085449219,353.3500061035156,353.45001220703125,23828300,MSFT
2023-11-07,352.9422302246094,360.5299987792969,362.4599914550781,357.6300048828125,359.3999938964844,25833900,MSFT
2023-11-08,355.5560607910156,363.20001220703125,363.8699951171875,360.54998779296875,361.67999267578125,26767800,MSFT
2023-11-09,353.0989074707031,360.69000244140625,364.7900085449219,360.3599853515625,362.29998779296875,24847300,MSFT
2023-11-10,361.88983154296875,369.6700134277344,370.1000061035156,361.07000732421875,361.489990234375,28042100,MSFT
2023-11-13,358.9627685546875,366.67999267578125,368.4700012207031,365.8999938964844,368.2200012207031,19986500,MSFT
2023-11-14,362.4772033691406,370.2699890136719,371.95001220703125,367.3500061035156,371.010009765625,27683900,MSFT
2023-11-15,362.6243591308594,369.6700134277344,373.1300048828125,367.1099853515625,371.2799987792969,26860100,MSFT
2023-11-16,369.0005187988281,376.1700134277344,376.3500061035156,370.17999267578125,370.9599914550781,27182300,MSFT
2023-11-17,362.8009948730469,369.8500061035156,374.3699951171875,367.0,373.6099853515625,40157000,MSFT
2023-11-20,370.246337890625,377.44000244140625,378.8699951171875,371.0,371.2200012207031,52465100,MSFT
2023-11-21,365.9595947265625,373.07000732421875,376.2200012207031,371.1199951171875,375.6700134277344,28423100,MSFT
2023-11-22,370.64849853515625,377.8500061035156,379.7900085449219,374.9700012207031,378.0,23345300,MSFT
2023-11-24,370.2364196777344,377.42999267578125,377.9700012207031,375.1400146484375,377.3299865722656,10176600,MSFT
2023-11-27,371.3939514160156,378.6099853515625,380.6400146484375,376.20001220703125,376.7799987792969,22179200,MSFT
2023-11-28,375.406005859375,382.70001220703125,383.0,378.1600036621094,378.3500061035156,20453100,MSFT
2023-11-29,371.6294250488281,378.8500061035156,384.29998779296875,377.44000244140625,383.760009765625,28963400,MSFT
2023-11-30,371.68829345703125,378.9100036621094,380.0899963378906,375.4700012207031,378.489990234375,30554400,MSFT
2023-12-01,367.3721618652344,374.510009765625,378.1600036621094,371.30999755859375,376.760009765625,33040500,MSFT
2023-12-04,362.1045227050781,369.1400146484375,369.5199890136719,362.8999938964844,369.1000061035156,32063300,MSFT
2023-12-05,365.4200134277344,372.5199890136719,373.0799865722656,365.6199951171875,366.45001220703125,23065000,MSFT
2023-12-06,361.7709655761719,368.79998779296875,374.17999267578125,368.0299987792969,373.5400085449219,21182100,MSFT
2023-12-07,363.88006591796875,370.95001220703125,371.45001220703125,366.32000732421875,368.2300109863281,23118900,MSFT
2023-12-08,367.0974426269531,374.2300109863281,374.4599914550781,368.2300109863281,369.20001220703125,20154400,MSFT
2023-12-11,364.2232666015625,371.29998779296875,371.6000061035156,366.1000061035156,368.4800109863281,27708800,MSFT
2023-12-12,367.2445983886719,374.3800048828125,374.4200134277344,370.4599914550781,370.8500061035156,24838300,MSFT
2023-12-13,367.2348327636719,374.3699951171875,377.6400146484375,370.7699890136719,376.0199890136719,30955500,MSFT
2023-12-14,358.9557189941406,365.92999267578125,373.760009765625,364.1300048828125,373.30999755859375,43277500,MSFT
2023-12-15,363.6642150878906,370.7300109863281,372.3999938964844,366.2799987792969,366.8500061035156,78502300,MSFT
2023-12-18,365.5475769042969,372.6499938964844,373.0,368.67999267578125,369.45001220703125,21802900,MSFT
2023-12-19,366.1459655761719,373.260009765625,373.260009765625,369.8399963378906,371.489990234375,20603700,MSFT
2023-12-20,363.5562744140625,370.6199951171875,376.0299987792969,370.5299987792969,375.0,26316700,MSFT
2023-12-21,366.420654296875,373.5400085449219,374.4100036621094,370.0400085449219,372.55999755859375,17708000,MSFT
2023-12-22,367.4407653808594,374.5799865722656,375.17999267578125,372.7099914550781,373.67999267578125,17107500,MSFT
2023-12-26,367.519287109375,374.6600036621094,376.94000244140625,373.5,375.0,12673100,MSFT
2023-12-27,366.9405822753906,374.07000732421875,375.05999755859375,372.80999755859375,373.69000244140625,14905400,MSFT
2023-12-28,368.1274719238281,375.2799987792969,376.4599914550781,374.1600036621094,375.3699951171875,14327000,MSFT
2023-12-29,368.8729553222656,376.0400085449219,377.1600036621094,373.4800109863281,376.0,18730800,MSFT
2024-01-02,363.8014831542969,370.8699951171875,375.8999938964844,366.7699890136719,373.8599853515625,25258600,MSFT
2024-01-03,363.53668212890625,370.6000061035156,373.260009765625,368.510009765625,369.010009765625,23083500,MSFT
2024-01-04,360.9273681640625,367.94000244140625,373.1000061035156,367.1700134277344,370.6700134277344,20901500,MSFT
2024-01-05,360.740966796875,367.75,372.05999755859375,366.5,368.9700012207031,21004600,MSFT
2024-01-08,367.5486755371094,374.69000244140625,375.20001220703125,369.010009765625,369.29998779296875,23134000,MSFT
2024-01-09,368.6277160644531,375.7900085449219,375.989990234375,371.19000244140625,372.010009765625,20830000,MSFT
2024-01-10,375.47467041015625,382.7699890136719,384.1700134277344,376.32000732421875,376.3699951171875,25514200,MSFT
2024-01-11,377.2992858886719,384.6300048828125,390.67999267578125,380.3800048828125,386.0,27850800,MSFT
2024-01-12,381.0660400390625,388.4700012207031,388.67999267578125,384.6499938964844,385.489990234375,21661200,MSFT
2024-01-16,382.83172607421875,390.2699890136719,394.0299987792969,387.6199951171875,393.6600036621094,27202300,MSFT
2024-01-17,382.04705810546875,389.4700012207031,390.1099853515625,384.80999755859375,387.9800109863281,22234100,MSFT
2024-01-18,386.36309814453125,393.8699951171875,393.989990234375,390.1199951171875,391.7200012207031,23392100,MSFT
2024-01-19,391.0716552734375,398.6700134277344,398.6700134277344,393.5,395.760009765625,29331100,MSFT
2024-01-22,388.952880859375,396.510009765625,400.6199951171875,393.5899963378906,400.0199890136719,27016900,MSFT
2024-01-23,391.2972717285156,398.8999938964844,399.3800048828125,393.92999267578125,395.75,20525900,MSFT
2024-01-24,394.88751220703125,402.55999755859375,405.6300048828125,400.45001220703125,401.5400085449219,24867000,MSFT
2024-01-25,397.15350341796875,404.8699951171875,407.010009765625,402.5299987792969,404.32000732421875,21021200,MSFT
2024-01-26,396.2314147949219,403.92999267578125,406.1700134277344,402.42999267578125,404.3699951171875,17803300,MSFT
2024-01-29,401.9110107421875,409.7200012207031,409.9800109863281,404.3299865722656,406.05999755859375,24510200,MSFT
2024-01-30,400.8025817871094,408.5899963378906,413.04998779296875,406.45001220703125,412.260009765625,33477600,MSFT
2024-01-31,390.0024719238281,397.5799865722656,415.32000732421875,397.2099914550781,406.9599914550781,47871100,MSFT
2024-02-01,396.08428955078125,403.7799987792969,408.0,401.79998779296875,401.8299865722656,30657700,MSFT
2024-02-02,403.3824768066406,411.2200012207031,412.6499938964844,403.55999755859375,403.80999755859375,28256700,MSFT
2024-02-05,397.9185485839844,405.6499938964844,411.1600036621094,403.989990234375,409.8999938964844,25352300,MSFT
2024-02-06,397.7616882324219,405.489990234375,407.9700012207031,402.9100036621094,405.8800048828125,18382600,MSFT
2024-02-07,406.1585388183594,414.04998779296875,414.29998779296875,407.3999938964844,407.44000244140625,22340500,MSFT
2024-02-08,406.2173767089844,414.1099853515625,415.55999755859375,412.5299987792969,414.04998779296875,21225300,MSFT
2024-02-09,412.53466796875,420.54998779296875,420.82000732421875,415.0899963378906,415.25,22032800,MSFT
2024-02-12,407.3454284667969,415.260009765625,420.739990234375,414.75,420.55999755859375,21202900,MSFT
2024-02-13,398.57586669921875,406.32000732421875,410.07000732421875,403.3900146484375,404.94000244140625,27824900,MSFT
2024-02-14,402.4282531738281,409.489990234375,409.8399963378906,404.57000732421875,408.07000732421875,20401200,MSFT
2024-02-15,399.5487976074219,406.55999755859375,409.1300048828125,404.2900085449219,408.1400146484375,21825500,MSFT
2024-02-16,397.09185791015625,404.05999755859375,408.2900085449219,403.44000244140625,407.9599914550781,22296500,MSFT
2024-02-20,395.8438415527344,402.7900085449219,404.489990234375,398.010009765625,403.239990234375,24307900,MSFT
2024-02-21,395.2442626953125,402.17999267578125,402.2900085449219,397.2200012207031,400.1700134277344,18518900,MSFT
2024-02-22,404.551025390625,411.6499938964844,412.8299865722656,408.57000732421875,410.19000244140625,27009900,MSFT
2024-02-23,403.26361083984375,410.3399963378906,415.8599853515625,408.9700012207031,415.6700134277344,16295900,MSFT
2024-02-26,400.5118713378906,407.5400085449219,412.1600036621094,407.3599853515625,411.4599914550781,16193500,MSFT
2024-02-27,400.4529724121094,407.4800109863281,408.32000732421875,403.8500061035156,407.989990234375,14835800,MSFT
2024-02-28,400.68878173828125,407.7200012207031,409.29998779296875,405.32000732421875,408.17999267578125,13183100,MSFT
2024-02-29,406.5066833496094,413.6400146484375,414.20001220703125,405.9200134277344,408.6400146484375,31947300,MSFT
2024-03-01,408.3346252441406,415.5,415.8699951171875,410.8800048828125,411.2699890136719,17823400,MSFT
2024-03-04,407.7646789550781,414.9200134277344,417.3500061035156,412.32000732421875,413.44000244140625,17596000,MSFT
2024-03-05,395.7061462402344,402.6499938964844,414.25,400.6400146484375,413.9599914550781,26919200,MSFT
2024-03-06,395.1558532714844,402.0899963378906,405.1600036621094,398.3900146484375,402.9700012207031,22344100,MSFT
2024-03-07,402.08428955078125,409.1400146484375,409.7799987792969,402.239990234375,406.1199951171875,18718500,MSFT
2024-03-08,399.21466064453125,406.2200012207031,410.4200134277344,404.3299865722656,407.9599914550781,18002200,MSFT
2024-03-11,397.5439758300781,404.5199890136719,405.67999267578125,401.260009765625,403.760009765625,16120800,MSFT
2024-03-12,408.11834716796875,415.2799987792969,415.57000732421875,406.7900085449219,407.6199951171875,22457000,MSFT
2024-03-13,407.9414978027344,415.1000061035156,418.17999267578125,411.45001220703125,418.1000061035156,17115900,MSFT
2024-03-14,417.8869934082031,425.2200012207031,427.82000732421875,417.989990234375,420.239990234375,34157300,MSFT
2024-03-15,409.23876953125,416.4200134277344,422.6000061035156,412.7900085449219,419.2900085449219,45079900,MSFT
2024-03-18,410.12322998046875,417.32000732421875,420.7300109863281,413.7799987792969,414.25,20106000,MSFT
2024-03-19,414.1427001953125,421.4100036621094,421.6700134277344,415.54998779296875,417.8299865722656,19837900,MSFT
2024-03-20,417.89678955078125,425.2300109863281,425.9599914550781,420.6600036621094,422.0,17860100,MSFT
2024-03-21,421.96539306640625,429.3699951171875,430.82000732421875,427.1600036621094,429.8299865722656,21296200,MSFT
2024-03-22,421.3462829589844,428.739990234375,429.8599853515625,426.07000732421875,429.70001220703125,17648500,MSFT
2024-03-25,415.5676574707031,422.8599853515625,427.4100036621094,421.6099853515625,425.239990234375,18060500,MSFT
2024-03-26,414.3785095214844,421.6499938964844,425.989990234375,421.3500061035156,425.6099853515625,16725600,MSFT
2024-03-27,414.16229248046875,421.42999267578125,424.45001220703125,419.010009765625,424.44000244140625,16705000,MSFT
2024-03-28,413.4645690917969,420.7200012207031,421.8699951171875,419.1199951171875,420.9599914550781,21871200,MSFT
2024-04-01,417.2481689453125,424.57000732421875,427.8900146484375,422.2200012207031,423.95001220703125,16316000,MSFT
2024-04-02,414.1722412109375,421.44000244140625,422.3800048828125,417.8399963378906,420.1099853515625,17912000,MSFT
2024-04-03,413.1992492675781,420.45001220703125,423.260009765625,419.0899963378906,419.7300109863281,16502300,MSFT
2024-04-04,410.6736145019531,417.8800048828125,428.6700134277344,417.57000732421875,424.989990234375,19370900,MSFT
2024-04-05,418.18182373046875,425.5199890136719,426.510009765625,418.32000732421875,420.010009765625,16554800,MSFT
2024-04-08,417.2678527832031,424.5899963378906,427.2799987792969,423.29998779296875,425.1700134277344,14272400,MSFT
2024-04-09,418.9286804199219,426.2799987792969,427.739990234375,421.6199951171875,426.44000244140625,12496900,MSFT
2024-04-10,415.9608154296875,423.260009765625,424.0299987792969,419.70001220703125,422.19000244140625,16216600,MSFT
2024-04-11,420.5502624511719,427.92999267578125,429.3699951171875,422.3599853515625,425.82000732421875,17966400,MSFT
2024-04-12,414.624267578125,421.8999938964844,425.17999267578125,419.7699890136719,424.04998779296875,19253800,MSFT
2024-04-15,406.5066833496094,413.6400146484375,426.82000732421875,413.42999267578125,426.6000061035156,20273500,MSFT
2024-04-16,407.4305114746094,414.5799865722656,418.3999938964844,413.7300109863281,414.57000732421875,16765600,MSFT
2024-04-17,404.7377624511719,411.8399963378906,418.8800048828125,410.3299865722656,417.25,15855500,MSFT
2024-04-18,397.2983093261719,404.2699890136719,411.8900146484375,403.95001220703125,410.6300048828125,21029900,MSFT
2024-04-19,392.23712158203125,399.1199951171875,405.4800109863281,397.7699890136719,404.0299987792969,30565800,MSFT
2024-04-22,394.04534912109375,400.9599914550781,402.8500061035156,395.75,400.0799865722656,20286900,MSFT
2024-04-23,400.5413513183594,407.57000732421875,408.20001220703125,403.05999755859375,404.239990234375,15734500,MSFT
2024-04-24,402.00567626953125,409.05999755859375,412.4700012207031,406.7799987792969,409.55999755859375,15065300,MSFT
2024-04-25,392.1584777832031,399.0400085449219,399.8900146484375,388.0299987792969,394.0299987792969,40586500,MSFT
2024-04-26,399.31292724609375,406.32000732421875,413.0,405.760009765625,412.1700134277344,29694700,MSFT
2024-04-29,395.3131408691406,402.25,406.32000732421875,399.19000244140625,405.25,19582100,MSFT
2024-04-30,382.61590576171875,389.3299865722656,402.1600036621094,389.1700134277344,401.489990234375,28781400,MSFT
2024-05-01,388.1291809082031,394.94000244140625,401.7200012207031,390.30999755859375,392.6099853515625,23562500,MSFT
2024-05-02,390.9791564941406,397.8399963378906,399.92999267578125,394.6499938964844,397.6600036621094,17709400,MSFT
2024-05-03,399.64703369140625,406.6600036621094,407.1499938964844,401.8599853515625,402.2799987792969,17446700,MSFT
2024-05-06,406.4084167480469,413.5400085449219,413.92999267578125,406.3699951171875,408.760009765625,16996600,MSFT
2024-05-07,402.28082275390625,409.3399963378906,414.6700134277344,409.0899963378906,414.6600036621094,20018200,MSFT
2024-05-08,403.46014404296875,410.5400085449219,412.2300109863281,406.7099914550781,408.1700134277344,11792300,MSFT
2024-05-09,405.20947265625,412.32000732421875,412.7200012207031,409.1000061035156,410.57000732421875,14689700,MSFT
2024-05-10,407.587646484375,414.739990234375,415.3800048828125,411.79998779296875,412.94000244140625,13402300,MSFT
2024-05-13,406.5853271484375,413.7200012207031,418.3500061035156,410.82000732421875,418.010009765625,15440200,MSFT
2024-05-14,409.3763122558594,416.55999755859375,417.489990234375,411.54998779296875,412.0199890136719,15109300,MSFT
2024-05-15,416.5338439941406,423.0799865722656,423.80999755859375,417.2699890136719,417.8999938964844,22239500,MSFT
2024-05-16,414.47613525390625,420.989990234375,425.4200134277344,420.3500061035156,421.79998779296875,17530100,MSFT
2024-05-17,413.7082214355469,420.2099914550781,422.9200134277344,418.0299987792969,422.5400085449219,15352200,MSFT
2024-05-20,418.7589111328125,425.3399963378906,426.7699890136719,419.989990234375,420.2099914550781,16272100,MSFT
2024-05-21,422.40167236328125,429.0400085449219,432.9700012207031,424.8500061035156,426.8299865722656,21453300,MSFT
2024-05-22,423.8587646484375,430.5199890136719,432.4100036621094,427.1300048828125,430.0899963378906,18073700,MSFT
2024-05-23,420.3932189941406,427.0,433.6000061035156,425.4200134277344,432.9700012207031,17211700,MSFT
2024-05-24,423.5042724609375,430.1600036621094,431.05999755859375,424.4100036621094,427.19000244140625,11855300,MSFT
2024-05-28,423.6618957519531,430.32000732421875,430.82000732421875,426.6000061035156,429.6300048828125,15718000,MSFT
2024-05-29,422.5296325683594,429.1700134277344,430.94000244140625,425.69000244140625,425.69000244140625,15517100,MSFT
2024-05-30,408.2539978027344,414.6700134277344,424.29998779296875,414.239990234375,424.29998779296875,28394500,MSFT
2024-05-31,408.70684814453125,415.1300048828125,416.75,404.510009765625,416.75,47995300,MSFT
2024-06-03,407.1217346191406,413.5199890136719,416.42999267578125,408.9200134277344,415.5299987792969,17484700,MSFT
2024-06-04,409.63232421875,416.07000732421875,416.44000244140625,409.67999267578125,412.42999267578125,14348900,MSFT
2024-06-05,417.4494934082031,424.010009765625,424.0799865722656,416.29998779296875,417.80999755859375,16988000,MSFT
2024-06-06,417.9515075683594,424.5199890136719,425.30999755859375,420.5799865722656,424.010009765625,14861300,MSFT
2024-06-07,417.29193115234375,423.8500061035156,426.2799987792969,423.0,426.20001220703125,13621700,MSFT
2024-06-10,421.24969482421875,427.8699951171875,428.0799865722656,423.8900146484375,424.70001220703125,13982900,MSFT
2024-06-11,425.9853210449219,432.67999267578125,432.82000732421875,425.25,425.4800109863281,14551100,MSFT
2024-06-12,434.23565673828125,441.05999755859375,443.3999938964844,433.25,435.32000732421875,22366200,MSFT
2024-06-13,434.7475891113281,441.5799865722656,443.3900146484375,439.3699951171875,440.8500061035156,15960600,MSFT
2024-06-14,435.7223205566406,442.57000732421875,443.1400146484375,436.7200012207031,438.2799987792969,13582000,MSFT
2024-06-17,441.4325256347656,448.3699951171875,450.94000244140625,440.7200012207031,442.5899963378906,20790000,MSFT
2024-06-18,439.4339904785156,446.3399963378906,450.1400146484375,444.8900146484375,449.7099914550781,17112500,MSFT
2024-06-20,438.80389404296875,445.70001220703125,446.5299987792969,441.2699890136719,446.29998779296875,19877400,MSFT
2024-06-21,442.82073974609375,449.7799987792969,450.5799865722656,446.510009765625,447.3800048828125,34187100,MSFT
2024-06-24,440.7434387207031,447.6700134277344,452.75,446.4100036621094,449.79998779296875,15913700,MSFT
2024-06-25,443.9726257324219,450.95001220703125,451.4200134277344,446.75,448.25,16413400,MSFT
2024-06-26,445.1639404296875,452.1600036621094,453.6000061035156,448.19000244140625,449.0,16507000,MSFT
2024-06-27,445.84326171875,452.8500061035156,456.1700134277344,451.7699890136719,452.17999267578125,14806300,MSFT
2024-06-28,440.0345764160156,446.95001220703125,455.3800048828125,446.4100036621094,453.07000732421875,28362300,MSFT
2024-07-01,449.6631774902344,456.7300109863281,457.3699951171875,445.6600036621094,448.6600036621094,17662800,MSFT
2024-07-02,452.1737060546875,459.2799987792969,459.5899963378906,453.1099853515625,453.20001220703125,13979800,MSFT
2024-07-03,453.640625,460.7699890136719,461.0199890136719,457.8800048828125,458.19000244140625,9932800,MSFT
2024-07-05,460.3256530761719,467.55999755859375,468.3500061035156,458.9700012207031,459.6099853515625,16000300,MSFT
2024-07-08,459.0260314941406,466.239990234375,467.70001220703125,464.4599914550781,466.54998779296875,12962300,MSFT
2024-07-09,452.42974853515625,459.5400085449219,467.3299865722656,458.0,467.0,17207200,MSFT
2024-07-10,459.0359191894531,466.25,466.4599914550781,458.8599853515625,461.2200012207031,18196100,MSFT
2024-07-11,447.66461181640625,454.70001220703125,464.7799987792969,451.54998779296875,462.9800109863281,23111200,MSFT
2024-07-12,446.5323791503906,453.54998779296875,456.3599853515625,450.6499938964844,454.3299865722656,16324300,MSFT
2024-07-15,446.93603515625,453.9599914550781,457.260009765625,451.42999267578125,453.29998779296875,14429400,MSFT
2024-07-16,442.5647888183594,449.5199890136719,454.29998779296875,446.6600036621094,454.2200012207031,17175700,MSFT
2024-07-17,436.6575927734375,443.5199890136719,444.8500061035156,439.17999267578125,442.5899963378906,21778000,MSFT
2024-07-18,433.55633544921875,440.3699951171875,444.6499938964844,434.3999938964844,444.3399963378906,20794800,MSFT
2024-07-19,430.34674072265625,437.1099853515625,441.1400146484375,432.0,433.1000061035156,20940400,MSFT
2024-07-22,436.08660888671875,442.94000244140625,444.6000061035156,438.9100036621094,441.7900085449219,15808800,MSFT
2024-07-23,437.9670104980469,444.8500061035156,448.3900146484375,443.1000061035156,443.8999938964844,13107100,MSFT
2024-07-24,422.2637939453125,428.8999938964844,441.4800109863281,427.5899963378906,440.45001220703125,26805800,MSFT
2024-07-25,411.9262390136719,418.3999938964844,429.79998779296875,417.510009765625,428.79998779296875,29943800,MSFT
2024-07-26,418.6899719238281,425.2699890136719,428.9200134277344,417.2699890136719,418.20001220703125,23583800,MSFT
2024-07-29,420.12738037109375,426.7300109863281,432.1499938964844,424.70001220703125,431.5799865722656,15125800,MSFT
2024-07-30,416.3763427734375,422.9200134277344,429.04998779296875,417.3599853515625,427.7200012207031,32687600,MSFT
2024-07-31,411.8770446777344,418.3500061035156,421.7799987792969,412.2099914550781,420.5,42891400,MSFT
2024-08-01,410.65618896484375,417.1099853515625,427.4599914550781,413.0899963378906,420.7900085449219,30296400,MSFT
2024-08-02,402.1695861816406,408.489990234375,415.0,404.3399963378906,412.489990234375,29437900,MSFT
2024-08-05,389.0360107421875,395.1499938964844,401.0400085449219,385.5799865722656,389.1700134277344,40709200,MSFT
2024-08-06,393.427001953125,399.6099853515625,405.6700134277344,398.5,400.0,24946500,MSFT
2024-08-07,392.2652282714844,398.42999267578125,410.0799865722656,397.4700012207031,408.6400146484375,20650900,MSFT
2024-08-08,396.4593811035156,402.69000244140625,405.8599853515625,399.94000244140625,402.44000244140625,20203000,MSFT
2024-08-09,399.73779296875,406.0199890136719,408.04998779296875,402.260009765625,404.0299987792969,19276700,MSFT
2024-08-12,400.515625,406.80999755859375,408.760009765625,404.239990234375,407.05999755859375,16762900,MSFT
2024-08-13,407.6041564941406,414.010009765625,414.95001220703125,409.57000732421875,409.5899963378906,19414300,MSFT
2024-08-14,410.4101257324219,416.8599853515625,417.7200012207031,412.45001220703125,414.79998779296875,18267000,MSFT
2024-08-15,415.2627258300781,421.0299987792969,421.1099853515625,417.6600036621094,419.79998779296875,20752100,MSFT
2024-08-16,412.73779296875,418.4700012207031,421.3399963378906,417.29998779296875,420.6000061035156,22775600,MSFT
2024-08-19,415.7558288574219,421.5299987792969,421.75,416.4599914550781,418.9599914550781,15234000,MSFT
2024-08-20,418.9810485839844,424.79998779296875,425.8599853515625,421.6400146484375,421.70001220703125,16387600,MSFT
2024-08-21,418.3301086425781,424.1400146484375,426.3999938964844,421.7200012207031,424.0799865722656,16067300,MSFT
2024-08-22,409.8577880859375,415.54998779296875,426.7900085449219,414.6099853515625,424.3599853515625,19361900,MSFT
2024-08-23,411.080810546875,416.7900085449219,419.260009765625,412.0899963378906,416.9800109863281,18493800,MSFT
2024-08-26,407.8259582519531,413.489990234375,417.2799987792969,411.3399963378906,416.3699951171875,13152800,MSFT
2024-08-27,408.171142578125,413.8399963378906,414.3599853515625,410.25,412.8599853515625,13492900,MSFT
2024-08-28,404.9755859375,410.6000061035156,415.0,407.30999755859375,414.8800048828125,14882700,MSFT
2024-08-29,407.4610290527344,413.1199951171875,422.04998779296875,410.6000061035156,414.94000244140625,17045200,MSFT
2024-08-30,411.4259948730469,417.1400146484375,417.489990234375,412.1300048828125,415.6000061035156,24308300,MSFT
2024-09-03,403.8314514160156,409.44000244140625,419.8800048828125,407.0299987792969,417.9100036621094,20313600,MSFT
2024-09-04,403.298828125,408.8999938964844,411.239990234375,404.3699951171875,405.9100036621094,15135800,MSFT
2024-09-05,402.79583740234375,408.3900146484375,413.1000061035156,406.1300048828125,407.6199951171875,14195500,MSFT
2024-09-06,396.1974792480469,401.70001220703125,410.6499938964844,400.79998779296875,409.05999755859375,19609500,MSFT
2024-09-09,400.16241455078125,405.7200012207031,408.6499938964844,402.1499938964844,407.239990234375,15295100,MSFT
2024-09-10,408.5262756347656,414.20001220703125,416.3299865722656,407.70001220703125,408.20001220703125,19594300,MSFT
2024-09-11,417.2451171875,423.0400085449219,423.989990234375,409.5799865722656,415.5,19266900,MSFT
2024-09-12,421.15093994140625,427.0,427.3699951171875,419.75,423.30999755859375,17395700,MSFT
2024-09-13,424.6917419433594,430.5899963378906,431.8299865722656,425.4599914550781,425.8299865722656,15874600,MSFT
2024-09-16,425.43145751953125,431.3399963378906,433.5299987792969,428.2200012207031,430.6000061035156,13834700,MSFT
2024-09-17,429.18927001953125,435.1499938964844,441.8500061035156,432.2699890136719,440.2300109863281,18874200,MSFT
2024-09-18,424.9087219238281,430.80999755859375,436.0299987792969,430.4100036621094,435.0,18898000,MSFT
2024-09-19,432.6807861328125,438.69000244140625,441.5,436.8999938964844,441.2300109863281,21706600,MSFT
2024-09-20,429.3076477050781,435.2699890136719,439.239990234375,434.2200012207031,437.2200012207031,55167100,MSFT
2024-09-23,427.57177734375,433.510009765625,436.4599914550781,430.3900146484375,434.2799987792969,15128900,MSFT
2024-09-24,423.29119873046875,429.1700134277344,433.3500061035156,426.1000061035156,433.0,17015800,MSFT
2024-09-25,426.1909484863281,432.1099853515625,433.1199951171875,428.57000732421875,429.8299865722656,13396400,MSFT
2024-09-26,425.4018859863281,431.30999755859375,435.29998779296875,429.1300048828125,435.0899963378906,14492000,MSFT
2024-09-27,422.1568908691406,428.0199890136719,431.8500061035156,427.4700012207031,431.5199890136719,14896100,MSFT
2024-09-30,424.40570068359375,430.29998779296875,430.4200134277344,425.3699951171875,428.2099914550781,16807300,MSFT
2024-10-01,414.9273376464844,420.69000244140625,428.4800109863281,418.80999755859375,428.45001220703125,19092900,MSFT
2024-10-02,411.4161071777344,417.1300048828125,422.82000732421875,416.7099914550781,422.5799865722656,16582300,MSFT
2024-10-03,410.834228515625,416.5400085449219,419.54998779296875,414.2900085449219,417.6300048828125,13686400,MSFT
2024-10-04,410.3608093261719,416.05999755859375,419.75,414.9700012207031,418.239990234375,19169700,MSFT
2024-10-07,403.9300537109375,409.5400085449219,417.1099853515625,409.0,416.0,20919800,MSFT
2024-10-08,409.029296875,414.7099914550781,415.6600036621094,408.1700134277344,410.8999938964844,19229300,MSFT
2024-10-09,411.7415771484375,417.4599914550781,420.3800048828125,414.29998779296875,415.8599853515625,14974300,MSFT
2024-10-10,410.143798828125,415.8399963378906,417.3500061035156,413.1499938964844,415.2300109863281,13848400,MSFT
2024-10-11,410.6172180175781,416.32000732421875,417.1300048828125,413.25,416.1400146484375,14144900,MSFT
2024-10-14,413.3985900878906,419.1400146484375,424.0400085449219,417.5199890136719,417.7699890136719,16653100,MSFT
2024-10-15,413.0040588378906,418.739990234375,422.4800109863281,415.260009765625,422.17999267578125,18900200,MSFT
2024-10-16,410.419921875,416.1199951171875,416.3599853515625,410.4800109863281,415.1700134277344,15508900,MSFT
2024-10-17,411.0117492675781,416.7200012207031,422.5,415.5899963378906,422.3599853515625,14820000,MSFT
2024-10-18,412.4320373535156,418.1600036621094,419.6499938964844,416.260009765625,417.1400146484375,17145300,MSFT
2024-10-21,413.0435485839844,418.7799987792969,418.9599914550781,413.75,416.1199951171875,14206100,MSFT
2024-10-22,421.6539306640625,427.510009765625,430.5799865722656,418.0400085449219,418.489990234375,25482200,MSFT
2024-10-23,418.7838439941406,424.6000061035156,431.0799865722656,422.5299987792969,430.8599853515625,19654400,MSFT
2024-10-24,418.91204833984375,424.7300109863281,425.9800109863281,422.3999938964844,425.3299865722656,13581600,MSFT
2024-10-25,422.2851867675781,428.1499938964844,432.5199890136719,426.57000732421875,426.760009765625,16899100,MSFT
2024-10-28,420.74658203125,426.5899963378906,431.94000244140625,426.29998779296875,431.6600036621094,14882400,MSFT
2024-10-29,426.0331115722656,431.95001220703125,433.1700134277344,425.79998779296875,428.0,17644100,MSFT
2024-10-30,426.6051940917969,432.5299987792969,438.5,432.1000061035156,437.44000244140625,29749100,MSFT
2024-10-31,400.7838134765625,406.3500061035156,416.1600036621094,406.29998779296875,415.3599853515625,53971000,MSFT
2024-11-01,404.74871826171875,410.3699951171875,415.5,407.5,409.010009765625,24230400,MSFT
2024-11-04,402.8648681640625,408.4599914550781,410.4200134277344,405.57000732421875,409.79998779296875,19672300,MSFT
2024-11-05,405.82379150390625,411.4599914550781,414.8999938964844,408.0799865722656,408.3699951171875,17626000,MSFT
2024-11-06,414.42431640625,420.17999267578125,420.45001220703125,410.5199890136719,412.4200134277344,26681800,MSFT
2024-11-07,419.6023864746094,425.42999267578125,426.8500061035156,419.8800048828125,421.2799987792969,19901800,MSFT
2024-11-08,416.75201416015625,422.5400085449219,426.5,421.7799987792969,425.32000732421875,16891400,MSFT
2024-11-11,412.2840881347656,418.010009765625,424.80999755859375,416.0,422.5199890136719,24503300,MSFT
2024-11-12,417.23529052734375,423.0299987792969,424.44000244140625,417.20001220703125,418.25,19401200,MSFT
2024-11-13,419.37554931640625,425.20001220703125,429.3299865722656,418.2099914550781,421.6400146484375,21502200,MSFT
2024-11-14,421.0424499511719,426.8900146484375,428.1700134277344,420.0,425.0,30246900,MSFT
2024-11-15,409.3153381347656,415.0,422.79998779296875,413.6400146484375,419.82000732421875,28247600,MSFT
2024-11-18,410.0649108886719,415.760009765625,418.3999938964844,412.1000061035156,414.8699951171875,24727000,MSFT
2024-11-19,412.06707763671875,417.7900085449219,417.94000244140625,411.54998779296875,413.1099853515625,18133500,MSFT
2024-11-20,409.798583984375,415.489990234375,417.2900085449219,410.5799865722656,416.8699951171875,19191700,MSFT
2024-11-21,408.0295715332031,412.8699951171875,419.7799987792969,410.2900085449219,419.5,20780200,MSFT
2024-11-22,412.11114501953125,417.0,417.3999938964844,411.05999755859375,411.3699951171875,24814600,MSFT
2024-11-25,413.8801574707031,418.7900085449219,421.0799865722656,414.8500061035156,418.3800048828125,27691100,MSFT
2024-11-26,422.9722900390625,427.989990234375,429.0400085449219,418.8500061035156,419.5899963378906,23458900,MSFT
2024-11-27,418.0309143066406,422.989990234375,427.2300109863281,422.0199890136719,425.1099853515625,18332400,MSFT
2024-11-29,418.49542236328125,423.4599914550781,424.8800048828125,417.79998779296875,420.0899963378906,16271900,MSFT
2024-12-02,425.9272766113281,430.9800109863281,433.0,421.30999755859375,421.57000732421875,20207200,MSFT
2024-12-03,426.1446838378906,431.20001220703125,432.4700012207031,427.739990234375,429.8399963378906,18302000,MSFT
2024-12-04,432.291748046875,437.4200134277344,439.6700134277344,432.6300048828125,433.0299987792969,26009400,MSFT
2024-12-05,437.4307861328125,442.6199951171875,444.6600036621094,436.1700134277344,437.9200134277344,21697800,MSFT
2024-12-06,438.3696594238281,443.57000732421875,446.1000061035156,441.7699890136719,442.29998779296875,18821000,MSFT
2024-12-09,440.7909240722656,446.0199890136719,448.3299865722656,440.5,442.6000061035156,19144400,MSFT
2024-12-10,438.1324462890625,443.3299865722656,449.6199951171875,441.6000061035156,444.3900146484375,18469500,MSFT
2024-12-11,443.7261047363281,448.989990234375,450.3500061035156,444.04998779296875,444.04998779296875,19200200,MSFT
2024-12-12,444.2893981933594,449.55999755859375,456.1600036621094,449.1099853515625,449.1099853515625,20834800,MSFT
2024-12-13,442.0262145996094,447.2699890136719,451.42999267578125,445.5799865722656,448.44000244140625,20177800,MSFT
2024-12-16,446.295654296875,451.5899963378906,452.17999267578125,445.2799987792969,447.2699890136719,23598800,MSFT
2024-12-17,449.1319885253906,454.4599914550781,455.2900085449219,449.57000732421875,451.010009765625,22733500,MSFT
2024-12-18,432.2621154785156,437.3900146484375,452.6499938964844,437.0199890136719,451.32000732421875,24444500,MSFT
2024-12-19,431.9062805175781,437.0299987792969,443.17999267578125,436.32000732421875,441.6199951171875,22963700,MSFT
2024-12-20,431.4814147949219,436.6000061035156,443.739990234375,428.6300048828125,433.1099853515625,64263700,MSFT
2024-12-23,430.147216796875,435.25,437.6499938964844,432.8299865722656,436.739990234375,19152500,MSFT
2024-12-24,434.1793212890625,439.3299865722656,439.6000061035156,434.19000244140625,434.6499938964844,7164500,MSFT
2024-12-26,432.9736328125,438.1099853515625,440.94000244140625,436.6300048828125,439.0799865722656,8194200,MSFT
2024-12-27,425.4825439453125,430.5299987792969,435.2200012207031,426.3500061035156,434.6000061035156,18117700,MSFT
2024-12-30,419.8493347167969,424.8299865722656,427.54998779296875,421.8999938964844,426.05999755859375,13158700,MSFT
2024-12-31,416.55841064453125,421.5,426.7300109863281,420.6600036621094,426.1000061035156,13246500,MSFT
2025-01-02,413.6726379394531,418.5799865722656,426.07000732421875,414.8500061035156,425.5299987792969,16896500,MSFT
2025-01-03,418.3867492675781,423.3500061035156,424.0299987792969,419.5400085449219,421.0799865722656,16662900,MSFT
2025-01-06,422.83392333984375,427.8500061035156,434.32000732421875,425.4800109863281,428.0,20573600,MSFT
2025-01-07,417.418212890625,422.3699951171875,430.6499938964844,420.79998779296875,429.0,18139100,MSFT
2025-01-08,419.58258056640625,424.55999755859375,426.9700012207031,421.5400085449219,423.4599914550781,15054600,MSFT
2025-01-10,414.0382995605469,418.95001220703125,424.7099914550781,415.0199890136719,424.6300048828125,20201100,MSFT
2025-01-13,412.2989807128906,417.19000244140625,418.5,412.2900085449219,415.239990234375,17604800,MSFT
2025-01-14,410.7967529296875,415.6700134277344,419.739990234375,410.7200012207031,417.80999755859375,16935900,MSFT
2025-01-15,421.3119812011719,426.30999755859375,428.1499938964844,418.2699890136719,419.1300048828125,19637800,MSFT
2025-01-16,419.60223388671875,424.5799865722656,429.489990234375,424.3900146484375,428.70001220703125,15300000,MSFT
2025-01-17,424.0000915527344,429.0299987792969,434.4800109863281,428.1700134277344,434.0899963378906,26197500,MSFT
2025-01-21,423.4763488769531,428.5,430.8999938964844,425.6000061035156,430.20001220703125,26085700,MSFT
2025-01-22,440.96881103515625,446.20001220703125,447.2699890136719,436.0,437.55999755859375,27803800,MSFT
2025-01-23,441.4728698730469,446.7099914550781,446.75,441.5,442.0,18389300,MSFT
2025-01-24,438.8538818359375,444.05999755859375,446.6499938964844,441.3999938964844,445.1600036621094,15549500,MSFT
2025-01-27,429.46527099609375,434.55999755859375,435.20001220703125,423.5,424.010009765625,35647800,MSFT
2025-01-28,441.95709228515625,447.20001220703125,448.3800048828125,431.3800048828125,434.6000061035156,23491700,MSFT
2025-01-29,437.1441955566406,442.3299865722656,446.8800048828125,440.3999938964844,446.69000244140625,23581400,MSFT
2025-01-30,410.12469482421875,414.989990234375,422.8599853515625,413.1600036621094,418.7699890136719,54586300,MSFT
2025-01-31,410.19390869140625,415.05999755859375,420.69000244140625,414.9100036621094,418.9800109863281,34161900,MSFT
2025-02-03,406.1024169921875,410.9200134277344,415.4100036621094,408.6600036621094,411.6000061035156,25679100,MSFT
2025-02-04,407.5354309082031,412.3699951171875,413.9200134277344,409.739990234375,412.69000244140625,20532100,MSFT
2025-02-05,408.44464111328125,413.2900085449219,413.8299865722656,410.3999938964844,412.3500061035156,16316700,MSFT
2025-02-06,410.94500732421875,415.82000732421875,418.20001220703125,414.0,414.0,16309800,MSFT
2025-02-07,404.9461669921875,409.75,418.6499938964844,408.1000061035156,416.4800109863281,22886800,MSFT
2025-02-10,407.38720703125,412.2200012207031,415.4599914550781,410.9200134277344,413.7099914550781,20817900,MSFT
2025-02-11,406.6163635253906,411.44000244140625,412.489990234375,409.29998779296875,409.6400146484375,18140600,MSFT
2025-02-12,404.2444763183594,409.0400085449219,410.75,404.3699951171875,407.2099914550781,19121700,MSFT
2025-02-13,405.7268981933594,410.5400085449219,411.0,406.3599853515625,407.0,23891700,MSFT
2025-02-14,403.6416320800781,408.42999267578125,408.9100036621094,405.8800048828125,407.7900085449219,22758500,MSFT
2025-02-18,404.8374938964844,409.6400146484375,410.6000061035156,406.5,408.0,21423100,MSFT
2025-02-19,409.9072570800781,414.7699890136719,415.489990234375,407.6499938964844,407.8800048828125,24114200,MSFT
2025-02-20,412.07598876953125,416.1300048828125,419.30999755859375,412.5400085449219,415.2900085449219,23508700,MSFT
2025-02-21,404.2331237792969,408.2099914550781,418.04998779296875,407.8900146484375,417.3399963378906,27524800,MSFT
2025-02-24,400.06414794921875,404.0,409.3699951171875,399.32000732421875,408.510009765625,26443700,MSFT
2025-02-25,394.0235595703125,397.8999938964844,401.9200134277344,396.70001220703125,401.1000061035156,29387400,MSFT
2025-02-26,395.83575439453125,399.7300109863281,403.6000061035156,394.25,398.010009765625,19619000,MSFT
2025-02-27,388.7058410644531,392.5299987792969,405.739990234375,392.1700134277344,401.2699890136719,21127400,MSFT
2025-02-28,393.1224060058594,396.989990234375,397.6300048828125,386.57000732421875,392.6600036621094,32845700,MSFT
2025-03-03,384.7052001953125,388.489990234375,398.82000732421875,386.1600036621094,398.82000732421875,23007700,MSFT
2025-03-04,384.82403564453125,388.6099853515625,392.5799865722656,381.0,383.3999938964844,29342900,MSFT
2025-03-05,397.1131591796875,401.0199890136719,401.6700134277344,388.80999755859375,389.3399963378906,23433100,MSFT
2025-03-06,393.02337646484375,396.8900146484375,402.1499938964844,392.67999267578125,394.2799987792969,23304600,MSFT
2025-03-07,389.4783020019531,393.30999755859375,394.79998779296875,385.5400085449219,392.32000732421875,22034100,MSFT
2025-03-10,376.4563903808594,380.1600036621094,386.3999938964844,377.2200012207031,385.8399963378906,32840100,MSFT
2025-03-11,376.74359130859375,380.45001220703125,386.0,376.9100036621094,379.0,30380200,MSFT
2025-03-12,379.5361022949219,383.2699890136719,385.2200012207031,378.95001220703125,382.95001220703125,24253600,MSFT
2025-03-13,375.0799255371094,378.7699890136719,385.32000732421875,377.45001220703125,383.1600036621094,20473000,MSFT
2025-03-14,384.7745361328125,388.55999755859375,390.2300109863281,379.510009765625,379.7799987792969,19952800,MSFT
2025-03-17,384.9132080078125,388.70001220703125,392.7099914550781,385.57000732421875,386.70001220703125,22474300,MSFT
2025-03-18,379.78363037109375,383.5199890136719,387.3699951171875,381.1000061035156,387.07000732421875,19486900,MSFT
2025-03-19,384.0417785644531,387.82000732421875,389.67999267578125,384.0,385.5299987792969,19185500,MSFT
2025-03-20,383.07135009765625,386.8399963378906,391.7900085449219,383.2799987792969,385.739990234375,18470500,MSFT
2025-03-21,387.4482727050781,391.260009765625,391.739990234375,382.79998779296875,383.2200012207031,39675900,MSFT
2025-03-24,389.25048828125,393.0799865722656,395.3999938964844,389.80999755859375,395.3999938964844,21004500,MSFT
2025-03-25,391.31024169921875,395.1600036621094,396.3599853515625,392.6400146484375,393.9200134277344,15775000,MSFT
2025-03-26,386.17083740234375,389.9700012207031,395.30999755859375,388.57000732421875,395.0,16108400,MSFT
2025-03-27,386.77490234375,390.5799865722656,392.239990234375,387.3999938964844,390.1300048828125,13766800,MSFT
2025-03-28,375.109619140625,378.79998779296875,389.1300048828125,376.92999267578125,388.0799865722656,21632000,MSFT
2025-03-31,371.7329406738281,375.3900146484375,377.07000732421875,367.239990234375,372.5400085449219,35184700,MSFT
2025-04-01,378.46661376953125,382.19000244140625,382.8500061035156,373.2300109863281,374.6499938964844,19689500,MSFT
2025-04-02,378.4171142578125,382.1400146484375,385.0799865722656,376.6199951171875,377.9700012207031,16092600,MSFT
2025-04-03,369.4750671386719,373.1099853515625,377.4800109863281,369.3500061035156,374.7900085449219,30198000,MSFT
2025-04-04,356.3343200683594,359.8399963378906,374.5899963378906,359.4800109863281,364.1300048828125,49209900,MSFT
2025-04-07,354.3736267089844,357.8599853515625,371.0,344.7900085449219,350.8800048828125,50425000,MSFT
2025-04-08,351.1058044433594,354.55999755859375,373.6499938964844,350.25,368.260009765625,35868900,MSFT
2025-04-09,386.68572998046875,390.489990234375,393.2300109863281,353.1000061035156,353.5400085449219,50199700,MSFT
2025-04-10,377.63482666015625,381.3500061035156,383.8999938964844,367.79998779296875,382.05999755859375,38024400,MSFT
2025-04-11,384.6656188964844,388.45001220703125,390.04998779296875,378.8900146484375,380.6400146484375,23839200,MSFT
2025-04-14,384.0318603515625,387.80999755859375,394.6499938964844,384.2099914550781,393.2200012207031,19251200,MSFT
2025-04-15,381.9721374511719,385.7300109863281,391.8900146484375,384.1600036621094,388.510009765625,17199900,MSFT
2025-04-16,367.9896545410156,371.6099853515625,381.6099853515625,368.0,380.6700134277344,21967800,MSFT
2025-04-17,364.1969909667969,367.7799987792969,374.32000732421875,366.8900146484375,373.75,21120200,MSFT
2025-04-21,355.62139892578125,359.1199951171875,364.4800109863281,355.6700134277344,362.82000732421875,20807300,MSFT
2025-04-22,363.246337890625,366.82000732421875,367.7699890136719,359.8599853515625,363.3800048828125,19485000,MSFT
2025-04-23,370.74261474609375,374.3900146484375,380.3900146484375,373.0199890136719,376.05999755859375,20545500,MSFT
2025-04-24,383.5267639160156,387.29998779296875,388.45001220703125,375.19000244140625,375.70001220703125,22232300,MSFT
2025-04-25,388.0325012207031,391.8500061035156,392.1600036621094,384.6000061035156,387.0,18973200,MSFT
2025-04-28,387.3492431640625,391.1600036621094,392.739990234375,386.6400146484375,391.9599914550781,16579400,MSFT
2025-04-29,390.201171875,394.0400085449219,395.1000061035156,390.3800048828125,391.29998779296875,14974000,MSFT
2025-04-30,391.4092712402344,395.260009765625,396.6600036621094,384.44000244140625,390.29998779296875,36461100,MSFT
2025-05-01,421.25567626953125,425.3999938964844,436.989990234375,424.8999938964844,431.1099853515625,58938100,MSFT
2025-05-02,431.0393981933594,435.2799987792969,439.44000244140625,429.989990234375,431.739990234375,30757400,MSFT
2025-05-05,431.9207458496094,436.1700134277344,439.5,432.1099853515625,432.8699951171875,20136100,MSFT
2025-05-06,429.08856201171875,433.30999755859375,437.7300109863281,431.1700134277344,432.20001220703125,15104200,MSFT
2025-05-07,429.1282043457031,433.3500061035156,438.1199951171875,431.1099853515625,433.8399963378906,23295300,MSFT
2025-05-08,433.9012451171875,438.1700134277344,443.6700134277344,435.6600036621094,437.92999267578125,23491300,MSFT
2025-05-09,434.4557800292969,438.7300109863281,440.739990234375,435.8800048828125,440.0,15324200,MSFT
2025-05-12,444.88323974609375,449.260009765625,449.3699951171875,439.7799987792969,445.94000244140625,22821900,MSFT
2025-05-13,444.7643737792969,449.1400146484375,450.6700134277344,445.3599853515625,447.7799987792969,23618800,MSFT
2025-05-14,448.52734375,452.94000244140625,453.8999938964844,448.1400146484375,448.1400146484375,19902800,MSFT
2025-05-15,449.539306640625,453.1300048828125,456.19000244140625,450.42999267578125,450.7699890136719,21992300,MSFT
2025-05-16,450.67022705078125,454.2699890136719,454.3599853515625,448.7300109863281,452.04998779296875,23849800,MSFT
2025-05-19,455.2337646484375,458.8699951171875,459.5899963378906,450.79998779296875,450.8800048828125,21336500,MSFT
2025-05-20,454.5393371582031,458.1700134277344,458.3399963378906,454.32000732421875,455.5899963378906,15441800,MSFT
2025-05-21,448.9837341308594,452.57000732421875,457.7799987792969,451.80999755859375,454.57000732421875,19216900,MSFT
2025-05-22,451.2555847167969,454.8599853515625,460.25,453.8999938964844,454.95001220703125,18025600,MSFT
2025-05-23,446.6126403808594,450.17999267578125,453.69000244140625,448.9100036621094,449.9800109863281,16883500,MSFT
2025-05-27,457.03936767578125,460.69000244140625,460.95001220703125,456.1199951171875,456.4800109863281,20974300,MSFT
2025-05-28,453.7357177734375,457.3599853515625,462.5199890136719,456.92999267578125,461.2200012207031,17086300,MSFT
2025-05-29,455.0453186035156,458.67999267578125,461.7200012207031,455.30999755859375,461.54998779296875,13974800,MSFT
2025-05-30,456.7119445800781,460.3599853515625,461.67999267578125,455.5400085449219,459.7200012207031,34770500,MSFT
2025-06-02,458.3092346191406,461.9700012207031,462.1099853515625,456.8900146484375,457.1400146484375,16626500,MSFT
2025-06-03,459.30126953125,462.9700012207031,464.1400146484375,460.8599853515625,461.4700012207031,15743800,MSFT
2025-06-04,460.19415283203125,463.8699951171875,465.69000244140625,463.0199890136719,464.0,14162700,MSFT
2025-06-05,463.9739685058594,467.67999267578125,469.6499938964844,464.0299987792969,464.9599914550781,20131700,MSFT
2025-06-06,466.652587890625,470.3800048828125,473.3399963378906,468.7799987792969,470.0899963378906,15285600,MSFT
2025-06-09,469.0038146972656,472.75,473.42999267578125,468.6199951171875,469.70001220703125,16469900,MSFT
2025-06-10,467.1883239746094,470.9200134277344,472.79998779296875,466.9599914550781,471.19000244140625,15375900,MSFT
2025-06-11,468.87481689453125,472.6199951171875,475.4700012207031,469.6600036621094,470.0199890136719,16399200,MSFT
2025-06-12,475.0752868652344,478.8699951171875,480.4200134277344,473.5199890136719,475.0199890136719,18950600,MSFT
2025-06-13,471.1962890625,474.9599914550781,479.17999267578125,472.760009765625,476.4100036621094,16814500,MSFT
2025-06-16,475.3431701660156,479.1400146484375,480.69000244140625,475.0,475.2099914550781,15626100,MSFT
2025-06-17,474.25189208984375,478.0400085449219,478.739990234375,474.0799865722656,475.3999938964844,15414100,MSFT
2025-06-18,476.4344177246094,480.239990234375,481.0,474.4599914550781,478.0,17526500,MSFT
2025-06-20,473.6169738769531,477.3999938964844,483.4599914550781,476.8699951171875,482.2300109863281,37576200,MSFT
2025-06-23,482.1488037109375,486.0,487.75,472.510009765625,478.2099914550781,24864000,MSFT
2025-06-24,486.2261962890625,490.1099853515625,491.8500061035156,486.79998779296875,488.95001220703125,22305600,MSFT
2025-06-25,488.3691101074219,492.2699890136719,494.55999755859375,489.3900146484375,492.0400085449219,17495100,MSFT
2025-06-26,493.5080871582031,497.45001220703125,498.0400085449219,492.80999755859375,492.9800109863281,21578900,MSFT
2025-06-27,492.0100402832031,495.94000244140625,499.29998779296875,493.0299987792969,497.54998779296875,34539200,MSFT
2025-06-30,493.4684143066406,497.4100036621094,500.760009765625,495.3299865722656,497.0400085449219,28369000,MSFT
2025-07-01,488.1508483886719,492.04998779296875,498.04998779296875,490.9800109863281,496.4700012207031,19945400,MSFT
2025-07-02,487.198486328125,491.0899963378906,493.5,488.70001220703125,489.989990234375,16319600,MSFT
2025-07-03,494.8870849609375,498.8399963378906,500.1300048828125,493.44000244140625,493.80999755859375,13984800,MSFT
2025-07-07,493.77593994140625,497.7200012207031,498.75,495.2300109863281,497.3800048828125,13981600,MSFT
2025-07-08,492.68463134765625,496.6199951171875,498.20001220703125,494.1099853515625,497.239990234375,11846600,MSFT
2025-07-09,499.5200500488281,503.510009765625,506.7799987792969,499.739990234375,500.29998779296875,18659500,MSFT
2025-07-10,497.50616455078125,501.4800109863281,504.44000244140625,497.75,503.04998779296875,16492100,MSFT
2025-07-11,499.33154296875,503.32000732421875,505.0299987792969,497.79998779296875,498.4700012207031,16459500,MSFT
2025-07-14,499.033935546875,503.0199890136719,503.9700012207031,501.0299987792969,501.5199890136719,12058800,MSFT
2025-07-15,501.8117370605469,505.82000732421875,508.29998779296875,502.7900085449219,503.0199890136719,14927200,MSFT
2025-07-16,501.61334228515625,505.6199951171875,506.7200012207031,501.8900146484375,505.17999267578125,15154400,MSFT
2025-07-17,507.6451721191406,511.70001220703125,513.3699951171875,505.6199951171875,505.67999267578125,17503100,MSFT
2025-07-18,506.0082092285156,510.04998779296875,514.6400146484375,507.42999267578125,514.47998046875,21209700,MSFT
2025-07-21,506.0181579589844,510.05999755859375,512.0900268554688,505.54998779296875,506.7099914550781,14066800,MSFT
2025-07-22,501.26611328125,505.2699890136719,511.20001220703125,505.2699890136719,510.9700012207031,13868600,MSFT
2025-07-23,501.861328125,505.8699951171875,506.7900085449219,500.70001220703125,506.75,16396600,MSFT
2025-07-24,506.8316650390625,510.8800048828125,513.6699829101562,507.29998779296875,508.7699890136719,16107000,MSFT
2025-07-25,509.6392517089844,513.7100219726562,518.2899780273438,510.3599853515625,512.469970703125,19125700,MSFT
2025-07-28,508.4388122558594,512.5,515.0,510.1199951171875,514.0800170898438,14308000,MSFT
2025-07-29,508.5082702636719,512.5700073242188,517.6199951171875,511.55999755859375,515.530029296875,16469200,MSFT
2025-07-30,509.1729431152344,513.239990234375,515.9500122070312,509.44000244140625,515.1699829101562,26380400,MSFT
2025-07-31,529.2723388671875,533.5,555.4500122070312,531.9000244140625,555.22998046875,51617300,MSFT
2025-08-01,519.956787109375,524.1099853515625,535.7999877929688,520.8599853515625,535.0,28977600,MSFT
2025-08-04,531.3954467773438,535.6400146484375,538.25,528.1300048828125,528.27001953125,25349000,MSFT
2025-08-05,523.5679321289062,527.75,537.2999877929688,527.239990234375,537.1799926757812,19171600,MSFT
2025-08-06,520.7802124023438,524.9400024414062,531.7000122070312,524.030029296875,530.9000244140625,21355700,MSFT
2025-08-07,516.7127075195312,520.8400268554688,528.0900268554688,517.5499877929688,526.7999877929688,16079100,MSFT
2025-08-08,517.9032592773438,522.0399780273438,524.6599731445312,519.4099731445312,522.5999755859375,15531000,MSFT
2025-08-11,517.6353759765625,521.77001953125,527.5900268554688,519.719970703125,522.2999877929688,20194400,MSFT
2025-08-12,525.0462036132812,529.239990234375,530.97998046875,522.7000122070312,523.75,18667000,MSFT
2025-08-13,516.4547729492188,520.5800170898438,532.7000122070312,519.3699951171875,532.1099853515625,19619200,MSFT
2025-08-14,518.3396606445312,522.47998046875,525.9500122070312,520.1400146484375,522.5599975585938,20269100,MSFT
2025-08-15,516.0480346679688,520.1699829101562,526.0999755859375,519.0800170898438,522.77001953125,25213300,MSFT
2025-08-18,513.0023193359375,517.0999755859375,522.8200073242188,514.02001953125,521.5900268554688,23760600,MSFT
2025-08-19,505.73046875,509.7699890136719,515.1599731445312,508.54998779296875,515.0,21481000,MSFT
2025-08-20,501.7125244140625,505.7200012207031,511.0,504.44000244140625,509.8699951171875,27723000,MSFT
2025-08-21,501.0666198730469,504.239990234375,507.6300048828125,502.7200012207031,503.69000244140625,18443300,MSFT
2025-08-22,504.0378112792969,507.2300109863281,510.7300109863281,502.4100036621094,504.25,24324200,MSFT
2025-08-25,501.0865173339844,504.260009765625,508.19000244140625,504.1199951171875,506.6300048828125,21638600,MSFT
2025-08-26,498.8804931640625,502.0400085449219,504.9800109863281,498.510009765625,504.3599853515625,30835700,MSFT
2025-08-27,503.5509033203125,506.739990234375,507.2900085449219,499.8999938964844,502.0,17277900,MSFT
2025-08-28,506.4326477050781,509.6400146484375,511.0899963378906,505.5,507.0899963378906,18015600,MSFT
2025-08-29,503.5011901855469,506.69000244140625,509.6000061035156,504.489990234375,508.6600036621094,20961600,MSFT
2025-09-02,501.9410705566406,505.1199951171875,506.0,496.80999755859375,500.4700012207031,18128000,MSFT
2025-09-03,502.1696472167969,505.3500061035156,507.7900085449219,502.32000732421875,503.7900085449219,16345100,MSFT
2025-09-04,504.7731628417969,507.9700012207031,508.1499938964844,503.1499938964844,504.29998779296875,15509500,MSFT
2025-09-05,491.884765625,495.0,511.9700012207031,492.3699951171875,509.07000732421875,31994800,MSFT
2025-09-08,495.06463623046875,498.20001220703125,501.20001220703125,495.0299987792969,498.1099853515625,16771000,MSFT
2025-09-09,495.2733154296875,498.4100036621094,502.25,497.70001220703125,501.42999267578125,14410500,MSFT
2025-09-10,497.2209777832031,500.3699951171875,503.2300109863281,496.7200012207031,502.9800109863281,21611800,MSFT
2025-09-11,497.85699462890625,501.010009765625,503.1700134277344,497.8800048828125,502.25,18881600,MSFT
2025-09-12,506.6910095214844,509.8999938964844,512.5499877929688,503.8500061035156,506.6499938964844,23624900,MSFT
2025-09-15,512.1166381835938,515.3599853515625,515.469970703125,507.0,508.7900085449219,17143800,MSFT
2025-09-16,505.83642578125,509.0400085449219,517.22998046875,508.6000061035156,516.8800048828125,19711900,MSFT
2025-09-17,506.81024169921875,510.0199890136719,511.2900085449219,505.92999267578125,510.6199951171875,15816600,MSFT
2025-09-18,505.2501525878906,508.45001220703125,513.0700073242188,507.6600036621094,511.489990234375,18913700,MSFT
2025-09-19,514.6704711914062,517.9299926757812,519.2999877929688,510.30999755859375,510.55999755859375,52474100,MSFT
2025-09-22,511.21240234375,514.4500122070312,517.739990234375,512.5399780273438,515.5900268554688,20009300,MSFT
2025-09-23,506.0252685546875,509.2300109863281,514.5900268554688,507.30999755859375,513.7999877929688,19799600,MSFT
2025-09-24,506.9394226074219,510.1499938964844,512.47998046875,506.9200134277344,510.3800048828125,13533700,MSFT
2025-09-25,503.83905029296875,507.0299987792969,510.010009765625,505.0400085449219,508.29998779296875,15786500,MSFT
2025-09-26,508.2411804199219,511.4599914550781,513.9400024414062,506.6199951171875,510.05999755859375,16213100,MSFT
2025-09-29,511.3613586425781,514.5999755859375,516.8499755859375,508.8800048828125,511.5,17617800,MSFT
2025-09-30,514.6903686523438,517.9500122070312,518.1599731445312,509.6600036621094,513.239990234375,19728200,MSFT
2025-10-01,516.4392700195312,519.7100219726562,520.510009765625,511.69000244140625,514.7999877929688,22632300,MSFT
2025-10-02,512.4942626953125,515.739990234375,521.5999755859375,510.67999267578125,517.6400146484375,21222900,MSFT
2025-10-03,514.0940551757812,517.3499755859375,520.489990234375,515.0,517.0999755859375,15112300,MSFT
2025-10-06,525.2435302734375,528.5700073242188,531.030029296875,518.2000122070312,518.6099853515625,21388600,MSFT
2025-10-07,520.682373046875,523.97998046875,529.7999877929688,521.4400024414062,528.2899780273438,14615200,MSFT
2025-10-08,521.546875,524.8499755859375,526.9500122070312,523.0900268554688,523.280029296875,13363400,MSFT
2025-10-09,519.1123657226562,522.4000244140625,524.3300170898438,517.4000244140625,522.3400268554688,18343600,MSFT
2025-10-10,507.74432373046875,510.9599914550781,523.5800170898438,509.6300048828125,519.6400146484375,24133800,MSFT
2025-10-13,510.8148498535156,514.0499877929688,516.4099731445312,511.67999267578125,516.4099731445312,14284200,MSFT
2025-10-14,510.3379211425781,513.5700073242188,515.280029296875,506.0,510.2300109863281,14684300,MSFT
2025-10-15,510.19879150390625,513.4299926757812,517.1900024414062,510.0,514.9600219726562,14694700,MSFT
2025-10-16,508.3902282714844,511.6099853515625,516.8499755859375,508.1300048828125,512.5800170898438,15559600,MSFT
2025-10-17,510.3478698730469,513.5800170898438,515.47998046875,507.30999755859375,509.0400085449219,19867800,MSFT
2025-10-20,513.53759765625,516.7899780273438,518.7000122070312,513.4299926757812,514.6099853515625,14665600,MSFT
2025-10-21,514.4021606445312,517.6599731445312,518.6900024414062,513.0399780273438,517.5,15586200,MSFT
2025-10-22,517.2640991210938,520.5399780273438,525.22998046875,517.7100219726562,521.1500244140625,18962700,MSFT
2025-10-23,517.283935546875,520.5599975585938,523.9500122070312,518.6099853515625,522.4600219726562,14023500,MSFT
2025-10-24,520.314697265625,523.6099853515625,525.3499755859375,520.7100219726562,522.7899780273438,15532400,MSFT
2025-10-27,528.1749877929688,531.52001953125,534.5800170898438,529.010009765625,531.780029296875,18734700,MSFT
2025-10-28,538.6585693359375,542.0700073242188,553.719970703125,540.77001953125,550.0,29986700,MSFT
2025-10-29,538.141845703125,541.5499877929688,546.27001953125,536.72998046875,544.9400024414062,36023000,MSFT
2025-10-30,522.4512329101562,525.760009765625,534.969970703125,522.1199951171875,530.47998046875,41023100,MSFT
2025-10-31,514.5512084960938,517.8099975585938,529.3200073242188,515.0999755859375,528.8800048828125,34006400,MSFT
2025-11-03,513.7761840820312,517.030029296875,524.9600219726562,514.5900268554688,519.8099975585938,22374700,MSFT
2025-11-04,511.0931701660156,514.3300170898438,515.5499877929688,507.8399963378906,511.760009765625,20958700,MSFT
2025-11-05,503.96826171875,507.1600036621094,514.8300170898438,506.5799865722656,513.2999877929688,23024300,MSFT
2025-11-06,493.9715576171875,497.1000061035156,505.70001220703125,495.80999755859375,505.6600036621094,27406500,MSFT
2025-11-07,493.6933288574219,496.82000732421875,499.3800048828125,493.25,496.95001220703125,24019800,MSFT
2025-11-10,502.8155517578125,506.0,506.8500061035156,498.79998779296875,500.0400085449219,26101500,MSFT
2025-11-11,505.4786682128906,508.67999267578125,509.6000061035156,502.3500061035156,504.79998779296875,17980000,MSFT
2025-11-12,507.9232482910156,511.1400146484375,511.6700134277344,499.1199951171875,509.3599853515625,26574900,MSFT
2025-11-13,500.1225891113281,503.2900085449219,513.5,501.2900085449219,510.30999755859375,25273100,MSFT
2025-11-14,506.9692077636719,510.17999267578125,511.6000061035156,497.44000244140625,498.2300109863281,28505700,MSFT
2025-11-17,504.2961730957031,507.489990234375,512.1199951171875,504.9100036621094,508.45001220703125,19092800,MSFT
2025-11-18,490.6824035644531,493.7900085449219,502.9800109863281,486.7799987792969,495.3699951171875,33815100,MSFT
2025-11-19,484.0543518066406,487.1199951171875,495.19000244140625,482.8299865722656,490.1000061035156,23245300,MSFT
2025-11-20,476.308837890625,478.42999267578125,493.57000732421875,475.5,492.7099914550781,26802500,MSFT
2025-11-21,470.0268249511719,472.1199951171875,478.9200134277344,468.2699890136719,478.5,31769200,MSFT
2025-11-24,471.89849853515625,474.0,476.8999938964844,468.0199890136719,475.0,34421000,MSFT
2025-11-25,474.8752136230469,476.989990234375,479.1499938964844,464.8900146484375,474.07000732421875,28019800,MSFT
2025-11-26,483.3475341796875,485.5,488.30999755859375,481.20001220703125,486.30999755859375,25709100,MSFT
2025-11-28,489.82867431640625,492.010009765625,492.6300048828125,486.6499938964844,487.6000061035156,14386700,MSFT
2025-12-01,484.5820007324219,486.739990234375,489.8599853515625,484.6499938964844,488.44000244140625,23964000,MSFT
2025-12-02,487.82757568359375,490.0,493.5,486.32000732421875,486.7200012207031,19562700,MSFT
2025-12-03,475.6119689941406,477.7300109863281,484.239990234375,475.20001220703125,476.32000732421875,34615100,MSFT
2025-12-04,478.70819091796875,480.8399963378906,481.32000732421875,476.489990234375,479.760009765625,22318200,MSFT
2025-12-05,481.01788330078125,483.1600036621094,483.3999938964844,478.8800048828125,482.5199890136719,22608700,MSFT
2025-12-08,488.8430480957031,491.0199890136719,492.29998779296875,484.3800048828125,484.8900146484375,21965900,MSFT
2025-12-09,489.8385925292969,492.0199890136719,492.1199951171875,488.5,489.1000061035156,14696100,MSFT
2025-12-10,476.43829345703125,478.55999755859375,484.25,475.0799865722656,484.0299987792969,35756200,MSFT
2025-12-11,481.3265075683594,483.4700012207031,486.0299987792969,475.8599853515625,476.6300048828125,24669200,MSFT
2025-12-12,476.4084167480469,478.5299987792969,482.45001220703125,476.3399963378906,479.82000732421875,21248100,MSFT
2025-12-15,472.7148742675781,474.82000732421875,480.7200012207031,472.5199890136719,480.1000061035156,23727700,MSFT
2025-12-16,474.2779235839844,476.3900146484375,477.8900146484375,470.8800048828125,471.9100036621094,20705600,MSFT
2025-12-17,474.00909423828125,476.1199951171875,480.0,475.0,476.9100036621094,24527200,MSFT
2025-12-18,481.8342590332031,483.9800109863281,489.6000061035156,477.8900146484375,478.19000244140625,28573500,MSFT
2025-12-19,483.7656555175781,485.9200134277344,487.8500061035156,482.489990234375,487.3599853515625,70836100,MSFT
2025-12-22,482.7701110839844,484.9200134277344,488.7300109863281,482.69000244140625,486.1199951171875,16963000,MSFT
2025-12-23,484.6915283203125,486.8500061035156,487.8299865722656,484.739990234375,484.9800109863281,14683600,MSFT
2025-12-24,485.8563232421875,488.0199890136719,489.1600036621094,484.8299865722656,485.67999267578125,5855900,MSFT
2025-12-26,485.5476989746094,487.7099914550781,488.1199951171875,485.9599914550781,486.7099914550781,8842200,MSFT
2025-12-29,484.9404296875,487.1000061035156,488.3500061035156,484.17999267578125,484.8599853515625,10893400,MSFT
2025-12-30,485.3187255859375,487.4800109863281,489.67999267578125,485.5,485.92999267578125,13944500,MSFT
